!SESSION 2026-07-30 21:19:27.726 -----------------------------------------------
eclipse.buildId=4.39.0.20260108-0820
java.version=21.0.11
java.vendor=Eclipse Adoptium
BootLoader constants: OS=win32, ARCH=x86_64, WS=win32, NL=en_GB
Framework arguments:  -product org.eclipse.epp.package.jee.product
Command-line arguments:  -os win32 -ws win32 -arch x86_64 -product org.eclipse.epp.package.jee.product

This is a continuation of log file C:\Users\pso9043\Documents\eclipse\configuration\1785439169169.bak_5.log
Created Time: 2026-07-30 21:22:02.678

!ENTRY org.eclipse.tm4e.ui 2 0 2026-07-30 21:22:02.680
!MESSAGE Could not resolve module: org.eclipse.tm4e.ui [865]
  Unresolved requirement: Require-Bundle: org.eclipse.jface.text
    -> Bundle-SymbolicName: org.eclipse.jface.text; bundle-version="3.30.0.v20251218-1237"
       org.eclipse.jface.text [513]
         Unresolved requirement: Require-Bundle: org.eclipse.jface; bundle-version="[3.39.0,4.0.0)"
           -> Bundle-SymbolicName: org.eclipse.jface; bundle-version="3.39.0.v20260103-1533"; singleton:="true"
              org.eclipse.jface [510]
                Unresolved requirement: Require-Capability: eclipse.swt; filter:="(image.format=svg)"
                  -> Provide-Capability: eclipse.swt; image.format="svg"; version:Version="1.0.0"
                     org.eclipse.swt.svg [842]
                       Unresolved requirement: Fragment-Host: org.eclipse.swt
                       Unresolved requirement: Fragment-Host: org.eclipse.swt
                       Unresolved requirement: Fragment-Host: org.eclipse.swt
                       Unresolved requirement: Fragment-Host: org.eclipse.swt
                       Unresolved requirement: Fragment-Host: org.eclipse.swt
                       Unresolved requirement: Import-Package: com.github.weisj.jsvg; version="[2.1.0,3.0.0)"
                         -> Export-Package: com.github.weisj.jsvg; bundle-symbolic-name="com.github.weisj.jsvg"; bundle-version="2.1.0"; version="2.1.0"; uses:="com.github.weisj.jsvg.renderer,com.github.weisj.jsvg.renderer.animation,com.github.weisj.jsvg.renderer.output,com.github.weisj.jsvg.view,javax.swing"
                            com.github.weisj.jsvg [21]
                              Unresolved requirement: Require-Capability: osgi.serviceloader; osgi.serviceloader="com.github.weisj.jsvg.logging.LogManager"; filter:="(osgi.serviceloader=com.github.weisj.jsvg.logging.LogManager)"
                                -> Provide-Capability: osgi.serviceloader; osgi.serviceloader="com.github.weisj.jsvg.logging.LogManager"; register:="org.eclipse.swt.svg.logging.JVSGLoggerLogManager"
                              Unresolved requirement: Require-Capability: osgi.extender; filter:="(&(osgi.extender=osgi.serviceloader.processor)(version>=1.0.0)(!(version>=2.0.0)))"
                                -> Provide-Capability: osgi.extender; osgi.extender="osgi.serviceloader.processor"; version:Version="1.0.0"; uses:="org.apache.aries.spifly"
                                   org.apache.aries.spifly.dynamic.bundle [97]
                                     Bundle was not resolved because of a uses constraint violation.
  org.apache.felix.resolver.reason.ReasonException: Uses constraint violation. Unable to resolve resource org.apache.aries.spifly.dynamic.bundle [osgi.identity; type="osgi.bundle"; version:Version="1.3.7"; osgi.identity="org.apache.aries.spifly.dynamic.bundle"] because it is exposed to package 'org.objectweb.asm' from resources org.objectweb.asm [osgi.identity; type="osgi.bundle"; version:Version="9.9.1"; osgi.identity="org.objectweb.asm"] and org.objectweb.asm [osgi.identity; type="osgi.bundle"; version:Version="9.10.1"; osgi.identity="org.objectweb.asm"] via two dependency chains.

Chain 1:
  org.apache.aries.spifly.dynamic.bundle [osgi.identity; type="osgi.bundle"; version:Version="1.3.7"; osgi.identity="org.apache.aries.spifly.dynamic.bundle"]
    import: (&(osgi.wiring.package=org.objectweb.asm)(&(version>=9.6.0)(!(version>=10.0.0))))
     |
    export: osgi.wiring.package: org.objectweb.asm
  org.objectweb.asm [osgi.identity; type="osgi.bundle"; version:Version="9.9.1"; osgi.identity="org.objectweb.asm"]

Chain 2:
  org.apache.aries.spifly.dynamic.bundle [osgi.identity; type="osgi.bundle"; version:Version="1.3.7"; osgi.identity="org.apache.aries.spifly.dynamic.bundle"]
    import: (&(osgi.wiring.package=org.objectweb.asm.util)(&(version>=9.6.0)(!(version>=10.0.0))))
     |
    export: osgi.wiring.package=org.objectweb.asm.util; uses:=org.objectweb.asm
  org.objectweb.asm.util [osgi.identity; type="osgi.bundle"; version:Version="9.10.1"; osgi.identity="org.objectweb.asm.util"]
    import: (&(osgi.wiring.package=org.objectweb.asm)(&(version>=9.10.1)(!(version>=9.11.0))))
     |
    export: osgi.wiring.package: org.objectweb.asm
  org.objectweb.asm [osgi.identity; type="osgi.bundle"; version:Version="9.10.1"; osgi.identity="org.objectweb.asm"]                       Unresolved requirement: Import-Package: com.github.weisj.jsvg.logging; version="[2.1.0,3.0.0)"
                         -> Export-Package: com.github.weisj.jsvg.logging; bundle-symbolic-name="com.github.weisj.jsvg"; bundle-version="2.1.0"; version="2.1.0"
                       Unresolved requirement: Import-Package: com.github.weisj.jsvg.parser; version="[2.1.0,3.0.0)"
                         -> Export-Package: com.github.weisj.jsvg.parser; bundle-symbolic-name="com.github.weisj.jsvg"; bundle-version="2.1.0"; version="2.1.0"; uses:="com.github.weisj.jsvg,com.github.weisj.jsvg.paint,com.github.weisj.jsvg.parser.css,com.github.weisj.jsvg.parser.impl,com.github.weisj.jsvg.parser.resources,javax.xml.stream"
                       Unresolved requirement: Import-Package: com.github.weisj.jsvg.view; version="[2.1.0,3.0.0)"
                         -> Export-Package: com.github.weisj.jsvg.view; bundle-symbolic-name="com.github.weisj.jsvg"; bundle-version="2.1.0"; version="2.1.0"
         Unresolved requirement: Require-Capability: eclipse.swt; filter:="(image.format=svg)"
           -> Provide-Capability: eclipse.swt; image.format="svg"; version:Version="1.0.0"


!ENTRY org.eclipse.wst.xsl.doc 2 0 2026-07-30 21:22:02.693
!MESSAGE Could not resolve module: org.eclipse.wst.xsl.doc [1007]
  Unresolved requirement: Require-Bundle: org.eclipse.ui; bundle-version="[3.4.0,4.0.0)"
    -> Bundle-SymbolicName: org.eclipse.ui; bundle-version="3.208.0.v20251219-1043"; singleton:="true"
       org.eclipse.ui [866]
         Unresolved requirement: Require-Bundle: org.eclipse.jface; bundle-version="[3.34.0,4.0.0)"; visibility:="reexport"
           -> Bundle-SymbolicName: org.eclipse.jface; bundle-version="3.39.0.v20260103-1533"; singleton:="true"
              org.eclipse.jface [510]
                Unresolved requirement: Require-Capability: eclipse.swt; filter:="(image.format=svg)"
                  -> Provide-Capability: eclipse.swt; image.format="svg"; version:Version="1.0.0"
                     org.eclipse.swt.svg [842]
                       Unresolved requirement: Fragment-Host: org.eclipse.swt
                       Unresolved requirement: Fragment-Host: org.eclipse.swt
                       Unresolved requirement: Fragment-Host: org.eclipse.swt
                       Unresolved requirement: Fragment-Host: org.eclipse.swt
                       Unresolved requirement: Fragment-Host: org.eclipse.swt
                       Unresolved requirement: Import-Package: com.github.weisj.jsvg; version="[2.1.0,3.0.0)"
                         -> Export-Package: com.github.weisj.jsvg; bundle-symbolic-name="com.github.weisj.jsvg"; bundle-version="2.1.0"; version="2.1.0"; uses:="com.github.weisj.jsvg.renderer,com.github.weisj.jsvg.renderer.animation,com.github.weisj.jsvg.renderer.output,com.github.weisj.jsvg.view,javax.swing"
                            com.github.weisj.jsvg [21]
                              Unresolved requirement: Require-Capability: osgi.serviceloader; osgi.serviceloader="com.github.weisj.jsvg.logging.LogManager"; filter:="(osgi.serviceloader=com.github.weisj.jsvg.logging.LogManager)"
                                -> Provide-Capability: osgi.serviceloader; osgi.serviceloader="com.github.weisj.jsvg.logging.LogManager"; register:="org.eclipse.swt.svg.logging.JVSGLoggerLogManager"
                              Unresolved requirement: Require-Capability: osgi.extender; filter:="(&(osgi.extender=osgi.serviceloader.processor)(version>=1.0.0)(!(version>=2.0.0)))"
                                -> Provide-Capability: osgi.extender; osgi.extender="osgi.serviceloader.processor"; version:Version="1.0.0"; uses:="org.apache.aries.spifly"
                                   org.apache.aries.spifly.dynamic.bundle [97]
                                     Bundle was not resolved because of a uses constraint violation.
  org.apache.felix.resolver.reason.ReasonException: Uses constraint violation. Unable to resolve resource org.apache.aries.spifly.dynamic.bundle [osgi.identity; type="osgi.bundle"; version:Version="1.3.7"; osgi.identity="org.apache.aries.spifly.dynamic.bundle"] because it is exposed to package 'org.objectweb.asm' from resources org.objectweb.asm [osgi.identity; type="osgi.bundle"; version:Version="9.9.1"; osgi.identity="org.objectweb.asm"] and org.objectweb.asm [osgi.identity; type="osgi.bundle"; version:Version="9.10.1"; osgi.identity="org.objectweb.asm"] via two dependency chains.

Chain 1:
  org.apache.aries.spifly.dynamic.bundle [osgi.identity; type="osgi.bundle"; version:Version="1.3.7"; osgi.identity="org.apache.aries.spifly.dynamic.bundle"]
    import: (&(osgi.wiring.package=org.objectweb.asm)(&(version>=9.6.0)(!(version>=10.0.0))))
     |
    export: osgi.wiring.package: org.objectweb.asm
  org.objectweb.asm [osgi.identity; type="osgi.bundle"; version:Version="9.9.1"; osgi.identity="org.objectweb.asm"]

Chain 2:
  org.apache.aries.spifly.dynamic.bundle [osgi.identity; type="osgi.bundle"; version:Version="1.3.7"; osgi.identity="org.apache.aries.spifly.dynamic.bundle"]
    import: (&(osgi.wiring.package=org.objectweb.asm.util)(&(version>=9.6.0)(!(version>=10.0.0))))
     |
    export: osgi.wiring.package=org.objectweb.asm.util; uses:=org.objectweb.asm
  org.objectweb.asm.util [osgi.identity; type="osgi.bundle"; version:Version="9.10.1"; osgi.identity="org.objectweb.asm.util"]
    import: (&(osgi.wiring.package=org.objectweb.asm)(&(version>=9.10.1)(!(version>=9.11.0))))
     |
    export: osgi.wiring.package: org.objectweb.asm
  org.objectweb.asm [osgi.identity; type="osgi.bundle"; version:Version="9.10.1"; osgi.identity="org.objectweb.asm"]                       Unresolved requirement: Import-Package: com.github.weisj.jsvg.logging; version="[2.1.0,3.0.0)"
                         -> Export-Package: com.github.weisj.jsvg.logging; bundle-symbolic-name="com.github.weisj.jsvg"; bundle-version="2.1.0"; version="2.1.0"
                       Unresolved requirement: Import-Package: com.github.weisj.jsvg.parser; version="[2.1.0,3.0.0)"
                         -> Export-Package: com.github.weisj.jsvg.parser; bundle-symbolic-name="com.github.weisj.jsvg"; bundle-version="2.1.0"; version="2.1.0"; uses:="com.github.weisj.jsvg,com.github.weisj.jsvg.paint,com.github.weisj.jsvg.parser.css,com.github.weisj.jsvg.parser.impl,com.github.weisj.jsvg.parser.resources,javax.xml.stream"
                       Unresolved requirement: Import-Package: com.github.weisj.jsvg.view; version="[2.1.0,3.0.0)"
                         -> Export-Package: com.github.weisj.jsvg.view; bundle-symbolic-name="com.github.weisj.jsvg"; bundle-version="2.1.0"; version="2.1.0"
         Unresolved requirement: Require-Bundle: org.eclipse.ui.workbench; bundle-version="[3.130.0,4.0.0)"; visibility:="reexport"
           -> Bundle-SymbolicName: org.eclipse.ui.workbench; bundle-version="3.138.0.v20260103-1852"; singleton:="true"
              org.eclipse.ui.workbench [889]
                Unresolved requirement: Import-Package: org.eclipse.e4.ui.internal.workbench.renderers.swt
                  -> Export-Package: org.eclipse.e4.ui.internal.workbench.renderers.swt; bundle-symbolic-name="org.eclipse.e4.ui.workbench.renderers.swt"; bundle-version="0.17.0.v20251218-1448"; version="0.0.0"; x-friends:="org.eclipse.ui.workbench"
                     org.eclipse.e4.ui.workbench.renderers.swt [344]
                       Unresolved requirement: Require-Bundle: org.eclipse.e4.ui.bindings; bundle-version="0.9.0"
                         -> Bundle-SymbolicName: org.eclipse.e4.ui.bindings; bundle-version="0.15.0.v20251216-1230"; singleton:="true"
                            org.eclipse.e4.ui.bindings [330]
                              Unresolved requirement: Import-Package: org.eclipse.jface.window
                                -> Export-Package: org.eclipse.jface.window; bundle-symbolic-name="org.eclipse.jface"; bundle-version="3.39.0.v20260103-1533"; version="0.0.0"
                              Unresolved requirement: Import-Package: org.eclipse.jface.bindings.keys
                                -> Export-Package: org.eclipse.jface.bindings.keys; bundle-symbolic-name="org.eclipse.jface"; bundle-version="3.39.0.v20260103-1533"; version="0.0.0"
                              Unresolved requirement: Import-Package: org.eclipse.jface.bindings
                                -> Export-Package: org.eclipse.jface.bindings; bundle-symbolic-name="org.eclipse.jface"; bundle-version="3.39.0.v20260103-1533"; version="0.0.0"
                              Unresolved requirement: Import-Package: org.eclipse.jface.dialogs
                                -> Export-Package: org.eclipse.jface.dialogs; bundle-symbolic-name="org.eclipse.jface"; bundle-version="3.39.0.v20260103-1533"; version="0.0.0"
                       Unresolved requirement: Require-Bundle: org.eclipse.e4.ui.css.swt; bundle-version="0.11.0"
                         -> Bundle-SymbolicName: org.eclipse.e4.ui.css.swt; bundle-version="0.16.0.v20251216-1230"; singleton:="true"
                            org.eclipse.e4.ui.css.swt [332]
                              Unresolved requirement: Import-Package: org.eclipse.jface.resource
                                -> Export-Package: org.eclipse.jface.resource; bundle-symbolic-name="org.eclipse.jface"; bundle-version="3.39.0.v20260103-1533"; version="0.0.0"
                       Unresolved requirement: Require-Bundle: org.eclipse.e4.ui.workbench.swt; bundle-version="0.9.0"
                         -> Bundle-SymbolicName: org.eclipse.e4.ui.workbench.swt; bundle-version="0.18.0.v20251223-1034"; singleton:="true"
                            org.eclipse.e4.ui.workbench.swt [345]
                              Unresolved requirement: Require-Capability: eclipse.swt; filter:="(image.format=svg)"
                                -> Provide-Capability: eclipse.swt; image.format="svg"; version:Version="1.0.0"
                              Unresolved requirement: Require-Bundle: org.eclipse.e4.ui.css.swt; bundle-version="0.13.100"
                                -> Bundle-SymbolicName: org.eclipse.e4.ui.css.swt; bundle-version="0.16.0.v20251216-1230"; singleton:="true"
                              Unresolved requirement: Require-Bundle: org.eclipse.jface.databinding; bundle-version="[1.3.0,2.0.0)"
                                -> Bundle-SymbolicName: org.eclipse.jface.databinding; bundle-version="1.16.0.v20251216-1230"
                                   org.eclipse.jface.databinding [511]
                                     Unresolved requirement: Require-Bundle: org.eclipse.jface; bundle-version="[3.2.0,4.0.0)"
                                       -> Bundle-SymbolicName: org.eclipse.jface; bundle-version="3.39.0.v20260103-1533"; singleton:="true"
                              Unresolved requirement: Require-Bundle: org.eclipse.e4.ui.dialogs; bundle-version="1.1.600"
                                -> Bundle-SymbolicName: org.eclipse.e4.ui.dialogs; bundle-version="1.7.0.v20251222-0947"
                                   org.eclipse.e4.ui.dialogs [335]
                                     Unresolved requirement: Require-Capability: eclipse.swt; filter:="(image.format=svg)"
                                       -> Provide-Capability: eclipse.swt; image.format="svg"; version:Version="1.0.0"
                                     Unresolved requirement: Require-Bundle: org.eclipse.jface; bundle-version="3.39.0"
                                       -> Bundle-SymbolicName: org.eclipse.jface; bundle-version="3.39.0.v20260103-1533"; singleton:="true"
                              Unresolved requirement: Require-Bundle: org.eclipse.e4.ui.bindings; bundle-version="0.9.0"
                                -> Bundle-SymbolicName: org.eclipse.e4.ui.bindings; bundle-version="0.15.0.v20251216-1230"; singleton:="true"
                              Unresolved requirement: Require-Bundle: org.eclipse.jface; bundle-version="[3.39.0,4.0.0)"
                                -> Bundle-SymbolicName: org.eclipse.jface; bundle-version="3.39.0.v20260103-1533"; singleton:="true"
                              Unresolved requirement: Require-Bundle: org.eclipse.e4.ui.css.swt.theme; bundle-version="0.12.0"
                                -> Bundle-SymbolicName: org.eclipse.e4.ui.css.swt.theme; bundle-version="0.15.0.v20251216-1230"; singleton:="true"
                                   org.eclipse.e4.ui.css.swt.theme [333]
                                     Unresolved requirement: Require-Bundle: org.eclipse.e4.ui.css.swt; bundle-version="0.13.100"
                                       -> Bundle-SymbolicName: org.eclipse.e4.ui.css.swt; bundle-version="0.16.0.v20251216-1230"; singleton:="true"
                       Unresolved requirement: Require-Bundle: org.eclipse.jface; bundle-version="[3.15.0,4.0.0)"
                         -> Bundle-SymbolicName: org.eclipse.jface; bundle-version="3.39.0.v20260103-1533"; singleton:="true"
                       Unresolved requirement: Require-Capability: eclipse.swt; filter:="(image.format=svg)"
                         -> Provide-Capability: eclipse.swt; image.format="svg"; version:Version="1.0.0"
                Unresolved requirement: Import-Package: org.eclipse.e4.ui.workbench.renderers.swt
                  -> Export-Package: org.eclipse.e4.ui.workbench.renderers.swt; bundle-symbolic-name="org.eclipse.e4.ui.workbench.renderers.swt"; bundle-version="0.17.0.v20251218-1448"; version="0.0.0"; x-friends:="org.eclipse.e4.ui.workbench.addons.swt,org.eclipse.ui.workbench"
                Unresolved requirement: Import-Package: org.eclipse.e4.ui.internal.workbench.swt
                  -> Export-Package: org.eclipse.e4.ui.internal.workbench.swt; bundle-symbolic-name="org.eclipse.e4.ui.workbench.swt"; bundle-version="0.18.0.v20251223-1034"; version="0.0.0"; x-friends:="org.eclipse.e4.ui.workbench.addons.swt,  org.eclipse.e4.ui.workbench.renderers.swt,  org.eclipse.ui.workbench,  org.eclipse.e4.ui.bindings.tests"
         Unresolved requirement: Require-Capability: eclipse.swt; filter:="(image.format=svg)"
           -> Provide-Capability: eclipse.swt; image.format="svg"; version:Version="1.0.0"


!ENTRY org.eclipse.jface.databinding 2 0 2026-07-30 21:22:02.698
!MESSAGE Could not resolve module: org.eclipse.jface.databinding [511]
  Unresolved requirement: Require-Bundle: org.eclipse.jface; bundle-version="[3.2.0,4.0.0)"
    -> Bundle-SymbolicName: org.eclipse.jface; bundle-version="3.39.0.v20260103-1533"; singleton:="true"
       org.eclipse.jface [510]
         Unresolved requirement: Require-Capability: eclipse.swt; filter:="(image.format=svg)"
           -> Provide-Capability: eclipse.swt; image.format="svg"; version:Version="1.0.0"
              org.eclipse.swt.svg [842]
                Unresolved requirement: Fragment-Host: org.eclipse.swt
                Unresolved requirement: Fragment-Host: org.eclipse.swt
                Unresolved requirement: Fragment-Host: org.eclipse.swt
                Unresolved requirement: Fragment-Host: org.eclipse.swt
                Unresolved requirement: Fragment-Host: org.eclipse.swt
                Unresolved requirement: Import-Package: com.github.weisj.jsvg; version="[2.1.0,3.0.0)"
                  -> Export-Package: com.github.weisj.jsvg; bundle-symbolic-name="com.github.weisj.jsvg"; bundle-version="2.1.0"; version="2.1.0"; uses:="com.github.weisj.jsvg.renderer,com.github.weisj.jsvg.renderer.animation,com.github.weisj.jsvg.renderer.output,com.github.weisj.jsvg.view,javax.swing"
                     com.github.weisj.jsvg [21]
                       Unresolved requirement: Require-Capability: osgi.serviceloader; osgi.serviceloader="com.github.weisj.jsvg.logging.LogManager"; filter:="(osgi.serviceloader=com.github.weisj.jsvg.logging.LogManager)"
                         -> Provide-Capability: osgi.serviceloader; osgi.serviceloader="com.github.weisj.jsvg.logging.LogManager"; register:="org.eclipse.swt.svg.logging.JVSGLoggerLogManager"
                       Unresolved requirement: Require-Capability: osgi.extender; filter:="(&(osgi.extender=osgi.serviceloader.processor)(version>=1.0.0)(!(version>=2.0.0)))"
                         -> Provide-Capability: osgi.extender; osgi.extender="osgi.serviceloader.processor"; version:Version="1.0.0"; uses:="org.apache.aries.spifly"
                            org.apache.aries.spifly.dynamic.bundle [97]
                              Bundle was not resolved because of a uses constraint violation.
  org.apache.felix.resolver.reason.ReasonException: Uses constraint violation. Unable to resolve resource org.apache.aries.spifly.dynamic.bundle [osgi.identity; type="osgi.bundle"; version:Version="1.3.7"; osgi.identity="org.apache.aries.spifly.dynamic.bundle"] because it is exposed to package 'org.objectweb.asm' from resources org.objectweb.asm [osgi.identity; type="osgi.bundle"; version:Version="9.9.1"; osgi.identity="org.objectweb.asm"] and org.objectweb.asm [osgi.identity; type="osgi.bundle"; version:Version="9.10.1"; osgi.identity="org.objectweb.asm"] via two dependency chains.

Chain 1:
  org.apache.aries.spifly.dynamic.bundle [osgi.identity; type="osgi.bundle"; version:Version="1.3.7"; osgi.identity="org.apache.aries.spifly.dynamic.bundle"]
    import: (&(osgi.wiring.package=org.objectweb.asm)(&(version>=9.6.0)(!(version>=10.0.0))))
     |
    export: osgi.wiring.package: org.objectweb.asm
  org.objectweb.asm [osgi.identity; type="osgi.bundle"; version:Version="9.9.1"; osgi.identity="org.objectweb.asm"]

Chain 2:
  org.apache.aries.spifly.dynamic.bundle [osgi.identity; type="osgi.bundle"; version:Version="1.3.7"; osgi.identity="org.apache.aries.spifly.dynamic.bundle"]
    import: (&(osgi.wiring.package=org.objectweb.asm.util)(&(version>=9.6.0)(!(version>=10.0.0))))
     |
    export: osgi.wiring.package=org.objectweb.asm.util; uses:=org.objectweb.asm
  org.objectweb.asm.util [osgi.identity; type="osgi.bundle"; version:Version="9.10.1"; osgi.identity="org.objectweb.asm.util"]
    import: (&(osgi.wiring.package=org.objectweb.asm)(&(version>=9.10.1)(!(version>=9.11.0))))
     |
    export: osgi.wiring.package: org.objectweb.asm
  org.objectweb.asm [osgi.identity; type="osgi.bundle"; version:Version="9.10.1"; osgi.identity="org.objectweb.asm"]                Unresolved requirement: Import-Package: com.github.weisj.jsvg.logging; version="[2.1.0,3.0.0)"
                  -> Export-Package: com.github.weisj.jsvg.logging; bundle-symbolic-name="com.github.weisj.jsvg"; bundle-version="2.1.0"; version="2.1.0"
                Unresolved requirement: Import-Package: com.github.weisj.jsvg.parser; version="[2.1.0,3.0.0)"
                  -> Export-Package: com.github.weisj.jsvg.parser; bundle-symbolic-name="com.github.weisj.jsvg"; bundle-version="2.1.0"; version="2.1.0"; uses:="com.github.weisj.jsvg,com.github.weisj.jsvg.paint,com.github.weisj.jsvg.parser.css,com.github.weisj.jsvg.parser.impl,com.github.weisj.jsvg.parser.resources,javax.xml.stream"
                Unresolved requirement: Import-Package: com.github.weisj.jsvg.view; version="[2.1.0,3.0.0)"
                  -> Export-Package: com.github.weisj.jsvg.view; bundle-symbolic-name="com.github.weisj.jsvg"; bundle-version="2.1.0"; version="2.1.0"


!ENTRY org.eclipse.pde.genericeditor.extension 2 0 2026-07-30 21:22:02.702
!MESSAGE Could not resolve module: org.eclipse.pde.genericeditor.extension [822]
  Unresolved requirement: Require-Bundle: org.eclipse.jface.text
    -> Bundle-SymbolicName: org.eclipse.jface.text; bundle-version="3.30.0.v20251218-1237"
       org.eclipse.jface.text [513]
         Unresolved requirement: Require-Bundle: org.eclipse.jface; bundle-version="[3.39.0,4.0.0)"
           -> Bundle-SymbolicName: org.eclipse.jface; bundle-version="3.39.0.v20260103-1533"; singleton:="true"
              org.eclipse.jface [510]
                Unresolved requirement: Require-Capability: eclipse.swt; filter:="(image.format=svg)"
                  -> Provide-Capability: eclipse.swt; image.format="svg"; version:Version="1.0.0"
                     org.eclipse.swt.svg [842]
                       Unresolved requirement: Fragment-Host: org.eclipse.swt
                       Unresolved requirement: Fragment-Host: org.eclipse.swt
                       Unresolved requirement: Fragment-Host: org.eclipse.swt
                       Unresolved requirement: Fragment-Host: org.eclipse.swt
                       Unresolved requirement: Fragment-Host: org.eclipse.swt
                       Unresolved requirement: Import-Package: com.github.weisj.jsvg; version="[2.1.0,3.0.0)"
                         -> Export-Package: com.github.weisj.jsvg; bundle-symbolic-name="com.github.weisj.jsvg"; bundle-version="2.1.0"; version="2.1.0"; uses:="com.github.weisj.jsvg.renderer,com.github.weisj.jsvg.renderer.animation,com.github.weisj.jsvg.renderer.output,com.github.weisj.jsvg.view,javax.swing"
                            com.github.weisj.jsvg [21]
                              Unresolved requirement: Require-Capability: osgi.serviceloader; osgi.serviceloader="com.github.weisj.jsvg.logging.LogManager"; filter:="(osgi.serviceloader=com.github.weisj.jsvg.logging.LogManager)"
                                -> Provide-Capability: osgi.serviceloader; osgi.serviceloader="com.github.weisj.jsvg.logging.LogManager"; register:="org.eclipse.swt.svg.logging.JVSGLoggerLogManager"
                              Unresolved requirement: Require-Capability: osgi.extender; filter:="(&(osgi.extender=osgi.serviceloader.processor)(version>=1.0.0)(!(version>=2.0.0)))"
                                -> Provide-Capability: osgi.extender; osgi.extender="osgi.serviceloader.processor"; version:Version="1.0.0"; uses:="org.apache.aries.spifly"
                                   org.apache.aries.spifly.dynamic.bundle [97]
                                     Bundle was not resolved because of a uses constraint violation.
  org.apache.felix.resolver.reason.ReasonException: Uses constraint violation. Unable to resolve resource org.apache.aries.spifly.dynamic.bundle [osgi.identity; type="osgi.bundle"; version:Version="1.3.7"; osgi.identity="org.apache.aries.spifly.dynamic.bundle"] because it is exposed to package 'org.objectweb.asm' from resources org.objectweb.asm [osgi.identity; type="osgi.bundle"; version:Version="9.9.1"; osgi.identity="org.objectweb.asm"] and org.objectweb.asm [osgi.identity; type="osgi.bundle"; version:Version="9.10.1"; osgi.identity="org.objectweb.asm"] via two dependency chains.

Chain 1:
  org.apache.aries.spifly.dynamic.bundle [osgi.identity; type="osgi.bundle"; version:Version="1.3.7"; osgi.identity="org.apache.aries.spifly.dynamic.bundle"]
    import: (&(osgi.wiring.package=org.objectweb.asm)(&(version>=9.6.0)(!(version>=10.0.0))))
     |
    export: osgi.wiring.package: org.objectweb.asm
  org.objectweb.asm [osgi.identity; type="osgi.bundle"; version:Version="9.9.1"; osgi.identity="org.objectweb.asm"]

Chain 2:
  org.apache.aries.spifly.dynamic.bundle [osgi.identity; type="osgi.bundle"; version:Version="1.3.7"; osgi.identity="org.apache.aries.spifly.dynamic.bundle"]
    import: (&(osgi.wiring.package=org.objectweb.asm.util)(&(version>=9.6.0)(!(version>=10.0.0))))
     |
    export: osgi.wiring.package=org.objectweb.asm.util; uses:=org.objectweb.asm
  org.objectweb.asm.util [osgi.identity; type="osgi.bundle"; version:Version="9.10.1"; osgi.identity="org.objectweb.asm.util"]
    import: (&(osgi.wiring.package=org.objectweb.asm)(&(version>=9.10.1)(!(version>=9.11.0))))
     |
    export: osgi.wiring.package: org.objectweb.asm
  org.objectweb.asm [osgi.identity; type="osgi.bundle"; version:Version="9.10.1"; osgi.identity="org.objectweb.asm"]                       Unresolved requirement: Import-Package: com.github.weisj.jsvg.logging; version="[2.1.0,3.0.0)"
                         -> Export-Package: com.github.weisj.jsvg.logging; bundle-symbolic-name="com.github.weisj.jsvg"; bundle-version="2.1.0"; version="2.1.0"
                       Unresolved requirement: Import-Package: com.github.weisj.jsvg.parser; version="[2.1.0,3.0.0)"
                         -> Export-Package: com.github.weisj.jsvg.parser; bundle-symbolic-name="com.github.weisj.jsvg"; bundle-version="2.1.0"; version="2.1.0"; uses:="com.github.weisj.jsvg,com.github.weisj.jsvg.paint,com.github.weisj.jsvg.parser.css,com.github.weisj.jsvg.parser.impl,com.github.weisj.jsvg.parser.resources,javax.xml.stream"
                       Unresolved requirement: Import-Package: com.github.weisj.jsvg.view; version="[2.1.0,3.0.0)"
                         -> Export-Package: com.github.weisj.jsvg.view; bundle-symbolic-name="com.github.weisj.jsvg"; bundle-version="2.1.0"; version="2.1.0"
         Unresolved requirement: Require-Capability: eclipse.swt; filter:="(image.format=svg)"
           -> Provide-Capability: eclipse.swt; image.format="svg"; version:Version="1.0.0"


!ENTRY org.eclipse.wst.server.http.core 2 0 2026-07-30 21:22:02.703
!MESSAGE Could not resolve module: org.eclipse.wst.server.http.core [958]
  Unresolved requirement: Require-Bundle: org.eclipse.wst.server.core; bundle-version="[1.0.204,2.0.0)"
    -> Bundle-SymbolicName: org.eclipse.wst.server.core; bundle-version="1.11.0.v202311141839"; singleton:="true"
       org.eclipse.wst.server.core [956]
         Unresolved requirement: Require-Bundle: org.eclipse.wst.server.discovery; bundle-version="[1.0.0,2.0.0)"
           -> Bundle-SymbolicName: org.eclipse.wst.server.discovery; bundle-version="1.3.600.v202405150145"; singleton:="true"
              org.eclipse.wst.server.discovery [957]
                Unresolved requirement: Require-Bundle: org.eclipse.ui; bundle-version="[3.5.0,4.0.0)"
                  -> Bundle-SymbolicName: org.eclipse.ui; bundle-version="3.208.0.v20251219-1043"; singleton:="true"
                     org.eclipse.ui [866]
                       Unresolved requirement: Require-Bundle: org.eclipse.jface; bundle-version="[3.34.0,4.0.0)"; visibility:="reexport"
                         -> Bundle-SymbolicName: org.eclipse.jface; bundle-version="3.39.0.v20260103-1533"; singleton:="true"
                            org.eclipse.jface [510]
                              Unresolved requirement: Require-Capability: eclipse.swt; filter:="(image.format=svg)"
                                -> Provide-Capability: eclipse.swt; image.format="svg"; version:Version="1.0.0"
                                   org.eclipse.swt.svg [842]
                                     Unresolved requirement: Fragment-Host: org.eclipse.swt
                                     Unresolved requirement: Fragment-Host: org.eclipse.swt
                                     Unresolved requirement: Fragment-Host: org.eclipse.swt
                                     Unresolved requirement: Fragment-Host: org.eclipse.swt
                                     Unresolved requirement: Fragment-Host: org.eclipse.swt
                                     Unresolved requirement: Import-Package: com.github.weisj.jsvg; version="[2.1.0,3.0.0)"
                                       -> Export-Package: com.github.weisj.jsvg; bundle-symbolic-name="com.github.weisj.jsvg"; bundle-version="2.1.0"; version="2.1.0"; uses:="com.github.weisj.jsvg.renderer,com.github.weisj.jsvg.renderer.animation,com.github.weisj.jsvg.renderer.output,com.github.weisj.jsvg.view,javax.swing"
                                          com.github.weisj.jsvg [21]
                                            Unresolved requirement: Require-Capability: osgi.serviceloader; osgi.serviceloader="com.github.weisj.jsvg.logging.LogManager"; filter:="(osgi.serviceloader=com.github.weisj.jsvg.logging.LogManager)"
                                              -> Provide-Capability: osgi.serviceloader; osgi.serviceloader="com.github.weisj.jsvg.logging.LogManager"; register:="org.eclipse.swt.svg.logging.JVSGLoggerLogManager"
                                            Unresolved requirement: Require-Capability: osgi.extender; filter:="(&(osgi.extender=osgi.serviceloader.processor)(version>=1.0.0)(!(version>=2.0.0)))"
                                              -> Provide-Capability: osgi.extender; osgi.extender="osgi.serviceloader.processor"; version:Version="1.0.0"; uses:="org.apache.aries.spifly"
                                                 org.apache.aries.spifly.dynamic.bundle [97]
                                                   Bundle was not resolved because of a uses constraint violation.
  org.apache.felix.resolver.reason.ReasonException: Uses constraint violation. Unable to resolve resource org.apache.aries.spifly.dynamic.bundle [osgi.identity; type="osgi.bundle"; version:Version="1.3.7"; osgi.identity="org.apache.aries.spifly.dynamic.bundle"] because it is exposed to package 'org.objectweb.asm' from resources org.objectweb.asm [osgi.identity; type="osgi.bundle"; version:Version="9.9.1"; osgi.identity="org.objectweb.asm"] and org.objectweb.asm [osgi.identity; type="osgi.bundle"; version:Version="9.10.1"; osgi.identity="org.objectweb.asm"] via two dependency chains.

Chain 1:
  org.apache.aries.spifly.dynamic.bundle [osgi.identity; type="osgi.bundle"; version:Version="1.3.7"; osgi.identity="org.apache.aries.spifly.dynamic.bundle"]
    import: (&(osgi.wiring.package=org.objectweb.asm)(&(version>=9.6.0)(!(version>=10.0.0))))
     |
    export: osgi.wiring.package: org.objectweb.asm
  org.objectweb.asm [osgi.identity; type="osgi.bundle"; version:Version="9.9.1"; osgi.identity="org.objectweb.asm"]

Chain 2:
  org.apache.aries.spifly.dynamic.bundle [osgi.identity; type="osgi.bundle"; version:Version="1.3.7"; osgi.identity="org.apache.aries.spifly.dynamic.bundle"]
    import: (&(osgi.wiring.package=org.objectweb.asm.util)(&(version>=9.6.0)(!(version>=10.0.0))))
     |
    export: osgi.wiring.package=org.objectweb.asm.util; uses:=org.objectweb.asm
  org.objectweb.asm.util [osgi.identity; type="osgi.bundle"; version:Version="9.10.1"; osgi.identity="org.objectweb.asm.util"]
    import: (&(osgi.wiring.package=org.objectweb.asm)(&(version>=9.10.1)(!(version>=9.11.0))))
     |
    export: osgi.wiring.package: org.objectweb.asm
  org.objectweb.asm [osgi.identity; type="osgi.bundle"; version:Version="9.10.1"; osgi.identity="org.objectweb.asm"]                                     Unresolved requirement: Import-Package: com.github.weisj.jsvg.logging; version="[2.1.0,3.0.0)"
                                       -> Export-Package: com.github.weisj.jsvg.logging; bundle-symbolic-name="com.github.weisj.jsvg"; bundle-version="2.1.0"; version="2.1.0"
                                     Unresolved requirement: Import-Package: com.github.weisj.jsvg.parser; version="[2.1.0,3.0.0)"
                                       -> Export-Package: com.github.weisj.jsvg.parser; bundle-symbolic-name="com.github.weisj.jsvg"; bundle-version="2.1.0"; version="2.1.0"; uses:="com.github.weisj.jsvg,com.github.weisj.jsvg.paint,com.github.weisj.jsvg.parser.css,com.github.weisj.jsvg.parser.impl,com.github.weisj.jsvg.parser.resources,javax.xml.stream"
                                     Unresolved requirement: Import-Package: com.github.weisj.jsvg.view; version="[2.1.0,3.0.0)"
                                       -> Export-Package: com.github.weisj.jsvg.view; bundle-symbolic-name="com.github.weisj.jsvg"; bundle-version="2.1.0"; version="2.1.0"
                       Unresolved requirement: Require-Bundle: org.eclipse.ui.workbench; bundle-version="[3.130.0,4.0.0)"; visibility:="reexport"
                         -> Bundle-SymbolicName: org.eclipse.ui.workbench; bundle-version="3.138.0.v20260103-1852"; singleton:="true"
                            org.eclipse.ui.workbench [889]
                              Unresolved requirement: Import-Package: org.eclipse.e4.ui.internal.workbench.renderers.swt
                                -> Export-Package: org.eclipse.e4.ui.internal.workbench.renderers.swt; bundle-symbolic-name="org.eclipse.e4.ui.workbench.renderers.swt"; bundle-version="0.17.0.v20251218-1448"; version="0.0.0"; x-friends:="org.eclipse.ui.workbench"
                                   org.eclipse.e4.ui.workbench.renderers.swt [344]
                                     Unresolved requirement: Require-Bundle: org.eclipse.e4.ui.bindings; bundle-version="0.9.0"
                                       -> Bundle-SymbolicName: org.eclipse.e4.ui.bindings; bundle-version="0.15.0.v20251216-1230"; singleton:="true"
                                          org.eclipse.e4.ui.bindings [330]
                                            Unresolved requirement: Import-Package: org.eclipse.jface.window
                                              -> Export-Package: org.eclipse.jface.window; bundle-symbolic-name="org.eclipse.jface"; bundle-version="3.39.0.v20260103-1533"; version="0.0.0"
                                            Unresolved requirement: Import-Package: org.eclipse.jface.bindings.keys
                                              -> Export-Package: org.eclipse.jface.bindings.keys; bundle-symbolic-name="org.eclipse.jface"; bundle-version="3.39.0.v20260103-1533"; version="0.0.0"
                                            Unresolved requirement: Import-Package: org.eclipse.jface.bindings
                                              -> Export-Package: org.eclipse.jface.bindings; bundle-symbolic-name="org.eclipse.jface"; bundle-version="3.39.0.v20260103-1533"; version="0.0.0"
                                            Unresolved requirement: Import-Package: org.eclipse.jface.dialogs
                                              -> Export-Package: org.eclipse.jface.dialogs; bundle-symbolic-name="org.eclipse.jface"; bundle-version="3.39.0.v20260103-1533"; version="0.0.0"
                                     Unresolved requirement: Require-Bundle: org.eclipse.e4.ui.css.swt; bundle-version="0.11.0"
                                       -> Bundle-SymbolicName: org.eclipse.e4.ui.css.swt; bundle-version="0.16.0.v20251216-1230"; singleton:="true"
                                          org.eclipse.e4.ui.css.swt [332]
                                            Unresolved requirement: Import-Package: org.eclipse.jface.resource
                                              -> Export-Package: org.eclipse.jface.resource; bundle-symbolic-name="org.eclipse.jface"; bundle-version="3.39.0.v20260103-1533"; version="0.0.0"
                                     Unresolved requirement: Require-Bundle: org.eclipse.e4.ui.workbench.swt; bundle-version="0.9.0"
                                       -> Bundle-SymbolicName: org.eclipse.e4.ui.workbench.swt; bundle-version="0.18.0.v20251223-1034"; singleton:="true"
                                          org.eclipse.e4.ui.workbench.swt [345]
                                            Unresolved requirement: Require-Capability: eclipse.swt; filter:="(image.format=svg)"
                                              -> Provide-Capability: eclipse.swt; image.format="svg"; version:Version="1.0.0"
                                            Unresolved requirement: Require-Bundle: org.eclipse.e4.ui.css.swt; bundle-version="0.13.100"
                                              -> Bundle-SymbolicName: org.eclipse.e4.ui.css.swt; bundle-version="0.16.0.v20251216-1230"; singleton:="true"
                                            Unresolved requirement: Require-Bundle: org.eclipse.jface.databinding; bundle-version="[1.3.0,2.0.0)"
                                              -> Bundle-SymbolicName: org.eclipse.jface.databinding; bundle-version="1.16.0.v20251216-1230"
                                                 org.eclipse.jface.databinding [511]
                                                   Unresolved requirement: Require-Bundle: org.eclipse.jface; bundle-version="[3.2.0,4.0.0)"
                                                     -> Bundle-SymbolicName: org.eclipse.jface; bundle-version="3.39.0.v20260103-1533"; singleton:="true"
                                            Unresolved requirement: Require-Bundle: org.eclipse.e4.ui.dialogs; bundle-version="1.1.600"
                                              -> Bundle-SymbolicName: org.eclipse.e4.ui.dialogs; bundle-version="1.7.0.v20251222-0947"
                                                 org.eclipse.e4.ui.dialogs [335]
                                                   Unresolved requirement: Require-Capability: eclipse.swt; filter:="(image.format=svg)"
                                                     -> Provide-Capability: eclipse.swt; image.format="svg"; version:Version="1.0.0"
                                                   Unresolved requirement: Require-Bundle: org.eclipse.jface; bundle-version="3.39.0"
                                                     -> Bundle-SymbolicName: org.eclipse.jface; bundle-version="3.39.0.v20260103-1533"; singleton:="true"
                                            Unresolved requirement: Require-Bundle: org.eclipse.e4.ui.bindings; bundle-version="0.9.0"
                                              -> Bundle-SymbolicName: org.eclipse.e4.ui.bindings; bundle-version="0.15.0.v20251216-1230"; singleton:="true"
                                            Unresolved requirement: Require-Bundle: org.eclipse.jface; bundle-version="[3.39.0,4.0.0)"
                                              -> Bundle-SymbolicName: org.eclipse.jface; bundle-version="3.39.0.v20260103-1533"; singleton:="true"
                                            Unresolved requirement: Require-Bundle: org.eclipse.e4.ui.css.swt.theme; bundle-version="0.12.0"
                                              -> Bundle-SymbolicName: org.eclipse.e4.ui.css.swt.theme; bundle-version="0.15.0.v20251216-1230"; singleton:="true"
                                                 org.eclipse.e4.ui.css.swt.theme [333]
                                                   Unresolved requirement: Require-Bundle: org.eclipse.e4.ui.css.swt; bundle-version="0.13.100"
                                                     -> Bundle-SymbolicName: org.eclipse.e4.ui.css.swt; bundle-version="0.16.0.v20251216-1230"; singleton:="true"
                                     Unresolved requirement: Require-Bundle: org.eclipse.jface; bundle-version="[3.15.0,4.0.0)"
                                       -> Bundle-SymbolicName: org.eclipse.jface; bundle-version="3.39.0.v20260103-1533"; singleton:="true"
                                     Unresolved requirement: Require-Capability: eclipse.swt; filter:="(image.format=svg)"
                                       -> Provide-Capability: eclipse.swt; image.format="svg"; version:Version="1.0.0"
                              Unresolved requirement: Import-Package: org.eclipse.e4.ui.workbench.renderers.swt
                                -> Export-Package: org.eclipse.e4.ui.workbench.renderers.swt; bundle-symbolic-name="org.eclipse.e4.ui.workbench.renderers.swt"; bundle-version="0.17.0.v20251218-1448"; version="0.0.0"; x-friends:="org.eclipse.e4.ui.workbench.addons.swt,org.eclipse.ui.workbench"
                              Unresolved requirement: Import-Package: org.eclipse.e4.ui.internal.workbench.swt
                                -> Export-Package: org.eclipse.e4.ui.internal.workbench.swt; bundle-symbolic-name="org.eclipse.e4.ui.workbench.swt"; bundle-version="0.18.0.v20251223-1034"; version="0.0.0"; x-friends:="org.eclipse.e4.ui.workbench.addons.swt,  org.eclipse.e4.ui.workbench.renderers.swt,  org.eclipse.ui.workbench,  org.eclipse.e4.ui.bindings.tests"
                       Unresolved requirement: Require-Capability: eclipse.swt; filter:="(image.format=svg)"
                         -> Provide-Capability: eclipse.swt; image.format="svg"; version:Version="1.0.0"
                Unresolved requirement: Require-Bundle: org.eclipse.equinox.p2.ui; bundle-version="[2.0.0,3.0.0)"
                  -> Bundle-SymbolicName: org.eclipse.equinox.p2.ui; bundle-version="2.8.1000.v20251111-1030"; singleton:="true"
                     org.eclipse.equinox.p2.ui [444]
                       Unresolved requirement: Import-Package: org.eclipse.e4.ui.progress
                         -> Export-Package: org.eclipse.e4.ui.progress; bundle-symbolic-name="org.eclipse.e4.ui.progress"; bundle-version="0.5.0.v20251217-1052"; version="0.0.0"
                            org.eclipse.e4.ui.progress [338]
                              Unresolved requirement: Require-Bundle: org.eclipse.jface; bundle-version="3.39.0"
                                -> Bundle-SymbolicName: org.eclipse.jface; bundle-version="3.39.0.v20260103-1533"; singleton:="true"
                              Unresolved requirement: Require-Bundle: org.eclipse.e4.ui.workbench.swt
                                -> Bundle-SymbolicName: org.eclipse.e4.ui.workbench.swt; bundle-version="0.18.0.v20251223-1034"; singleton:="true"
                              Unresolved requirement: Require-Capability: eclipse.swt; filter:="(image.format=svg)"
                                -> Provide-Capability: eclipse.swt; image.format="svg"; version:Version="1.0.0"


!ENTRY org.apache.httpcomponents.httpclient 2 0 2026-07-30 21:22:02.708
!MESSAGE Could not resolve module: org.apache.httpcomponents.httpclient [125]
  Unresolved requirement: Import-Package: org.apache.commons.logging; version="[1.1.0,1.3.0)"
    -> Export-Package: org.apache.commons.logging; bundle-symbolic-name="jcl.over.slf4j"; bundle-version="2.0.18"; version="1.2.0"
       jcl.over.slf4j [71]
         Unresolved requirement: Import-Package: org.slf4j.spi; version="[2.0.0,3.0.0)"
           -> Export-Package: org.slf4j.spi; bundle-symbolic-name="slf4j.api"; bundle-version="2.0.18"; version="2.0.18"; uses:="org.slf4j,org.slf4j.event,org.slf4j.helpers"
              slf4j.api [1093]
                Unresolved requirement: Require-Capability: osgi.serviceloader; osgi.serviceloader="org.slf4j.spi.SLF4JServiceProvider"; filter:="(osgi.serviceloader=org.slf4j.spi.SLF4JServiceProvider)"
                  -> Provide-Capability: osgi.serviceloader; osgi.serviceloader="org.slf4j.spi.SLF4JServiceProvider"; register:="ch.qos.logback.classic.spi.LogbackServiceProvider"
                     ch.qos.logback.classic [14]
                       Unresolved requirement: Import-Package: org.slf4j; version="[2.0.0,3.0.0)"
                         -> Export-Package: org.slf4j; bundle-symbolic-name="slf4j.api"; bundle-version="2.0.18"; version="2.0.18"; uses:="org.slf4j.event,org.slf4j.helpers,org.slf4j.spi"
                       Unresolved requirement: Import-Package: org.slf4j.event; version="[2.0.0,3.0.0)"
                         -> Export-Package: org.slf4j.event; bundle-symbolic-name="slf4j.api"; bundle-version="2.0.18"; version="2.0.18"; uses:="org.slf4j,org.slf4j.helpers"
                       Unresolved requirement: Import-Package: org.slf4j.spi; version="[2.0.0,3.0.0)"
                         -> Export-Package: org.slf4j.spi; bundle-symbolic-name="slf4j.api"; bundle-version="2.0.18"; version="2.0.18"; uses:="org.slf4j,org.slf4j.event,org.slf4j.helpers"
                       Unresolved requirement: Require-Capability: osgi.extender; filter:="(&(osgi.extender=osgi.serviceloader.registrar)(version>=1.0.0)(!(version>=2.0.0)))"
                         -> Provide-Capability: osgi.extender; osgi.extender="osgi.serviceloader.registrar"; version:Version="1.0.0"
                            org.apache.aries.spifly.dynamic.bundle [97]
                              Bundle was not resolved because of a uses constraint violation.
  org.apache.felix.resolver.reason.ReasonException: Uses constraint violation. Unable to resolve resource org.apache.aries.spifly.dynamic.bundle [osgi.identity; type="osgi.bundle"; version:Version="1.3.7"; osgi.identity="org.apache.aries.spifly.dynamic.bundle"] because it is exposed to package 'org.objectweb.asm' from resources org.objectweb.asm [osgi.identity; type="osgi.bundle"; version:Version="9.9.1"; osgi.identity="org.objectweb.asm"] and org.objectweb.asm [osgi.identity; type="osgi.bundle"; version:Version="9.10.1"; osgi.identity="org.objectweb.asm"] via two dependency chains.

Chain 1:
  org.apache.aries.spifly.dynamic.bundle [osgi.identity; type="osgi.bundle"; version:Version="1.3.7"; osgi.identity="org.apache.aries.spifly.dynamic.bundle"]
    import: (&(osgi.wiring.package=org.objectweb.asm)(&(version>=9.6.0)(!(version>=10.0.0))))
     |
    export: osgi.wiring.package: org.objectweb.asm
  org.objectweb.asm [osgi.identity; type="osgi.bundle"; version:Version="9.9.1"; osgi.identity="org.objectweb.asm"]

Chain 2:
  org.apache.aries.spifly.dynamic.bundle [osgi.identity; type="osgi.bundle"; version:Version="1.3.7"; osgi.identity="org.apache.aries.spifly.dynamic.bundle"]
    import: (&(osgi.wiring.package=org.objectweb.asm.util)(&(version>=9.6.0)(!(version>=10.0.0))))
     |
    export: osgi.wiring.package=org.objectweb.asm.util; uses:=org.objectweb.asm
  org.objectweb.asm.util [osgi.identity; type="osgi.bundle"; version:Version="9.10.1"; osgi.identity="org.objectweb.asm.util"]
    import: (&(osgi.wiring.package=org.objectweb.asm)(&(version>=9.10.1)(!(version>=9.11.0))))
     |
    export: osgi.wiring.package: org.objectweb.asm
  org.objectweb.asm [osgi.identity; type="osgi.bundle"; version:Version="9.10.1"; osgi.identity="org.objectweb.asm"]                       Unresolved requirement: Import-Package: org.slf4j.helpers; version="[2.0.0,3.0.0)"
                         -> Export-Package: org.slf4j.helpers; bundle-symbolic-name="slf4j.api"; bundle-version="2.0.18"; version="2.0.18"; uses:="org.slf4j,org.slf4j.event,org.slf4j.spi"
                       Bundle was not resolved because of a uses constraint violation.
  org.apache.felix.resolver.reason.ReasonException: Uses constraint violation. Unable to resolve resource org.apache.aries.spifly.dynamic.bundle [osgi.identity; type="osgi.bundle"; version:Version="1.3.7"; osgi.identity="org.apache.aries.spifly.dynamic.bundle"] because it is exposed to package 'org.objectweb.asm' from resources org.objectweb.asm [osgi.identity; type="osgi.bundle"; version:Version="9.9.1"; osgi.identity="org.objectweb.asm"] and org.objectweb.asm [osgi.identity; type="osgi.bundle"; version:Version="9.10.1"; osgi.identity="org.objectweb.asm"] via two dependency chains.

Chain 1:
  org.apache.aries.spifly.dynamic.bundle [osgi.identity; type="osgi.bundle"; version:Version="1.3.7"; osgi.identity="org.apache.aries.spifly.dynamic.bundle"]
    import: (&(osgi.wiring.package=org.objectweb.asm)(&(version>=9.6.0)(!(version>=10.0.0))))
     |
    export: osgi.wiring.package: org.objectweb.asm
  org.objectweb.asm [osgi.identity; type="osgi.bundle"; version:Version="9.9.1"; osgi.identity="org.objectweb.asm"]

Chain 2:
  org.apache.aries.spifly.dynamic.bundle [osgi.identity; type="osgi.bundle"; version:Version="1.3.7"; osgi.identity="org.apache.aries.spifly.dynamic.bundle"]
    import: (&(osgi.wiring.package=org.objectweb.asm.util)(&(version>=9.6.0)(!(version>=10.0.0))))
     |
    export: osgi.wiring.package=org.objectweb.asm.util; uses:=org.objectweb.asm
  org.objectweb.asm.util [osgi.identity; type="osgi.bundle"; version:Version="9.10.1"; osgi.identity="org.objectweb.asm.util"]
    import: (&(osgi.wiring.package=org.objectweb.asm)(&(version>=9.10.1)(!(version>=9.11.0))))
     |
    export: osgi.wiring.package: org.objectweb.asm
  org.objectweb.asm [osgi.identity; type="osgi.bundle"; version:Version="9.10.1"; osgi.identity="org.objectweb.asm"]                Unresolved requirement: Require-Capability: osgi.extender; filter:="(&(osgi.extender=osgi.serviceloader.processor)(version>=1.0.0)(!(version>=2.0.0)))"
                  -> Provide-Capability: osgi.extender; osgi.extender="osgi.serviceloader.processor"; version:Version="1.0.0"; uses:="org.apache.aries.spifly"
         Unresolved requirement: Import-Package: org.slf4j; version="[2.0.0,3.0.0)"
           -> Export-Package: org.slf4j; bundle-symbolic-name="slf4j.api"; bundle-version="2.0.18"; version="2.0.18"; uses:="org.slf4j.event,org.slf4j.helpers,org.slf4j.spi"


!ENTRY org.eclipse.datatools.enablement.postgresql.ui 2 0 2026-07-30 21:22:02.709
!MESSAGE Could not resolve module: org.eclipse.datatools.enablement.postgresql.ui [256]
  Unresolved requirement: Require-Bundle: org.eclipse.ui
    -> Bundle-SymbolicName: org.eclipse.ui; bundle-version="3.208.0.v20251219-1043"; singleton:="true"
       org.eclipse.ui [866]
         Unresolved requirement: Require-Bundle: org.eclipse.jface; bundle-version="[3.34.0,4.0.0)"; visibility:="reexport"
           -> Bundle-SymbolicName: org.eclipse.jface; bundle-version="3.39.0.v20260103-1533"; singleton:="true"
              org.eclipse.jface [510]
                Unresolved requirement: Require-Capability: eclipse.swt; filter:="(image.format=svg)"
                  -> Provide-Capability: eclipse.swt; image.format="svg"; version:Version="1.0.0"
                     org.eclipse.swt.svg [842]
                       Unresolved requirement: Fragment-Host: org.eclipse.swt
                       Unresolved requirement: Fragment-Host: org.eclipse.swt
                       Unresolved requirement: Fragment-Host: org.eclipse.swt
                       Unresolved requirement: Fragment-Host: org.eclipse.swt
                       Unresolved requirement: Fragment-Host: org.eclipse.swt
                       Unresolved requirement: Import-Package: com.github.weisj.jsvg; version="[2.1.0,3.0.0)"
                         -> Export-Package: com.github.weisj.jsvg; bundle-symbolic-name="com.github.weisj.jsvg"; bundle-version="2.1.0"; version="2.1.0"; uses:="com.github.weisj.jsvg.renderer,com.github.weisj.jsvg.renderer.animation,com.github.weisj.jsvg.renderer.output,com.github.weisj.jsvg.view,javax.swing"
                            com.github.weisj.jsvg [21]
                              Unresolved requirement: Require-Capability: osgi.serviceloader; osgi.serviceloader="com.github.weisj.jsvg.logging.LogManager"; filter:="(osgi.serviceloader=com.github.weisj.jsvg.logging.LogManager)"
                                -> Provide-Capability: osgi.serviceloader; osgi.serviceloader="com.github.weisj.jsvg.logging.LogManager"; register:="org.eclipse.swt.svg.logging.JVSGLoggerLogManager"
                              Unresolved requirement: Require-Capability: osgi.extender; filter:="(&(osgi.extender=osgi.serviceloader.processor)(version>=1.0.0)(!(version>=2.0.0)))"
                                -> Provide-Capability: osgi.extender; osgi.extender="osgi.serviceloader.processor"; version:Version="1.0.0"; uses:="org.apache.aries.spifly"
                                   org.apache.aries.spifly.dynamic.bundle [97]
                                     Bundle was not resolved because of a uses constraint violation.
  org.apache.felix.resolver.reason.ReasonException: Uses constraint violation. Unable to resolve resource org.apache.aries.spifly.dynamic.bundle [osgi.identity; type="osgi.bundle"; version:Version="1.3.7"; osgi.identity="org.apache.aries.spifly.dynamic.bundle"] because it is exposed to package 'org.objectweb.asm' from resources org.objectweb.asm [osgi.identity; type="osgi.bundle"; version:Version="9.9.1"; osgi.identity="org.objectweb.asm"] and org.objectweb.asm [osgi.identity; type="osgi.bundle"; version:Version="9.10.1"; osgi.identity="org.objectweb.asm"] via two dependency chains.

Chain 1:
  org.apache.aries.spifly.dynamic.bundle [osgi.identity; type="osgi.bundle"; version:Version="1.3.7"; osgi.identity="org.apache.aries.spifly.dynamic.bundle"]
    import: (&(osgi.wiring.package=org.objectweb.asm)(&(version>=9.6.0)(!(version>=10.0.0))))
     |
    export: osgi.wiring.package: org.objectweb.asm
  org.objectweb.asm [osgi.identity; type="osgi.bundle"; version:Version="9.9.1"; osgi.identity="org.objectweb.asm"]

Chain 2:
  org.apache.aries.spifly.dynamic.bundle [osgi.identity; type="osgi.bundle"; version:Version="1.3.7"; osgi.identity="org.apache.aries.spifly.dynamic.bundle"]
    import: (&(osgi.wiring.package=org.objectweb.asm.util)(&(version>=9.6.0)(!(version>=10.0.0))))
     |
    export: osgi.wiring.package=org.objectweb.asm.util; uses:=org.objectweb.asm
  org.objectweb.asm.util [osgi.identity; type="osgi.bundle"; version:Version="9.10.1"; osgi.identity="org.objectweb.asm.util"]
    import: (&(osgi.wiring.package=org.objectweb.asm)(&(version>=9.10.1)(!(version>=9.11.0))))
     |
    export: osgi.wiring.package: org.objectweb.asm
  org.objectweb.asm [osgi.identity; type="osgi.bundle"; version:Version="9.10.1"; osgi.identity="org.objectweb.asm"]                       Unresolved requirement: Import-Package: com.github.weisj.jsvg.logging; version="[2.1.0,3.0.0)"
                         -> Export-Package: com.github.weisj.jsvg.logging; bundle-symbolic-name="com.github.weisj.jsvg"; bundle-version="2.1.0"; version="2.1.0"
                       Unresolved requirement: Import-Package: com.github.weisj.jsvg.parser; version="[2.1.0,3.0.0)"
                         -> Export-Package: com.github.weisj.jsvg.parser; bundle-symbolic-name="com.github.weisj.jsvg"; bundle-version="2.1.0"; version="2.1.0"; uses:="com.github.weisj.jsvg,com.github.weisj.jsvg.paint,com.github.weisj.jsvg.parser.css,com.github.weisj.jsvg.parser.impl,com.github.weisj.jsvg.parser.resources,javax.xml.stream"
                       Unresolved requirement: Import-Package: com.github.weisj.jsvg.view; version="[2.1.0,3.0.0)"
                         -> Export-Package: com.github.weisj.jsvg.view; bundle-symbolic-name="com.github.weisj.jsvg"; bundle-version="2.1.0"; version="2.1.0"
         Unresolved requirement: Require-Bundle: org.eclipse.ui.workbench; bundle-version="[3.130.0,4.0.0)"; visibility:="reexport"
           -> Bundle-SymbolicName: org.eclipse.ui.workbench; bundle-version="3.138.0.v20260103-1852"; singleton:="true"
              org.eclipse.ui.workbench [889]
                Unresolved requirement: Import-Package: org.eclipse.e4.ui.internal.workbench.renderers.swt
                  -> Export-Package: org.eclipse.e4.ui.internal.workbench.renderers.swt; bundle-symbolic-name="org.eclipse.e4.ui.workbench.renderers.swt"; bundle-version="0.17.0.v20251218-1448"; version="0.0.0"; x-friends:="org.eclipse.ui.workbench"
                     org.eclipse.e4.ui.workbench.renderers.swt [344]
                       Unresolved requirement: Require-Bundle: org.eclipse.e4.ui.bindings; bundle-version="0.9.0"
                         -> Bundle-SymbolicName: org.eclipse.e4.ui.bindings; bundle-version="0.15.0.v20251216-1230"; singleton:="true"
                            org.eclipse.e4.ui.bindings [330]
                              Unresolved requirement: Import-Package: org.eclipse.jface.window
                                -> Export-Package: org.eclipse.jface.window; bundle-symbolic-name="org.eclipse.jface"; bundle-version="3.39.0.v20260103-1533"; version="0.0.0"
                              Unresolved requirement: Import-Package: org.eclipse.jface.bindings.keys
                                -> Export-Package: org.eclipse.jface.bindings.keys; bundle-symbolic-name="org.eclipse.jface"; bundle-version="3.39.0.v20260103-1533"; version="0.0.0"
                              Unresolved requirement: Import-Package: org.eclipse.jface.bindings
                                -> Export-Package: org.eclipse.jface.bindings; bundle-symbolic-name="org.eclipse.jface"; bundle-version="3.39.0.v20260103-1533"; version="0.0.0"
                              Unresolved requirement: Import-Package: org.eclipse.jface.dialogs
                                -> Export-Package: org.eclipse.jface.dialogs; bundle-symbolic-name="org.eclipse.jface"; bundle-version="3.39.0.v20260103-1533"; version="0.0.0"
                       Unresolved requirement: Require-Bundle: org.eclipse.e4.ui.css.swt; bundle-version="0.11.0"
                         -> Bundle-SymbolicName: org.eclipse.e4.ui.css.swt; bundle-version="0.16.0.v20251216-1230"; singleton:="true"
                            org.eclipse.e4.ui.css.swt [332]
                              Unresolved requirement: Import-Package: org.eclipse.jface.resource
                                -> Export-Package: org.eclipse.jface.resource; bundle-symbolic-name="org.eclipse.jface"; bundle-version="3.39.0.v20260103-1533"; version="0.0.0"
                       Unresolved requirement: Require-Bundle: org.eclipse.e4.ui.workbench.swt; bundle-version="0.9.0"
                         -> Bundle-SymbolicName: org.eclipse.e4.ui.workbench.swt; bundle-version="0.18.0.v20251223-1034"; singleton:="true"
                            org.eclipse.e4.ui.workbench.swt [345]
                              Unresolved requirement: Require-Capability: eclipse.swt; filter:="(image.format=svg)"
                                -> Provide-Capability: eclipse.swt; image.format="svg"; version:Version="1.0.0"
                              Unresolved requirement: Require-Bundle: org.eclipse.e4.ui.css.swt; bundle-version="0.13.100"
                                -> Bundle-SymbolicName: org.eclipse.e4.ui.css.swt; bundle-version="0.16.0.v20251216-1230"; singleton:="true"
                              Unresolved requirement: Require-Bundle: org.eclipse.jface.databinding; bundle-version="[1.3.0,2.0.0)"
                                -> Bundle-SymbolicName: org.eclipse.jface.databinding; bundle-version="1.16.0.v20251216-1230"
                                   org.eclipse.jface.databinding [511]
                                     Unresolved requirement: Require-Bundle: org.eclipse.jface; bundle-version="[3.2.0,4.0.0)"
                                       -> Bundle-SymbolicName: org.eclipse.jface; bundle-version="3.39.0.v20260103-1533"; singleton:="true"
                              Unresolved requirement: Require-Bundle: org.eclipse.e4.ui.dialogs; bundle-version="1.1.600"
                                -> Bundle-SymbolicName: org.eclipse.e4.ui.dialogs; bundle-version="1.7.0.v20251222-0947"
                                   org.eclipse.e4.ui.dialogs [335]
                                     Unresolved requirement: Require-Capability: eclipse.swt; filter:="(image.format=svg)"
                                       -> Provide-Capability: eclipse.swt; image.format="svg"; version:Version="1.0.0"
                                     Unresolved requirement: Require-Bundle: org.eclipse.jface; bundle-version="3.39.0"
                                       -> Bundle-SymbolicName: org.eclipse.jface; bundle-version="3.39.0.v20260103-1533"; singleton:="true"
                              Unresolved requirement: Require-Bundle: org.eclipse.e4.ui.bindings; bundle-version="0.9.0"
                                -> Bundle-SymbolicName: org.eclipse.e4.ui.bindings; bundle-version="0.15.0.v20251216-1230"; singleton:="true"
                              Unresolved requirement: Require-Bundle: org.eclipse.jface; bundle-version="[3.39.0,4.0.0)"
                                -> Bundle-SymbolicName: org.eclipse.jface; bundle-version="3.39.0.v20260103-1533"; singleton:="true"
                              Unresolved requirement: Require-Bundle: org.eclipse.e4.ui.css.swt.theme; bundle-version="0.12.0"
                                -> Bundle-SymbolicName: org.eclipse.e4.ui.css.swt.theme; bundle-version="0.15.0.v20251216-1230"; singleton:="true"
                                   org.eclipse.e4.ui.css.swt.theme [333]
                                     Unresolved requirement: Require-Bundle: org.eclipse.e4.ui.css.swt; bundle-version="0.13.100"
                                       -> Bundle-SymbolicName: org.eclipse.e4.ui.css.swt; bundle-version="0.16.0.v20251216-1230"; singleton:="true"
                       Unresolved requirement: Require-Bundle: org.eclipse.jface; bundle-version="[3.15.0,4.0.0)"
                         -> Bundle-SymbolicName: org.eclipse.jface; bundle-version="3.39.0.v20260103-1533"; singleton:="true"
                       Unresolved requirement: Require-Capability: eclipse.swt; filter:="(image.format=svg)"
                         -> Provide-Capability: eclipse.swt; image.format="svg"; version:Version="1.0.0"
                Unresolved requirement: Import-Package: org.eclipse.e4.ui.workbench.renderers.swt
                  -> Export-Package: org.eclipse.e4.ui.workbench.renderers.swt; bundle-symbolic-name="org.eclipse.e4.ui.workbench.renderers.swt"; bundle-version="0.17.0.v20251218-1448"; version="0.0.0"; x-friends:="org.eclipse.e4.ui.workbench.addons.swt,org.eclipse.ui.workbench"
                Unresolved requirement: Import-Package: org.eclipse.e4.ui.internal.workbench.swt
                  -> Export-Package: org.eclipse.e4.ui.internal.workbench.swt; bundle-symbolic-name="org.eclipse.e4.ui.workbench.swt"; bundle-version="0.18.0.v20251223-1034"; version="0.0.0"; x-friends:="org.eclipse.e4.ui.workbench.addons.swt,  org.eclipse.e4.ui.workbench.renderers.swt,  org.eclipse.ui.workbench,  org.eclipse.e4.ui.bindings.tests"
         Unresolved requirement: Require-Capability: eclipse.swt; filter:="(image.format=svg)"
           -> Provide-Capability: eclipse.swt; image.format="svg"; version:Version="1.0.0"
  Unresolved requirement: Require-Bundle: org.eclipse.datatools.connectivity.ui
    -> Bundle-SymbolicName: org.eclipse.datatools.connectivity.ui; bundle-version="1.5.0.202412071309"; singleton:="true"
       org.eclipse.datatools.connectivity.ui [213]
         Unresolved requirement: Require-Bundle: org.eclipse.ui
           -> Bundle-SymbolicName: org.eclipse.ui; bundle-version="3.208.0.v20251219-1043"; singleton:="true"
         Unresolved requirement: Require-Bundle: org.eclipse.ui.views
           -> Bundle-SymbolicName: org.eclipse.ui.views; bundle-version="3.13.0.v20251217-0909"; singleton:="true"
              org.eclipse.ui.views [885]
                Unresolved requirement: Require-Bundle: org.eclipse.ui; bundle-version="[3.208.0,4.0.0)"
                  -> Bundle-SymbolicName: org.eclipse.ui; bundle-version="3.208.0.v20251219-1043"; singleton:="true"
                Unresolved requirement: Require-Bundle: org.eclipse.jface; bundle-version="[3.39.0,4.0.0)"
                  -> Bundle-SymbolicName: org.eclipse.jface; bundle-version="3.39.0.v20260103-1533"; singleton:="true"
         Unresolved requirement: Require-Bundle: org.eclipse.ui.navigator
           -> Bundle-SymbolicName: org.eclipse.ui.navigator; bundle-version="3.14.0.v20260103-1533"; singleton:="true"
              org.eclipse.ui.navigator [880]
                Unresolved requirement: Require-Bundle: org.eclipse.ui; bundle-version="[3.208.0,4.0.0)"
                  -> Bundle-SymbolicName: org.eclipse.ui; bundle-version="3.208.0.v20251219-1043"; singleton:="true"
         Unresolved requirement: Require-Bundle: org.eclipse.datatools.help
           -> Bundle-SymbolicName: org.eclipse.datatools.help; bundle-version="1.8.0.202311071249"; singleton:="true"
              org.eclipse.datatools.help [275]
                Unresolved requirement: Require-Bundle: org.eclipse.ui
                  -> Bundle-SymbolicName: org.eclipse.ui; bundle-version="3.208.0.v20251219-1043"; singleton:="true"


!ENTRY org.eclipse.datatools.connectivity.sqm.server.ui 2 0 2026-07-30 21:22:02.716
!MESSAGE Could not resolve module: org.eclipse.datatools.connectivity.sqm.server.ui [212]
  Unresolved requirement: Require-Bundle: org.eclipse.ui
    -> Bundle-SymbolicName: org.eclipse.ui; bundle-version="3.208.0.v20251219-1043"; singleton:="true"
       org.eclipse.ui [866]
         Unresolved requirement: Require-Bundle: org.eclipse.jface; bundle-version="[3.34.0,4.0.0)"; visibility:="reexport"
           -> Bundle-SymbolicName: org.eclipse.jface; bundle-version="3.39.0.v20260103-1533"; singleton:="true"
              org.eclipse.jface [510]
                Unresolved requirement: Require-Capability: eclipse.swt; filter:="(image.format=svg)"
                  -> Provide-Capability: eclipse.swt; image.format="svg"; version:Version="1.0.0"
                     org.eclipse.swt.svg [842]
                       Unresolved requirement: Fragment-Host: org.eclipse.swt
                       Unresolved requirement: Fragment-Host: org.eclipse.swt
                       Unresolved requirement: Fragment-Host: org.eclipse.swt
                       Unresolved requirement: Fragment-Host: org.eclipse.swt
                       Unresolved requirement: Fragment-Host: org.eclipse.swt
                       Unresolved requirement: Import-Package: com.github.weisj.jsvg; version="[2.1.0,3.0.0)"
                         -> Export-Package: com.github.weisj.jsvg; bundle-symbolic-name="com.github.weisj.jsvg"; bundle-version="2.1.0"; version="2.1.0"; uses:="com.github.weisj.jsvg.renderer,com.github.weisj.jsvg.renderer.animation,com.github.weisj.jsvg.renderer.output,com.github.weisj.jsvg.view,javax.swing"
                            com.github.weisj.jsvg [21]
                              Unresolved requirement: Require-Capability: osgi.serviceloader; osgi.serviceloader="com.github.weisj.jsvg.logging.LogManager"; filter:="(osgi.serviceloader=com.github.weisj.jsvg.logging.LogManager)"
                                -> Provide-Capability: osgi.serviceloader; osgi.serviceloader="com.github.weisj.jsvg.logging.LogManager"; register:="org.eclipse.swt.svg.logging.JVSGLoggerLogManager"
                              Unresolved requirement: Require-Capability: osgi.extender; filter:="(&(osgi.extender=osgi.serviceloader.processor)(version>=1.0.0)(!(version>=2.0.0)))"
                                -> Provide-Capability: osgi.extender; osgi.extender="osgi.serviceloader.processor"; version:Version="1.0.0"; uses:="org.apache.aries.spifly"
                                   org.apache.aries.spifly.dynamic.bundle [97]
                                     Bundle was not resolved because of a uses constraint violation.
  org.apache.felix.resolver.reason.ReasonException: Uses constraint violation. Unable to resolve resource org.apache.aries.spifly.dynamic.bundle [osgi.identity; type="osgi.bundle"; version:Version="1.3.7"; osgi.identity="org.apache.aries.spifly.dynamic.bundle"] because it is exposed to package 'org.objectweb.asm' from resources org.objectweb.asm [osgi.identity; type="osgi.bundle"; version:Version="9.9.1"; osgi.identity="org.objectweb.asm"] and org.objectweb.asm [osgi.identity; type="osgi.bundle"; version:Version="9.10.1"; osgi.identity="org.objectweb.asm"] via two dependency chains.

Chain 1:
  org.apache.aries.spifly.dynamic.bundle [osgi.identity; type="osgi.bundle"; version:Version="1.3.7"; osgi.identity="org.apache.aries.spifly.dynamic.bundle"]
    import: (&(osgi.wiring.package=org.objectweb.asm)(&(version>=9.6.0)(!(version>=10.0.0))))
     |
    export: osgi.wiring.package: org.objectweb.asm
  org.objectweb.asm [osgi.identity; type="osgi.bundle"; version:Version="9.9.1"; osgi.identity="org.objectweb.asm"]

Chain 2:
  org.apache.aries.spifly.dynamic.bundle [osgi.identity; type="osgi.bundle"; version:Version="1.3.7"; osgi.identity="org.apache.aries.spifly.dynamic.bundle"]
    import: (&(osgi.wiring.package=org.objectweb.asm.util)(&(version>=9.6.0)(!(version>=10.0.0))))
     |
    export: osgi.wiring.package=org.objectweb.asm.util; uses:=org.objectweb.asm
  org.objectweb.asm.util [osgi.identity; type="osgi.bundle"; version:Version="9.10.1"; osgi.identity="org.objectweb.asm.util"]
    import: (&(osgi.wiring.package=org.objectweb.asm)(&(version>=9.10.1)(!(version>=9.11.0))))
     |
    export: osgi.wiring.package: org.objectweb.asm
  org.objectweb.asm [osgi.identity; type="osgi.bundle"; version:Version="9.10.1"; osgi.identity="org.objectweb.asm"]                       Unresolved requirement: Import-Package: com.github.weisj.jsvg.logging; version="[2.1.0,3.0.0)"
                         -> Export-Package: com.github.weisj.jsvg.logging; bundle-symbolic-name="com.github.weisj.jsvg"; bundle-version="2.1.0"; version="2.1.0"
                       Unresolved requirement: Import-Package: com.github.weisj.jsvg.parser; version="[2.1.0,3.0.0)"
                         -> Export-Package: com.github.weisj.jsvg.parser; bundle-symbolic-name="com.github.weisj.jsvg"; bundle-version="2.1.0"; version="2.1.0"; uses:="com.github.weisj.jsvg,com.github.weisj.jsvg.paint,com.github.weisj.jsvg.parser.css,com.github.weisj.jsvg.parser.impl,com.github.weisj.jsvg.parser.resources,javax.xml.stream"
                       Unresolved requirement: Import-Package: com.github.weisj.jsvg.view; version="[2.1.0,3.0.0)"
                         -> Export-Package: com.github.weisj.jsvg.view; bundle-symbolic-name="com.github.weisj.jsvg"; bundle-version="2.1.0"; version="2.1.0"
         Unresolved requirement: Require-Bundle: org.eclipse.ui.workbench; bundle-version="[3.130.0,4.0.0)"; visibility:="reexport"
           -> Bundle-SymbolicName: org.eclipse.ui.workbench; bundle-version="3.138.0.v20260103-1852"; singleton:="true"
              org.eclipse.ui.workbench [889]
                Unresolved requirement: Import-Package: org.eclipse.e4.ui.internal.workbench.renderers.swt
                  -> Export-Package: org.eclipse.e4.ui.internal.workbench.renderers.swt; bundle-symbolic-name="org.eclipse.e4.ui.workbench.renderers.swt"; bundle-version="0.17.0.v20251218-1448"; version="0.0.0"; x-friends:="org.eclipse.ui.workbench"
                     org.eclipse.e4.ui.workbench.renderers.swt [344]
                       Unresolved requirement: Require-Bundle: org.eclipse.e4.ui.bindings; bundle-version="0.9.0"
                         -> Bundle-SymbolicName: org.eclipse.e4.ui.bindings; bundle-version="0.15.0.v20251216-1230"; singleton:="true"
                            org.eclipse.e4.ui.bindings [330]
                              Unresolved requirement: Import-Package: org.eclipse.jface.window
                                -> Export-Package: org.eclipse.jface.window; bundle-symbolic-name="org.eclipse.jface"; bundle-version="3.39.0.v20260103-1533"; version="0.0.0"
                              Unresolved requirement: Import-Package: org.eclipse.jface.bindings.keys
                                -> Export-Package: org.eclipse.jface.bindings.keys; bundle-symbolic-name="org.eclipse.jface"; bundle-version="3.39.0.v20260103-1533"; version="0.0.0"
                              Unresolved requirement: Import-Package: org.eclipse.jface.bindings
                                -> Export-Package: org.eclipse.jface.bindings; bundle-symbolic-name="org.eclipse.jface"; bundle-version="3.39.0.v20260103-1533"; version="0.0.0"
                              Unresolved requirement: Import-Package: org.eclipse.jface.dialogs
                                -> Export-Package: org.eclipse.jface.dialogs; bundle-symbolic-name="org.eclipse.jface"; bundle-version="3.39.0.v20260103-1533"; version="0.0.0"
                       Unresolved requirement: Require-Bundle: org.eclipse.e4.ui.css.swt; bundle-version="0.11.0"
                         -> Bundle-SymbolicName: org.eclipse.e4.ui.css.swt; bundle-version="0.16.0.v20251216-1230"; singleton:="true"
                            org.eclipse.e4.ui.css.swt [332]
                              Unresolved requirement: Import-Package: org.eclipse.jface.resource
                                -> Export-Package: org.eclipse.jface.resource; bundle-symbolic-name="org.eclipse.jface"; bundle-version="3.39.0.v20260103-1533"; version="0.0.0"
                       Unresolved requirement: Require-Bundle: org.eclipse.e4.ui.workbench.swt; bundle-version="0.9.0"
                         -> Bundle-SymbolicName: org.eclipse.e4.ui.workbench.swt; bundle-version="0.18.0.v20251223-1034"; singleton:="true"
                            org.eclipse.e4.ui.workbench.swt [345]
                              Unresolved requirement: Require-Capability: eclipse.swt; filter:="(image.format=svg)"
                                -> Provide-Capability: eclipse.swt; image.format="svg"; version:Version="1.0.0"
                              Unresolved requirement: Require-Bundle: org.eclipse.e4.ui.css.swt; bundle-version="0.13.100"
                                -> Bundle-SymbolicName: org.eclipse.e4.ui.css.swt; bundle-version="0.16.0.v20251216-1230"; singleton:="true"
                              Unresolved requirement: Require-Bundle: org.eclipse.jface.databinding; bundle-version="[1.3.0,2.0.0)"
                                -> Bundle-SymbolicName: org.eclipse.jface.databinding; bundle-version="1.16.0.v20251216-1230"
                                   org.eclipse.jface.databinding [511]
                                     Unresolved requirement: Require-Bundle: org.eclipse.jface; bundle-version="[3.2.0,4.0.0)"
                                       -> Bundle-SymbolicName: org.eclipse.jface; bundle-version="3.39.0.v20260103-1533"; singleton:="true"
                              Unresolved requirement: Require-Bundle: org.eclipse.e4.ui.dialogs; bundle-version="1.1.600"
                                -> Bundle-SymbolicName: org.eclipse.e4.ui.dialogs; bundle-version="1.7.0.v20251222-0947"
                                   org.eclipse.e4.ui.dialogs [335]
                                     Unresolved requirement: Require-Capability: eclipse.swt; filter:="(image.format=svg)"
                                       -> Provide-Capability: eclipse.swt; image.format="svg"; version:Version="1.0.0"
                                     Unresolved requirement: Require-Bundle: org.eclipse.jface; bundle-version="3.39.0"
                                       -> Bundle-SymbolicName: org.eclipse.jface; bundle-version="3.39.0.v20260103-1533"; singleton:="true"
                              Unresolved requirement: Require-Bundle: org.eclipse.e4.ui.bindings; bundle-version="0.9.0"
                                -> Bundle-SymbolicName: org.eclipse.e4.ui.bindings; bundle-version="0.15.0.v20251216-1230"; singleton:="true"
                              Unresolved requirement: Require-Bundle: org.eclipse.jface; bundle-version="[3.39.0,4.0.0)"
                                -> Bundle-SymbolicName: org.eclipse.jface; bundle-version="3.39.0.v20260103-1533"; singleton:="true"
                              Unresolved requirement: Require-Bundle: org.eclipse.e4.ui.css.swt.theme; bundle-version="0.12.0"
                                -> Bundle-SymbolicName: org.eclipse.e4.ui.css.swt.theme; bundle-version="0.15.0.v20251216-1230"; singleton:="true"
                                   org.eclipse.e4.ui.css.swt.theme [333]
                                     Unresolved requirement: Require-Bundle: org.eclipse.e4.ui.css.swt; bundle-version="0.13.100"
                                       -> Bundle-SymbolicName: org.eclipse.e4.ui.css.swt; bundle-version="0.16.0.v20251216-1230"; singleton:="true"
                       Unresolved requirement: Require-Bundle: org.eclipse.jface; bundle-version="[3.15.0,4.0.0)"
                         -> Bundle-SymbolicName: org.eclipse.jface; bundle-version="3.39.0.v20260103-1533"; singleton:="true"
                       Unresolved requirement: Require-Capability: eclipse.swt; filter:="(image.format=svg)"
                         -> Provide-Capability: eclipse.swt; image.format="svg"; version:Version="1.0.0"
                Unresolved requirement: Import-Package: org.eclipse.e4.ui.workbench.renderers.swt
                  -> Export-Package: org.eclipse.e4.ui.workbench.renderers.swt; bundle-symbolic-name="org.eclipse.e4.ui.workbench.renderers.swt"; bundle-version="0.17.0.v20251218-1448"; version="0.0.0"; x-friends:="org.eclipse.e4.ui.workbench.addons.swt,org.eclipse.ui.workbench"
                Unresolved requirement: Import-Package: org.eclipse.e4.ui.internal.workbench.swt
                  -> Export-Package: org.eclipse.e4.ui.internal.workbench.swt; bundle-symbolic-name="org.eclipse.e4.ui.workbench.swt"; bundle-version="0.18.0.v20251223-1034"; version="0.0.0"; x-friends:="org.eclipse.e4.ui.workbench.addons.swt,  org.eclipse.e4.ui.workbench.renderers.swt,  org.eclipse.ui.workbench,  org.eclipse.e4.ui.bindings.tests"
         Unresolved requirement: Require-Capability: eclipse.swt; filter:="(image.format=svg)"
           -> Provide-Capability: eclipse.swt; image.format="svg"; version:Version="1.0.0"
  Unresolved requirement: Require-Bundle: org.eclipse.ui.ide
    -> Bundle-SymbolicName: org.eclipse.ui.ide; bundle-version="3.23.0.v20260103-1639"; singleton:="true"
       org.eclipse.ui.ide [874]
         Unresolved requirement: Require-Bundle: org.eclipse.jface.text; bundle-version="[3.24.0,4.0.0)"
           -> Bundle-SymbolicName: org.eclipse.jface.text; bundle-version="3.30.0.v20251218-1237"
              org.eclipse.jface.text [513]
                Unresolved requirement: Require-Bundle: org.eclipse.jface; bundle-version="[3.39.0,4.0.0)"
                  -> Bundle-SymbolicName: org.eclipse.jface; bundle-version="3.39.0.v20260103-1533"; singleton:="true"
                Unresolved requirement: Require-Capability: eclipse.swt; filter:="(image.format=svg)"
                  -> Provide-Capability: eclipse.swt; image.format="svg"; version:Version="1.0.0"
         Unresolved requirement: Require-Bundle: org.eclipse.ui.navigator; bundle-version="3.12.0"
           -> Bundle-SymbolicName: org.eclipse.ui.navigator; bundle-version="3.14.0.v20260103-1533"; singleton:="true"
              org.eclipse.ui.navigator [880]
                Unresolved requirement: Require-Bundle: org.eclipse.ui; bundle-version="[3.208.0,4.0.0)"
                  -> Bundle-SymbolicName: org.eclipse.ui; bundle-version="3.208.0.v20251219-1043"; singleton:="true"
         Unresolved requirement: Require-Capability: eclipse.swt; filter:="(image.format=svg)"
           -> Provide-Capability: eclipse.swt; image.format="svg"; version:Version="1.0.0"
         Unresolved requirement: Require-Bundle: org.eclipse.ui; bundle-version="[3.208.0,4.0.0)"
           -> Bundle-SymbolicName: org.eclipse.ui; bundle-version="3.208.0.v20251219-1043"; singleton:="true"


!ENTRY org.eclipse.tm4e.languageconfiguration 2 0 2026-07-30 21:22:02.720
!MESSAGE Could not resolve module: org.eclipse.tm4e.languageconfiguration [863]
  Unresolved requirement: Require-Bundle: org.eclipse.jface.text
    -> Bundle-SymbolicName: org.eclipse.jface.text; bundle-version="3.30.0.v20251218-1237"
       org.eclipse.jface.text [513]
         Unresolved requirement: Require-Bundle: org.eclipse.jface; bundle-version="[3.39.0,4.0.0)"
           -> Bundle-SymbolicName: org.eclipse.jface; bundle-version="3.39.0.v20260103-1533"; singleton:="true"
              org.eclipse.jface [510]
                Unresolved requirement: Require-Capability: eclipse.swt; filter:="(image.format=svg)"
                  -> Provide-Capability: eclipse.swt; image.format="svg"; version:Version="1.0.0"
                     org.eclipse.swt.svg [842]
                       Unresolved requirement: Fragment-Host: org.eclipse.swt
                       Unresolved requirement: Fragment-Host: org.eclipse.swt
                       Unresolved requirement: Fragment-Host: org.eclipse.swt
                       Unresolved requirement: Fragment-Host: org.eclipse.swt
                       Unresolved requirement: Fragment-Host: org.eclipse.swt
                       Unresolved requirement: Import-Package: com.github.weisj.jsvg; version="[2.1.0,3.0.0)"
                         -> Export-Package: com.github.weisj.jsvg; bundle-symbolic-name="com.github.weisj.jsvg"; bundle-version="2.1.0"; version="2.1.0"; uses:="com.github.weisj.jsvg.renderer,com.github.weisj.jsvg.renderer.animation,com.github.weisj.jsvg.renderer.output,com.github.weisj.jsvg.view,javax.swing"
                            com.github.weisj.jsvg [21]
                              Unresolved requirement: Require-Capability: osgi.serviceloader; osgi.serviceloader="com.github.weisj.jsvg.logging.LogManager"; filter:="(osgi.serviceloader=com.github.weisj.jsvg.logging.LogManager)"
                                -> Provide-Capability: osgi.serviceloader; osgi.serviceloader="com.github.weisj.jsvg.logging.LogManager"; register:="org.eclipse.swt.svg.logging.JVSGLoggerLogManager"
                              Unresolved requirement: Require-Capability: osgi.extender; filter:="(&(osgi.extender=osgi.serviceloader.processor)(version>=1.0.0)(!(version>=2.0.0)))"
                                -> Provide-Capability: osgi.extender; osgi.extender="osgi.serviceloader.processor"; version:Version="1.0.0"; uses:="org.apache.aries.spifly"
                                   org.apache.aries.spifly.dynamic.bundle [97]
                                     Bundle was not resolved because of a uses constraint violation.
  org.apache.felix.resolver.reason.ReasonException: Uses constraint violation. Unable to resolve resource org.apache.aries.spifly.dynamic.bundle [osgi.identity; type="osgi.bundle"; version:Version="1.3.7"; osgi.identity="org.apache.aries.spifly.dynamic.bundle"] because it is exposed to package 'org.objectweb.asm' from resources org.objectweb.asm [osgi.identity; type="osgi.bundle"; version:Version="9.9.1"; osgi.identity="org.objectweb.asm"] and org.objectweb.asm [osgi.identity; type="osgi.bundle"; version:Version="9.10.1"; osgi.identity="org.objectweb.asm"] via two dependency chains.

Chain 1:
  org.apache.aries.spifly.dynamic.bundle [osgi.identity; type="osgi.bundle"; version:Version="1.3.7"; osgi.identity="org.apache.aries.spifly.dynamic.bundle"]
    import: (&(osgi.wiring.package=org.objectweb.asm)(&(version>=9.6.0)(!(version>=10.0.0))))
     |
    export: osgi.wiring.package: org.objectweb.asm
  org.objectweb.asm [osgi.identity; type="osgi.bundle"; version:Version="9.9.1"; osgi.identity="org.objectweb.asm"]

Chain 2:
  org.apache.aries.spifly.dynamic.bundle [osgi.identity; type="osgi.bundle"; version:Version="1.3.7"; osgi.identity="org.apache.aries.spifly.dynamic.bundle"]
    import: (&(osgi.wiring.package=org.objectweb.asm.util)(&(version>=9.6.0)(!(version>=10.0.0))))
     |
    export: osgi.wiring.package=org.objectweb.asm.util; uses:=org.objectweb.asm
  org.objectweb.asm.util [osgi.identity; type="osgi.bundle"; version:Version="9.10.1"; osgi.identity="org.objectweb.asm.util"]
    import: (&(osgi.wiring.package=org.objectweb.asm)(&(version>=9.10.1)(!(version>=9.11.0))))
     |
    export: osgi.wiring.package: org.objectweb.asm
  org.objectweb.asm [osgi.identity; type="osgi.bundle"; version:Version="9.10.1"; osgi.identity="org.objectweb.asm"]                       Unresolved requirement: Import-Package: com.github.weisj.jsvg.logging; version="[2.1.0,3.0.0)"
                         -> Export-Package: com.github.weisj.jsvg.logging; bundle-symbolic-name="com.github.weisj.jsvg"; bundle-version="2.1.0"; version="2.1.0"
                       Unresolved requirement: Import-Package: com.github.weisj.jsvg.parser; version="[2.1.0,3.0.0)"
                         -> Export-Package: com.github.weisj.jsvg.parser; bundle-symbolic-name="com.github.weisj.jsvg"; bundle-version="2.1.0"; version="2.1.0"; uses:="com.github.weisj.jsvg,com.github.weisj.jsvg.paint,com.github.weisj.jsvg.parser.css,com.github.weisj.jsvg.parser.impl,com.github.weisj.jsvg.parser.resources,javax.xml.stream"
                       Unresolved requirement: Import-Package: com.github.weisj.jsvg.view; version="[2.1.0,3.0.0)"
                         -> Export-Package: com.github.weisj.jsvg.view; bundle-symbolic-name="com.github.weisj.jsvg"; bundle-version="2.1.0"; version="2.1.0"
         Unresolved requirement: Require-Capability: eclipse.swt; filter:="(image.format=svg)"
           -> Provide-Capability: eclipse.swt; image.format="svg"; version:Version="1.0.0"


!ENTRY org.eclipse.wst.jsdt.chromium.debug.ui 2 0 2026-07-30 21:22:02.725
!MESSAGE Could not resolve module: org.eclipse.wst.jsdt.chromium.debug.ui [934]
  Unresolved requirement: Require-Bundle: org.eclipse.ui
    -> Bundle-SymbolicName: org.eclipse.ui; bundle-version="3.208.0.v20251219-1043"; singleton:="true"
       org.eclipse.ui [866]
         Unresolved requirement: Require-Bundle: org.eclipse.jface; bundle-version="[3.34.0,4.0.0)"; visibility:="reexport"
           -> Bundle-SymbolicName: org.eclipse.jface; bundle-version="3.39.0.v20260103-1533"; singleton:="true"
              org.eclipse.jface [510]
                Unresolved requirement: Require-Capability: eclipse.swt; filter:="(image.format=svg)"
                  -> Provide-Capability: eclipse.swt; image.format="svg"; version:Version="1.0.0"
                     org.eclipse.swt.svg [842]
                       Unresolved requirement: Fragment-Host: org.eclipse.swt
                       Unresolved requirement: Fragment-Host: org.eclipse.swt
                       Unresolved requirement: Fragment-Host: org.eclipse.swt
                       Unresolved requirement: Fragment-Host: org.eclipse.swt
                       Unresolved requirement: Fragment-Host: org.eclipse.swt
                       Unresolved requirement: Import-Package: com.github.weisj.jsvg; version="[2.1.0,3.0.0)"
                         -> Export-Package: com.github.weisj.jsvg; bundle-symbolic-name="com.github.weisj.jsvg"; bundle-version="2.1.0"; version="2.1.0"; uses:="com.github.weisj.jsvg.renderer,com.github.weisj.jsvg.renderer.animation,com.github.weisj.jsvg.renderer.output,com.github.weisj.jsvg.view,javax.swing"
                            com.github.weisj.jsvg [21]
                              Unresolved requirement: Require-Capability: osgi.serviceloader; osgi.serviceloader="com.github.weisj.jsvg.logging.LogManager"; filter:="(osgi.serviceloader=com.github.weisj.jsvg.logging.LogManager)"
                                -> Provide-Capability: osgi.serviceloader; osgi.serviceloader="com.github.weisj.jsvg.logging.LogManager"; register:="org.eclipse.swt.svg.logging.JVSGLoggerLogManager"
                              Unresolved requirement: Require-Capability: osgi.extender; filter:="(&(osgi.extender=osgi.serviceloader.processor)(version>=1.0.0)(!(version>=2.0.0)))"
                                -> Provide-Capability: osgi.extender; osgi.extender="osgi.serviceloader.processor"; version:Version="1.0.0"; uses:="org.apache.aries.spifly"
                                   org.apache.aries.spifly.dynamic.bundle [97]
                                     Bundle was not resolved because of a uses constraint violation.
  org.apache.felix.resolver.reason.ReasonException: Uses constraint violation. Unable to resolve resource org.apache.aries.spifly.dynamic.bundle [osgi.identity; type="osgi.bundle"; version:Version="1.3.7"; osgi.identity="org.apache.aries.spifly.dynamic.bundle"] because it is exposed to package 'org.objectweb.asm' from resources org.objectweb.asm [osgi.identity; type="osgi.bundle"; version:Version="9.9.1"; osgi.identity="org.objectweb.asm"] and org.objectweb.asm [osgi.identity; type="osgi.bundle"; version:Version="9.10.1"; osgi.identity="org.objectweb.asm"] via two dependency chains.

Chain 1:
  org.apache.aries.spifly.dynamic.bundle [osgi.identity; type="osgi.bundle"; version:Version="1.3.7"; osgi.identity="org.apache.aries.spifly.dynamic.bundle"]
    import: (&(osgi.wiring.package=org.objectweb.asm)(&(version>=9.6.0)(!(version>=10.0.0))))
     |
    export: osgi.wiring.package: org.objectweb.asm
  org.objectweb.asm [osgi.identity; type="osgi.bundle"; version:Version="9.9.1"; osgi.identity="org.objectweb.asm"]

Chain 2:
  org.apache.aries.spifly.dynamic.bundle [osgi.identity; type="osgi.bundle"; version:Version="1.3.7"; osgi.identity="org.apache.aries.spifly.dynamic.bundle"]
    import: (&(osgi.wiring.package=org.objectweb.asm.util)(&(version>=9.6.0)(!(version>=10.0.0))))
     |
    export: osgi.wiring.package=org.objectweb.asm.util; uses:=org.objectweb.asm
  org.objectweb.asm.util [osgi.identity; type="osgi.bundle"; version:Version="9.10.1"; osgi.identity="org.objectweb.asm.util"]
    import: (&(osgi.wiring.package=org.objectweb.asm)(&(version>=9.10.1)(!(version>=9.11.0))))
     |
    export: osgi.wiring.package: org.objectweb.asm
  org.objectweb.asm [osgi.identity; type="osgi.bundle"; version:Version="9.10.1"; osgi.identity="org.objectweb.asm"]                       Unresolved requirement: Import-Package: com.github.weisj.jsvg.logging; version="[2.1.0,3.0.0)"
                         -> Export-Package: com.github.weisj.jsvg.logging; bundle-symbolic-name="com.github.weisj.jsvg"; bundle-version="2.1.0"; version="2.1.0"
                       Unresolved requirement: Import-Package: com.github.weisj.jsvg.parser; version="[2.1.0,3.0.0)"
                         -> Export-Package: com.github.weisj.jsvg.parser; bundle-symbolic-name="com.github.weisj.jsvg"; bundle-version="2.1.0"; version="2.1.0"; uses:="com.github.weisj.jsvg,com.github.weisj.jsvg.paint,com.github.weisj.jsvg.parser.css,com.github.weisj.jsvg.parser.impl,com.github.weisj.jsvg.parser.resources,javax.xml.stream"
                       Unresolved requirement: Import-Package: com.github.weisj.jsvg.view; version="[2.1.0,3.0.0)"
                         -> Export-Package: com.github.weisj.jsvg.view; bundle-symbolic-name="com.github.weisj.jsvg"; bundle-version="2.1.0"; version="2.1.0"
         Unresolved requirement: Require-Bundle: org.eclipse.ui.workbench; bundle-version="[3.130.0,4.0.0)"; visibility:="reexport"
           -> Bundle-SymbolicName: org.eclipse.ui.workbench; bundle-version="3.138.0.v20260103-1852"; singleton:="true"
              org.eclipse.ui.workbench [889]
                Unresolved requirement: Import-Package: org.eclipse.e4.ui.internal.workbench.renderers.swt
                  -> Export-Package: org.eclipse.e4.ui.internal.workbench.renderers.swt; bundle-symbolic-name="org.eclipse.e4.ui.workbench.renderers.swt"; bundle-version="0.17.0.v20251218-1448"; version="0.0.0"; x-friends:="org.eclipse.ui.workbench"
                     org.eclipse.e4.ui.workbench.renderers.swt [344]
                       Unresolved requirement: Require-Bundle: org.eclipse.e4.ui.bindings; bundle-version="0.9.0"
                         -> Bundle-SymbolicName: org.eclipse.e4.ui.bindings; bundle-version="0.15.0.v20251216-1230"; singleton:="true"
                            org.eclipse.e4.ui.bindings [330]
                              Unresolved requirement: Import-Package: org.eclipse.jface.window
                                -> Export-Package: org.eclipse.jface.window; bundle-symbolic-name="org.eclipse.jface"; bundle-version="3.39.0.v20260103-1533"; version="0.0.0"
                              Unresolved requirement: Import-Package: org.eclipse.jface.bindings.keys
                                -> Export-Package: org.eclipse.jface.bindings.keys; bundle-symbolic-name="org.eclipse.jface"; bundle-version="3.39.0.v20260103-1533"; version="0.0.0"
                              Unresolved requirement: Import-Package: org.eclipse.jface.bindings
                                -> Export-Package: org.eclipse.jface.bindings; bundle-symbolic-name="org.eclipse.jface"; bundle-version="3.39.0.v20260103-1533"; version="0.0.0"
                              Unresolved requirement: Import-Package: org.eclipse.jface.dialogs
                                -> Export-Package: org.eclipse.jface.dialogs; bundle-symbolic-name="org.eclipse.jface"; bundle-version="3.39.0.v20260103-1533"; version="0.0.0"
                       Unresolved requirement: Require-Bundle: org.eclipse.e4.ui.css.swt; bundle-version="0.11.0"
                         -> Bundle-SymbolicName: org.eclipse.e4.ui.css.swt; bundle-version="0.16.0.v20251216-1230"; singleton:="true"
                            org.eclipse.e4.ui.css.swt [332]
                              Unresolved requirement: Import-Package: org.eclipse.jface.resource
                                -> Export-Package: org.eclipse.jface.resource; bundle-symbolic-name="org.eclipse.jface"; bundle-version="3.39.0.v20260103-1533"; version="0.0.0"
                       Unresolved requirement: Require-Bundle: org.eclipse.e4.ui.workbench.swt; bundle-version="0.9.0"
                         -> Bundle-SymbolicName: org.eclipse.e4.ui.workbench.swt; bundle-version="0.18.0.v20251223-1034"; singleton:="true"
                            org.eclipse.e4.ui.workbench.swt [345]
                              Unresolved requirement: Require-Capability: eclipse.swt; filter:="(image.format=svg)"
                                -> Provide-Capability: eclipse.swt; image.format="svg"; version:Version="1.0.0"
                              Unresolved requirement: Require-Bundle: org.eclipse.e4.ui.css.swt; bundle-version="0.13.100"
                                -> Bundle-SymbolicName: org.eclipse.e4.ui.css.swt; bundle-version="0.16.0.v20251216-1230"; singleton:="true"
                              Unresolved requirement: Require-Bundle: org.eclipse.jface.databinding; bundle-version="[1.3.0,2.0.0)"
                                -> Bundle-SymbolicName: org.eclipse.jface.databinding; bundle-version="1.16.0.v20251216-1230"
                                   org.eclipse.jface.databinding [511]
                                     Unresolved requirement: Require-Bundle: org.eclipse.jface; bundle-version="[3.2.0,4.0.0)"
                                       -> Bundle-SymbolicName: org.eclipse.jface; bundle-version="3.39.0.v20260103-1533"; singleton:="true"
                              Unresolved requirement: Require-Bundle: org.eclipse.e4.ui.dialogs; bundle-version="1.1.600"
                                -> Bundle-SymbolicName: org.eclipse.e4.ui.dialogs; bundle-version="1.7.0.v20251222-0947"
                                   org.eclipse.e4.ui.dialogs [335]
                                     Unresolved requirement: Require-Capability: eclipse.swt; filter:="(image.format=svg)"
                                       -> Provide-Capability: eclipse.swt; image.format="svg"; version:Version="1.0.0"
                                     Unresolved requirement: Require-Bundle: org.eclipse.jface; bundle-version="3.39.0"
                                       -> Bundle-SymbolicName: org.eclipse.jface; bundle-version="3.39.0.v20260103-1533"; singleton:="true"
                              Unresolved requirement: Require-Bundle: org.eclipse.e4.ui.bindings; bundle-version="0.9.0"
                                -> Bundle-SymbolicName: org.eclipse.e4.ui.bindings; bundle-version="0.15.0.v20251216-1230"; singleton:="true"
                              Unresolved requirement: Require-Bundle: org.eclipse.jface; bundle-version="[3.39.0,4.0.0)"
                                -> Bundle-SymbolicName: org.eclipse.jface; bundle-version="3.39.0.v20260103-1533"; singleton:="true"
                              Unresolved requirement: Require-Bundle: org.eclipse.e4.ui.css.swt.theme; bundle-version="0.12.0"
                                -> Bundle-SymbolicName: org.eclipse.e4.ui.css.swt.theme; bundle-version="0.15.0.v20251216-1230"; singleton:="true"
                                   org.eclipse.e4.ui.css.swt.theme [333]
                                     Unresolved requirement: Require-Bundle: org.eclipse.e4.ui.css.swt; bundle-version="0.13.100"
                                       -> Bundle-SymbolicName: org.eclipse.e4.ui.css.swt; bundle-version="0.16.0.v20251216-1230"; singleton:="true"
                       Unresolved requirement: Require-Bundle: org.eclipse.jface; bundle-version="[3.15.0,4.0.0)"
                         -> Bundle-SymbolicName: org.eclipse.jface; bundle-version="3.39.0.v20260103-1533"; singleton:="true"
                       Unresolved requirement: Require-Capability: eclipse.swt; filter:="(image.format=svg)"
                         -> Provide-Capability: eclipse.swt; image.format="svg"; version:Version="1.0.0"
                Unresolved requirement: Import-Package: org.eclipse.e4.ui.workbench.renderers.swt
                  -> Export-Package: org.eclipse.e4.ui.workbench.renderers.swt; bundle-symbolic-name="org.eclipse.e4.ui.workbench.renderers.swt"; bundle-version="0.17.0.v20251218-1448"; version="0.0.0"; x-friends:="org.eclipse.e4.ui.workbench.addons.swt,org.eclipse.ui.workbench"
                Unresolved requirement: Import-Package: org.eclipse.e4.ui.internal.workbench.swt
                  -> Export-Package: org.eclipse.e4.ui.internal.workbench.swt; bundle-symbolic-name="org.eclipse.e4.ui.workbench.swt"; bundle-version="0.18.0.v20251223-1034"; version="0.0.0"; x-friends:="org.eclipse.e4.ui.workbench.addons.swt,  org.eclipse.e4.ui.workbench.renderers.swt,  org.eclipse.ui.workbench,  org.eclipse.e4.ui.bindings.tests"
         Unresolved requirement: Require-Capability: eclipse.swt; filter:="(image.format=svg)"
           -> Provide-Capability: eclipse.swt; image.format="svg"; version:Version="1.0.0"


!ENTRY org.eclipse.jst.server.ui 2 0 2026-07-30 21:22:02.725
!MESSAGE Could not resolve module: org.eclipse.jst.server.ui [605]
  Unresolved requirement: Require-Bundle: org.eclipse.debug.ui; bundle-version="[3.2.0,4.0.0)"
    -> Bundle-SymbolicName: org.eclipse.debug.ui; bundle-version="3.20.0.v20251221-1608"; singleton:="true"
       org.eclipse.debug.ui [319]
         Unresolved requirement: Import-Package: org.eclipse.ui.forms.widgets
           -> Export-Package: org.eclipse.ui.forms.widgets; bundle-symbolic-name="org.eclipse.ui.forms"; bundle-version="3.14.0.v20251218-0813"; version="0.0.0"
              org.eclipse.ui.forms [872]
                Unresolved requirement: Require-Capability: eclipse.swt; filter:="(image.format=svg)"
                  -> Provide-Capability: eclipse.swt; image.format="svg"; version:Version="1.0.0"
                     org.eclipse.swt.svg [842]
                       Unresolved requirement: Fragment-Host: org.eclipse.swt
                       Unresolved requirement: Fragment-Host: org.eclipse.swt
                       Unresolved requirement: Fragment-Host: org.eclipse.swt
                       Unresolved requirement: Fragment-Host: org.eclipse.swt
                       Unresolved requirement: Fragment-Host: org.eclipse.swt
                       Unresolved requirement: Import-Package: com.github.weisj.jsvg; version="[2.1.0,3.0.0)"
                         -> Export-Package: com.github.weisj.jsvg; bundle-symbolic-name="com.github.weisj.jsvg"; bundle-version="2.1.0"; version="2.1.0"; uses:="com.github.weisj.jsvg.renderer,com.github.weisj.jsvg.renderer.animation,com.github.weisj.jsvg.renderer.output,com.github.weisj.jsvg.view,javax.swing"
                            com.github.weisj.jsvg [21]
                              Unresolved requirement: Require-Capability: osgi.serviceloader; osgi.serviceloader="com.github.weisj.jsvg.logging.LogManager"; filter:="(osgi.serviceloader=com.github.weisj.jsvg.logging.LogManager)"
                                -> Provide-Capability: osgi.serviceloader; osgi.serviceloader="com.github.weisj.jsvg.logging.LogManager"; register:="org.eclipse.swt.svg.logging.JVSGLoggerLogManager"
                              Unresolved requirement: Require-Capability: osgi.extender; filter:="(&(osgi.extender=osgi.serviceloader.processor)(version>=1.0.0)(!(version>=2.0.0)))"
                                -> Provide-Capability: osgi.extender; osgi.extender="osgi.serviceloader.processor"; version:Version="1.0.0"; uses:="org.apache.aries.spifly"
                                   org.apache.aries.spifly.dynamic.bundle [97]
                                     Bundle was not resolved because of a uses constraint violation.
  org.apache.felix.resolver.reason.ReasonException: Uses constraint violation. Unable to resolve resource org.apache.aries.spifly.dynamic.bundle [osgi.identity; type="osgi.bundle"; version:Version="1.3.7"; osgi.identity="org.apache.aries.spifly.dynamic.bundle"] because it is exposed to package 'org.objectweb.asm' from resources org.objectweb.asm [osgi.identity; type="osgi.bundle"; version:Version="9.9.1"; osgi.identity="org.objectweb.asm"] and org.objectweb.asm [osgi.identity; type="osgi.bundle"; version:Version="9.10.1"; osgi.identity="org.objectweb.asm"] via two dependency chains.

Chain 1:
  org.apache.aries.spifly.dynamic.bundle [osgi.identity; type="osgi.bundle"; version:Version="1.3.7"; osgi.identity="org.apache.aries.spifly.dynamic.bundle"]
    import: (&(osgi.wiring.package=org.objectweb.asm)(&(version>=9.6.0)(!(version>=10.0.0))))
     |
    export: osgi.wiring.package: org.objectweb.asm
  org.objectweb.asm [osgi.identity; type="osgi.bundle"; version:Version="9.9.1"; osgi.identity="org.objectweb.asm"]

Chain 2:
  org.apache.aries.spifly.dynamic.bundle [osgi.identity; type="osgi.bundle"; version:Version="1.3.7"; osgi.identity="org.apache.aries.spifly.dynamic.bundle"]
    import: (&(osgi.wiring.package=org.objectweb.asm.util)(&(version>=9.6.0)(!(version>=10.0.0))))
     |
    export: osgi.wiring.package=org.objectweb.asm.util; uses:=org.objectweb.asm
  org.objectweb.asm.util [osgi.identity; type="osgi.bundle"; version:Version="9.10.1"; osgi.identity="org.objectweb.asm.util"]
    import: (&(osgi.wiring.package=org.objectweb.asm)(&(version>=9.10.1)(!(version>=9.11.0))))
     |
    export: osgi.wiring.package: org.objectweb.asm
  org.objectweb.asm [osgi.identity; type="osgi.bundle"; version:Version="9.10.1"; osgi.identity="org.objectweb.asm"]                       Unresolved requirement: Import-Package: com.github.weisj.jsvg.logging; version="[2.1.0,3.0.0)"
                         -> Export-Package: com.github.weisj.jsvg.logging; bundle-symbolic-name="com.github.weisj.jsvg"; bundle-version="2.1.0"; version="2.1.0"
                       Unresolved requirement: Import-Package: com.github.weisj.jsvg.parser; version="[2.1.0,3.0.0)"
                         -> Export-Package: com.github.weisj.jsvg.parser; bundle-symbolic-name="com.github.weisj.jsvg"; bundle-version="2.1.0"; version="2.1.0"; uses:="com.github.weisj.jsvg,com.github.weisj.jsvg.paint,com.github.weisj.jsvg.parser.css,com.github.weisj.jsvg.parser.impl,com.github.weisj.jsvg.parser.resources,javax.xml.stream"
                       Unresolved requirement: Import-Package: com.github.weisj.jsvg.view; version="[2.1.0,3.0.0)"
                         -> Export-Package: com.github.weisj.jsvg.view; bundle-symbolic-name="com.github.weisj.jsvg"; bundle-version="2.1.0"; version="2.1.0"
                Unresolved requirement: Require-Bundle: org.eclipse.jface; bundle-version="[3.18.0,4.0.0)"
                  -> Bundle-SymbolicName: org.eclipse.jface; bundle-version="3.39.0.v20260103-1533"; singleton:="true"
                     org.eclipse.jface [510]
                       Unresolved requirement: Require-Capability: eclipse.swt; filter:="(image.format=svg)"
                         -> Provide-Capability: eclipse.swt; image.format="svg"; version:Version="1.0.0"
                Unresolved requirement: Require-Bundle: org.eclipse.e4.ui.css.swt; bundle-version="0.16.0"
                  -> Bundle-SymbolicName: org.eclipse.e4.ui.css.swt; bundle-version="0.16.0.v20251216-1230"; singleton:="true"
                     org.eclipse.e4.ui.css.swt [332]
                       Unresolved requirement: Import-Package: org.eclipse.jface.resource
                         -> Export-Package: org.eclipse.jface.resource; bundle-symbolic-name="org.eclipse.jface"; bundle-version="3.39.0.v20260103-1533"; version="0.0.0"
         Unresolved requirement: Require-Bundle: org.eclipse.ui; bundle-version="[3.208.0,4.0.0)"
           -> Bundle-SymbolicName: org.eclipse.ui; bundle-version="3.208.0.v20251219-1043"; singleton:="true"
              org.eclipse.ui [866]
                Unresolved requirement: Require-Bundle: org.eclipse.jface; bundle-version="[3.34.0,4.0.0)"; visibility:="reexport"
                  -> Bundle-SymbolicName: org.eclipse.jface; bundle-version="3.39.0.v20260103-1533"; singleton:="true"
                Unresolved requirement: Require-Bundle: org.eclipse.ui.workbench; bundle-version="[3.130.0,4.0.0)"; visibility:="reexport"
                  -> Bundle-SymbolicName: org.eclipse.ui.workbench; bundle-version="3.138.0.v20260103-1852"; singleton:="true"
                     org.eclipse.ui.workbench [889]
                       Unresolved requirement: Import-Package: org.eclipse.e4.ui.internal.workbench.renderers.swt
                         -> Export-Package: org.eclipse.e4.ui.internal.workbench.renderers.swt; bundle-symbolic-name="org.eclipse.e4.ui.workbench.renderers.swt"; bundle-version="0.17.0.v20251218-1448"; version="0.0.0"; x-friends:="org.eclipse.ui.workbench"
                            org.eclipse.e4.ui.workbench.renderers.swt [344]
                              Unresolved requirement: Require-Bundle: org.eclipse.e4.ui.bindings; bundle-version="0.9.0"
                                -> Bundle-SymbolicName: org.eclipse.e4.ui.bindings; bundle-version="0.15.0.v20251216-1230"; singleton:="true"
                                   org.eclipse.e4.ui.bindings [330]
                                     Unresolved requirement: Import-Package: org.eclipse.jface.window
                                       -> Export-Package: org.eclipse.jface.window; bundle-symbolic-name="org.eclipse.jface"; bundle-version="3.39.0.v20260103-1533"; version="0.0.0"
                                     Unresolved requirement: Import-Package: org.eclipse.jface.bindings.keys
                                       -> Export-Package: org.eclipse.jface.bindings.keys; bundle-symbolic-name="org.eclipse.jface"; bundle-version="3.39.0.v20260103-1533"; version="0.0.0"
                                     Unresolved requirement: Import-Package: org.eclipse.jface.bindings
                                       -> Export-Package: org.eclipse.jface.bindings; bundle-symbolic-name="org.eclipse.jface"; bundle-version="3.39.0.v20260103-1533"; version="0.0.0"
                                     Unresolved requirement: Import-Package: org.eclipse.jface.dialogs
                                       -> Export-Package: org.eclipse.jface.dialogs; bundle-symbolic-name="org.eclipse.jface"; bundle-version="3.39.0.v20260103-1533"; version="0.0.0"
                              Unresolved requirement: Require-Bundle: org.eclipse.e4.ui.css.swt; bundle-version="0.11.0"
                                -> Bundle-SymbolicName: org.eclipse.e4.ui.css.swt; bundle-version="0.16.0.v20251216-1230"; singleton:="true"
                              Unresolved requirement: Require-Bundle: org.eclipse.e4.ui.workbench.swt; bundle-version="0.9.0"
                                -> Bundle-SymbolicName: org.eclipse.e4.ui.workbench.swt; bundle-version="0.18.0.v20251223-1034"; singleton:="true"
                                   org.eclipse.e4.ui.workbench.swt [345]
                                     Unresolved requirement: Require-Capability: eclipse.swt; filter:="(image.format=svg)"
                                       -> Provide-Capability: eclipse.swt; image.format="svg"; version:Version="1.0.0"
                                     Unresolved requirement: Require-Bundle: org.eclipse.e4.ui.css.swt; bundle-version="0.13.100"
                                       -> Bundle-SymbolicName: org.eclipse.e4.ui.css.swt; bundle-version="0.16.0.v20251216-1230"; singleton:="true"
                                     Unresolved requirement: Require-Bundle: org.eclipse.jface.databinding; bundle-version="[1.3.0,2.0.0)"
                                       -> Bundle-SymbolicName: org.eclipse.jface.databinding; bundle-version="1.16.0.v20251216-1230"
                                          org.eclipse.jface.databinding [511]
                                            Unresolved requirement: Require-Bundle: org.eclipse.jface; bundle-version="[3.2.0,4.0.0)"
                                              -> Bundle-SymbolicName: org.eclipse.jface; bundle-version="3.39.0.v20260103-1533"; singleton:="true"
                                     Unresolved requirement: Require-Bundle: org.eclipse.e4.ui.dialogs; bundle-version="1.1.600"
                                       -> Bundle-SymbolicName: org.eclipse.e4.ui.dialogs; bundle-version="1.7.0.v20251222-0947"
                                          org.eclipse.e4.ui.dialogs [335]
                                            Unresolved requirement: Require-Capability: eclipse.swt; filter:="(image.format=svg)"
                                              -> Provide-Capability: eclipse.swt; image.format="svg"; version:Version="1.0.0"
                                            Unresolved requirement: Require-Bundle: org.eclipse.jface; bundle-version="3.39.0"
                                              -> Bundle-SymbolicName: org.eclipse.jface; bundle-version="3.39.0.v20260103-1533"; singleton:="true"
                                     Unresolved requirement: Require-Bundle: org.eclipse.e4.ui.bindings; bundle-version="0.9.0"
                                       -> Bundle-SymbolicName: org.eclipse.e4.ui.bindings; bundle-version="0.15.0.v20251216-1230"; singleton:="true"
                                     Unresolved requirement: Require-Bundle: org.eclipse.jface; bundle-version="[3.39.0,4.0.0)"
                                       -> Bundle-SymbolicName: org.eclipse.jface; bundle-version="3.39.0.v20260103-1533"; singleton:="true"
                                     Unresolved requirement: Require-Bundle: org.eclipse.e4.ui.css.swt.theme; bundle-version="0.12.0"
                                       -> Bundle-SymbolicName: org.eclipse.e4.ui.css.swt.theme; bundle-version="0.15.0.v20251216-1230"; singleton:="true"
                                          org.eclipse.e4.ui.css.swt.theme [333]
                                            Unresolved requirement: Require-Bundle: org.eclipse.e4.ui.css.swt; bundle-version="0.13.100"
                                              -> Bundle-SymbolicName: org.eclipse.e4.ui.css.swt; bundle-version="0.16.0.v20251216-1230"; singleton:="true"
                              Unresolved requirement: Require-Bundle: org.eclipse.jface; bundle-version="[3.15.0,4.0.0)"
                                -> Bundle-SymbolicName: org.eclipse.jface; bundle-version="3.39.0.v20260103-1533"; singleton:="true"
                              Unresolved requirement: Require-Capability: eclipse.swt; filter:="(image.format=svg)"
                                -> Provide-Capability: eclipse.swt; image.format="svg"; version:Version="1.0.0"
                       Unresolved requirement: Import-Package: org.eclipse.e4.ui.workbench.renderers.swt
                         -> Export-Package: org.eclipse.e4.ui.workbench.renderers.swt; bundle-symbolic-name="org.eclipse.e4.ui.workbench.renderers.swt"; bundle-version="0.17.0.v20251218-1448"; version="0.0.0"; x-friends:="org.eclipse.e4.ui.workbench.addons.swt,org.eclipse.ui.workbench"
                       Unresolved requirement: Import-Package: org.eclipse.e4.ui.internal.workbench.swt
                         -> Export-Package: org.eclipse.e4.ui.internal.workbench.swt; bundle-symbolic-name="org.eclipse.e4.ui.workbench.swt"; bundle-version="0.18.0.v20251223-1034"; version="0.0.0"; x-friends:="org.eclipse.e4.ui.workbench.addons.swt,  org.eclipse.e4.ui.workbench.renderers.swt,  org.eclipse.ui.workbench,  org.eclipse.e4.ui.bindings.tests"
                Unresolved requirement: Require-Capability: eclipse.swt; filter:="(image.format=svg)"
                  -> Provide-Capability: eclipse.swt; image.format="svg"; version:Version="1.0.0"


!ENTRY org.eclipse.datatools.enablement.oracle.ui 2 0 2026-07-30 21:22:02.725
!MESSAGE Could not resolve module: org.eclipse.datatools.enablement.oracle.ui [253]
  Unresolved requirement: Require-Bundle: org.eclipse.ui
    -> Bundle-SymbolicName: org.eclipse.ui; bundle-version="3.208.0.v20251219-1043"; singleton:="true"
       org.eclipse.ui [866]
         Unresolved requirement: Require-Bundle: org.eclipse.jface; bundle-version="[3.34.0,4.0.0)"; visibility:="reexport"
           -> Bundle-SymbolicName: org.eclipse.jface; bundle-version="3.39.0.v20260103-1533"; singleton:="true"
              org.eclipse.jface [510]
                Unresolved requirement: Require-Capability: eclipse.swt; filter:="(image.format=svg)"
                  -> Provide-Capability: eclipse.swt; image.format="svg"; version:Version="1.0.0"
                     org.eclipse.swt.svg [842]
                       Unresolved requirement: Fragment-Host: org.eclipse.swt
                       Unresolved requirement: Fragment-Host: org.eclipse.swt
                       Unresolved requirement: Fragment-Host: org.eclipse.swt
                       Unresolved requirement: Fragment-Host: org.eclipse.swt
                       Unresolved requirement: Fragment-Host: org.eclipse.swt
                       Unresolved requirement: Import-Package: com.github.weisj.jsvg; version="[2.1.0,3.0.0)"
                         -> Export-Package: com.github.weisj.jsvg; bundle-symbolic-name="com.github.weisj.jsvg"; bundle-version="2.1.0"; version="2.1.0"; uses:="com.github.weisj.jsvg.renderer,com.github.weisj.jsvg.renderer.animation,com.github.weisj.jsvg.renderer.output,com.github.weisj.jsvg.view,javax.swing"
                            com.github.weisj.jsvg [21]
                              Unresolved requirement: Require-Capability: osgi.serviceloader; osgi.serviceloader="com.github.weisj.jsvg.logging.LogManager"; filter:="(osgi.serviceloader=com.github.weisj.jsvg.logging.LogManager)"
                                -> Provide-Capability: osgi.serviceloader; osgi.serviceloader="com.github.weisj.jsvg.logging.LogManager"; register:="org.eclipse.swt.svg.logging.JVSGLoggerLogManager"
                              Unresolved requirement: Require-Capability: osgi.extender; filter:="(&(osgi.extender=osgi.serviceloader.processor)(version>=1.0.0)(!(version>=2.0.0)))"
                                -> Provide-Capability: osgi.extender; osgi.extender="osgi.serviceloader.processor"; version:Version="1.0.0"; uses:="org.apache.aries.spifly"
                                   org.apache.aries.spifly.dynamic.bundle [97]
                                     Bundle was not resolved because of a uses constraint violation.
  org.apache.felix.resolver.reason.ReasonException: Uses constraint violation. Unable to resolve resource org.apache.aries.spifly.dynamic.bundle [osgi.identity; type="osgi.bundle"; version:Version="1.3.7"; osgi.identity="org.apache.aries.spifly.dynamic.bundle"] because it is exposed to package 'org.objectweb.asm' from resources org.objectweb.asm [osgi.identity; type="osgi.bundle"; version:Version="9.9.1"; osgi.identity="org.objectweb.asm"] and org.objectweb.asm [osgi.identity; type="osgi.bundle"; version:Version="9.10.1"; osgi.identity="org.objectweb.asm"] via two dependency chains.

Chain 1:
  org.apache.aries.spifly.dynamic.bundle [osgi.identity; type="osgi.bundle"; version:Version="1.3.7"; osgi.identity="org.apache.aries.spifly.dynamic.bundle"]
    import: (&(osgi.wiring.package=org.objectweb.asm)(&(version>=9.6.0)(!(version>=10.0.0))))
     |
    export: osgi.wiring.package: org.objectweb.asm
  org.objectweb.asm [osgi.identity; type="osgi.bundle"; version:Version="9.9.1"; osgi.identity="org.objectweb.asm"]

Chain 2:
  org.apache.aries.spifly.dynamic.bundle [osgi.identity; type="osgi.bundle"; version:Version="1.3.7"; osgi.identity="org.apache.aries.spifly.dynamic.bundle"]
    import: (&(osgi.wiring.package=org.objectweb.asm.util)(&(version>=9.6.0)(!(version>=10.0.0))))
     |
    export: osgi.wiring.package=org.objectweb.asm.util; uses:=org.objectweb.asm
  org.objectweb.asm.util [osgi.identity; type="osgi.bundle"; version:Version="9.10.1"; osgi.identity="org.objectweb.asm.util"]
    import: (&(osgi.wiring.package=org.objectweb.asm)(&(version>=9.10.1)(!(version>=9.11.0))))
     |
    export: osgi.wiring.package: org.objectweb.asm
  org.objectweb.asm [osgi.identity; type="osgi.bundle"; version:Version="9.10.1"; osgi.identity="org.objectweb.asm"]                       Unresolved requirement: Import-Package: com.github.weisj.jsvg.logging; version="[2.1.0,3.0.0)"
                         -> Export-Package: com.github.weisj.jsvg.logging; bundle-symbolic-name="com.github.weisj.jsvg"; bundle-version="2.1.0"; version="2.1.0"
                       Unresolved requirement: Import-Package: com.github.weisj.jsvg.parser; version="[2.1.0,3.0.0)"
                         -> Export-Package: com.github.weisj.jsvg.parser; bundle-symbolic-name="com.github.weisj.jsvg"; bundle-version="2.1.0"; version="2.1.0"; uses:="com.github.weisj.jsvg,com.github.weisj.jsvg.paint,com.github.weisj.jsvg.parser.css,com.github.weisj.jsvg.parser.impl,com.github.weisj.jsvg.parser.resources,javax.xml.stream"
                       Unresolved requirement: Import-Package: com.github.weisj.jsvg.view; version="[2.1.0,3.0.0)"
                         -> Export-Package: com.github.weisj.jsvg.view; bundle-symbolic-name="com.github.weisj.jsvg"; bundle-version="2.1.0"; version="2.1.0"
         Unresolved requirement: Require-Bundle: org.eclipse.ui.workbench; bundle-version="[3.130.0,4.0.0)"; visibility:="reexport"
           -> Bundle-SymbolicName: org.eclipse.ui.workbench; bundle-version="3.138.0.v20260103-1852"; singleton:="true"
              org.eclipse.ui.workbench [889]
                Unresolved requirement: Import-Package: org.eclipse.e4.ui.internal.workbench.renderers.swt
                  -> Export-Package: org.eclipse.e4.ui.internal.workbench.renderers.swt; bundle-symbolic-name="org.eclipse.e4.ui.workbench.renderers.swt"; bundle-version="0.17.0.v20251218-1448"; version="0.0.0"; x-friends:="org.eclipse.ui.workbench"
                     org.eclipse.e4.ui.workbench.renderers.swt [344]
                       Unresolved requirement: Require-Bundle: org.eclipse.e4.ui.bindings; bundle-version="0.9.0"
                         -> Bundle-SymbolicName: org.eclipse.e4.ui.bindings; bundle-version="0.15.0.v20251216-1230"; singleton:="true"
                            org.eclipse.e4.ui.bindings [330]
                              Unresolved requirement: Import-Package: org.eclipse.jface.window
                                -> Export-Package: org.eclipse.jface.window; bundle-symbolic-name="org.eclipse.jface"; bundle-version="3.39.0.v20260103-1533"; version="0.0.0"
                              Unresolved requirement: Import-Package: org.eclipse.jface.bindings.keys
                                -> Export-Package: org.eclipse.jface.bindings.keys; bundle-symbolic-name="org.eclipse.jface"; bundle-version="3.39.0.v20260103-1533"; version="0.0.0"
                              Unresolved requirement: Import-Package: org.eclipse.jface.bindings
                                -> Export-Package: org.eclipse.jface.bindings; bundle-symbolic-name="org.eclipse.jface"; bundle-version="3.39.0.v20260103-1533"; version="0.0.0"
                              Unresolved requirement: Import-Package: org.eclipse.jface.dialogs
                                -> Export-Package: org.eclipse.jface.dialogs; bundle-symbolic-name="org.eclipse.jface"; bundle-version="3.39.0.v20260103-1533"; version="0.0.0"
                       Unresolved requirement: Require-Bundle: org.eclipse.e4.ui.css.swt; bundle-version="0.11.0"
                         -> Bundle-SymbolicName: org.eclipse.e4.ui.css.swt; bundle-version="0.16.0.v20251216-1230"; singleton:="true"
                            org.eclipse.e4.ui.css.swt [332]
                              Unresolved requirement: Import-Package: org.eclipse.jface.resource
                                -> Export-Package: org.eclipse.jface.resource; bundle-symbolic-name="org.eclipse.jface"; bundle-version="3.39.0.v20260103-1533"; version="0.0.0"
                       Unresolved requirement: Require-Bundle: org.eclipse.e4.ui.workbench.swt; bundle-version="0.9.0"
                         -> Bundle-SymbolicName: org.eclipse.e4.ui.workbench.swt; bundle-version="0.18.0.v20251223-1034"; singleton:="true"
                            org.eclipse.e4.ui.workbench.swt [345]
                              Unresolved requirement: Require-Capability: eclipse.swt; filter:="(image.format=svg)"
                                -> Provide-Capability: eclipse.swt; image.format="svg"; version:Version="1.0.0"
                              Unresolved requirement: Require-Bundle: org.eclipse.e4.ui.css.swt; bundle-version="0.13.100"
                                -> Bundle-SymbolicName: org.eclipse.e4.ui.css.swt; bundle-version="0.16.0.v20251216-1230"; singleton:="true"
                              Unresolved requirement: Require-Bundle: org.eclipse.jface.databinding; bundle-version="[1.3.0,2.0.0)"
                                -> Bundle-SymbolicName: org.eclipse.jface.databinding; bundle-version="1.16.0.v20251216-1230"
                                   org.eclipse.jface.databinding [511]
                                     Unresolved requirement: Require-Bundle: org.eclipse.jface; bundle-version="[3.2.0,4.0.0)"
                                       -> Bundle-SymbolicName: org.eclipse.jface; bundle-version="3.39.0.v20260103-1533"; singleton:="true"
                              Unresolved requirement: Require-Bundle: org.eclipse.e4.ui.dialogs; bundle-version="1.1.600"
                                -> Bundle-SymbolicName: org.eclipse.e4.ui.dialogs; bundle-version="1.7.0.v20251222-0947"
                                   org.eclipse.e4.ui.dialogs [335]
                                     Unresolved requirement: Require-Capability: eclipse.swt; filter:="(image.format=svg)"
                                       -> Provide-Capability: eclipse.swt; image.format="svg"; version:Version="1.0.0"
                                     Unresolved requirement: Require-Bundle: org.eclipse.jface; bundle-version="3.39.0"
                                       -> Bundle-SymbolicName: org.eclipse.jface; bundle-version="3.39.0.v20260103-1533"; singleton:="true"
                              Unresolved requirement: Require-Bundle: org.eclipse.e4.ui.bindings; bundle-version="0.9.0"
                                -> Bundle-SymbolicName: org.eclipse.e4.ui.bindings; bundle-version="0.15.0.v20251216-1230"; singleton:="true"
                              Unresolved requirement: Require-Bundle: org.eclipse.jface; bundle-version="[3.39.0,4.0.0)"
                                -> Bundle-SymbolicName: org.eclipse.jface; bundle-version="3.39.0.v20260103-1533"; singleton:="true"
                              Unresolved requirement: Require-Bundle: org.eclipse.e4.ui.css.swt.theme; bundle-version="0.12.0"
                                -> Bundle-SymbolicName: org.eclipse.e4.ui.css.swt.theme; bundle-version="0.15.0.v20251216-1230"; singleton:="true"
                                   org.eclipse.e4.ui.css.swt.theme [333]
                                     Unresolved requirement: Require-Bundle: org.eclipse.e4.ui.css.swt; bundle-version="0.13.100"
                                       -> Bundle-SymbolicName: org.eclipse.e4.ui.css.swt; bundle-version="0.16.0.v20251216-1230"; singleton:="true"
                       Unresolved requirement: Require-Bundle: org.eclipse.jface; bundle-version="[3.15.0,4.0.0)"
                         -> Bundle-SymbolicName: org.eclipse.jface; bundle-version="3.39.0.v20260103-1533"; singleton:="true"
                       Unresolved requirement: Require-Capability: eclipse.swt; filter:="(image.format=svg)"
                         -> Provide-Capability: eclipse.swt; image.format="svg"; version:Version="1.0.0"
                Unresolved requirement: Import-Package: org.eclipse.e4.ui.workbench.renderers.swt
                  -> Export-Package: org.eclipse.e4.ui.workbench.renderers.swt; bundle-symbolic-name="org.eclipse.e4.ui.workbench.renderers.swt"; bundle-version="0.17.0.v20251218-1448"; version="0.0.0"; x-friends:="org.eclipse.e4.ui.workbench.addons.swt,org.eclipse.ui.workbench"
                Unresolved requirement: Import-Package: org.eclipse.e4.ui.internal.workbench.swt
                  -> Export-Package: org.eclipse.e4.ui.internal.workbench.swt; bundle-symbolic-name="org.eclipse.e4.ui.workbench.swt"; bundle-version="0.18.0.v20251223-1034"; version="0.0.0"; x-friends:="org.eclipse.e4.ui.workbench.addons.swt,  org.eclipse.e4.ui.workbench.renderers.swt,  org.eclipse.ui.workbench,  org.eclipse.e4.ui.bindings.tests"
         Unresolved requirement: Require-Capability: eclipse.swt; filter:="(image.format=svg)"
           -> Provide-Capability: eclipse.swt; image.format="svg"; version:Version="1.0.0"
  Unresolved requirement: Require-Bundle: org.eclipse.datatools.connectivity.ui
    -> Bundle-SymbolicName: org.eclipse.datatools.connectivity.ui; bundle-version="1.5.0.202412071309"; singleton:="true"
       org.eclipse.datatools.connectivity.ui [213]
         Unresolved requirement: Require-Bundle: org.eclipse.ui
           -> Bundle-SymbolicName: org.eclipse.ui; bundle-version="3.208.0.v20251219-1043"; singleton:="true"
         Unresolved requirement: Require-Bundle: org.eclipse.ui.views
           -> Bundle-SymbolicName: org.eclipse.ui.views; bundle-version="3.13.0.v20251217-0909"; singleton:="true"
              org.eclipse.ui.views [885]
                Unresolved requirement: Require-Bundle: org.eclipse.ui; bundle-version="[3.208.0,4.0.0)"
                  -> Bundle-SymbolicName: org.eclipse.ui; bundle-version="3.208.0.v20251219-1043"; singleton:="true"
                Unresolved requirement: Require-Bundle: org.eclipse.jface; bundle-version="[3.39.0,4.0.0)"
                  -> Bundle-SymbolicName: org.eclipse.jface; bundle-version="3.39.0.v20260103-1533"; singleton:="true"
         Unresolved requirement: Require-Bundle: org.eclipse.ui.navigator
           -> Bundle-SymbolicName: org.eclipse.ui.navigator; bundle-version="3.14.0.v20260103-1533"; singleton:="true"
              org.eclipse.ui.navigator [880]
                Unresolved requirement: Require-Bundle: org.eclipse.ui; bundle-version="[3.208.0,4.0.0)"
                  -> Bundle-SymbolicName: org.eclipse.ui; bundle-version="3.208.0.v20251219-1043"; singleton:="true"
         Unresolved requirement: Require-Bundle: org.eclipse.datatools.help
           -> Bundle-SymbolicName: org.eclipse.datatools.help; bundle-version="1.8.0.202311071249"; singleton:="true"
              org.eclipse.datatools.help [275]
                Unresolved requirement: Require-Bundle: org.eclipse.ui
                  -> Bundle-SymbolicName: org.eclipse.ui; bundle-version="3.208.0.v20251219-1043"; singleton:="true"


!ENTRY org.eclipse.datatools.sqltools.db.generic 2 0 2026-07-30 21:22:02.735
!MESSAGE Could not resolve module: org.eclipse.datatools.sqltools.db.generic [291]
  Unresolved requirement: Require-Bundle: org.eclipse.jface.text
    -> Bundle-SymbolicName: org.eclipse.jface.text; bundle-version="3.30.0.v20251218-1237"
       org.eclipse.jface.text [513]
         Unresolved requirement: Require-Bundle: org.eclipse.jface; bundle-version="[3.39.0,4.0.0)"
           -> Bundle-SymbolicName: org.eclipse.jface; bundle-version="3.39.0.v20260103-1533"; singleton:="true"
              org.eclipse.jface [510]
                Unresolved requirement: Require-Capability: eclipse.swt; filter:="(image.format=svg)"
                  -> Provide-Capability: eclipse.swt; image.format="svg"; version:Version="1.0.0"
                     org.eclipse.swt.svg [842]
                       Unresolved requirement: Fragment-Host: org.eclipse.swt
                       Unresolved requirement: Fragment-Host: org.eclipse.swt
                       Unresolved requirement: Fragment-Host: org.eclipse.swt
                       Unresolved requirement: Fragment-Host: org.eclipse.swt
                       Unresolved requirement: Fragment-Host: org.eclipse.swt
                       Unresolved requirement: Import-Package: com.github.weisj.jsvg; version="[2.1.0,3.0.0)"
                         -> Export-Package: com.github.weisj.jsvg; bundle-symbolic-name="com.github.weisj.jsvg"; bundle-version="2.1.0"; version="2.1.0"; uses:="com.github.weisj.jsvg.renderer,com.github.weisj.jsvg.renderer.animation,com.github.weisj.jsvg.renderer.output,com.github.weisj.jsvg.view,javax.swing"
                            com.github.weisj.jsvg [21]
                              Unresolved requirement: Require-Capability: osgi.serviceloader; osgi.serviceloader="com.github.weisj.jsvg.logging.LogManager"; filter:="(osgi.serviceloader=com.github.weisj.jsvg.logging.LogManager)"
                                -> Provide-Capability: osgi.serviceloader; osgi.serviceloader="com.github.weisj.jsvg.logging.LogManager"; register:="org.eclipse.swt.svg.logging.JVSGLoggerLogManager"
                              Unresolved requirement: Require-Capability: osgi.extender; filter:="(&(osgi.extender=osgi.serviceloader.processor)(version>=1.0.0)(!(version>=2.0.0)))"
                                -> Provide-Capability: osgi.extender; osgi.extender="osgi.serviceloader.processor"; version:Version="1.0.0"; uses:="org.apache.aries.spifly"
                                   org.apache.aries.spifly.dynamic.bundle [97]
                                     Bundle was not resolved because of a uses constraint violation.
  org.apache.felix.resolver.reason.ReasonException: Uses constraint violation. Unable to resolve resource org.apache.aries.spifly.dynamic.bundle [osgi.identity; type="osgi.bundle"; version:Version="1.3.7"; osgi.identity="org.apache.aries.spifly.dynamic.bundle"] because it is exposed to package 'org.objectweb.asm' from resources org.objectweb.asm [osgi.identity; type="osgi.bundle"; version:Version="9.9.1"; osgi.identity="org.objectweb.asm"] and org.objectweb.asm [osgi.identity; type="osgi.bundle"; version:Version="9.10.1"; osgi.identity="org.objectweb.asm"] via two dependency chains.

Chain 1:
  org.apache.aries.spifly.dynamic.bundle [osgi.identity; type="osgi.bundle"; version:Version="1.3.7"; osgi.identity="org.apache.aries.spifly.dynamic.bundle"]
    import: (&(osgi.wiring.package=org.objectweb.asm)(&(version>=9.6.0)(!(version>=10.0.0))))
     |
    export: osgi.wiring.package: org.objectweb.asm
  org.objectweb.asm [osgi.identity; type="osgi.bundle"; version:Version="9.9.1"; osgi.identity="org.objectweb.asm"]

Chain 2:
  org.apache.aries.spifly.dynamic.bundle [osgi.identity; type="osgi.bundle"; version:Version="1.3.7"; osgi.identity="org.apache.aries.spifly.dynamic.bundle"]
    import: (&(osgi.wiring.package=org.objectweb.asm.util)(&(version>=9.6.0)(!(version>=10.0.0))))
     |
    export: osgi.wiring.package=org.objectweb.asm.util; uses:=org.objectweb.asm
  org.objectweb.asm.util [osgi.identity; type="osgi.bundle"; version:Version="9.10.1"; osgi.identity="org.objectweb.asm.util"]
    import: (&(osgi.wiring.package=org.objectweb.asm)(&(version>=9.10.1)(!(version>=9.11.0))))
     |
    export: osgi.wiring.package: org.objectweb.asm
  org.objectweb.asm [osgi.identity; type="osgi.bundle"; version:Version="9.10.1"; osgi.identity="org.objectweb.asm"]                       Unresolved requirement: Import-Package: com.github.weisj.jsvg.logging; version="[2.1.0,3.0.0)"
                         -> Export-Package: com.github.weisj.jsvg.logging; bundle-symbolic-name="com.github.weisj.jsvg"; bundle-version="2.1.0"; version="2.1.0"
                       Unresolved requirement: Import-Package: com.github.weisj.jsvg.parser; version="[2.1.0,3.0.0)"
                         -> Export-Package: com.github.weisj.jsvg.parser; bundle-symbolic-name="com.github.weisj.jsvg"; bundle-version="2.1.0"; version="2.1.0"; uses:="com.github.weisj.jsvg,com.github.weisj.jsvg.paint,com.github.weisj.jsvg.parser.css,com.github.weisj.jsvg.parser.impl,com.github.weisj.jsvg.parser.resources,javax.xml.stream"
                       Unresolved requirement: Import-Package: com.github.weisj.jsvg.view; version="[2.1.0,3.0.0)"
                         -> Export-Package: com.github.weisj.jsvg.view; bundle-symbolic-name="com.github.weisj.jsvg"; bundle-version="2.1.0"; version="2.1.0"
         Unresolved requirement: Require-Capability: eclipse.swt; filter:="(image.format=svg)"
           -> Provide-Capability: eclipse.swt; image.format="svg"; version:Version="1.0.0"


!ENTRY org.eclipse.equinox.p2.ui.sdk.scheduler 2 0 2026-07-30 21:22:02.737
!MESSAGE Could not resolve module: org.eclipse.equinox.p2.ui.sdk.scheduler [448]
  Unresolved requirement: Import-Package: org.eclipse.equinox.internal.p2.ui
    -> Export-Package: org.eclipse.equinox.internal.p2.ui; bundle-symbolic-name="org.eclipse.equinox.p2.ui"; bundle-version="2.8.1000.v20251111-1030"; version="0.0.0"; x-friends:="org.eclipse.equinox.p2.ui.admin,  org.eclipse.pde.ui,  org.eclipse.equinox.p2.ui.sdk,  org.eclipse.equinox.p2.ui.rcp,  org.eclipse.equinox.p2.ui.importexport,  org.eclipse.equinox.p2.ui.sdk.scheduler,  org.eclipse.equinox.p2.discovery,  org.eclipse.equinox.p2.ui.discovery"
       org.eclipse.equinox.p2.ui [444]
         Unresolved requirement: Import-Package: org.eclipse.e4.ui.progress
           -> Export-Package: org.eclipse.e4.ui.progress; bundle-symbolic-name="org.eclipse.e4.ui.progress"; bundle-version="0.5.0.v20251217-1052"; version="0.0.0"
              org.eclipse.e4.ui.progress [338]
                Unresolved requirement: Require-Bundle: org.eclipse.jface; bundle-version="3.39.0"
                  -> Bundle-SymbolicName: org.eclipse.jface; bundle-version="3.39.0.v20260103-1533"; singleton:="true"
                     org.eclipse.jface [510]
                       Unresolved requirement: Require-Capability: eclipse.swt; filter:="(image.format=svg)"
                         -> Provide-Capability: eclipse.swt; image.format="svg"; version:Version="1.0.0"
                            org.eclipse.swt.svg [842]
                              Unresolved requirement: Fragment-Host: org.eclipse.swt
                              Unresolved requirement: Fragment-Host: org.eclipse.swt
                              Unresolved requirement: Fragment-Host: org.eclipse.swt
                              Unresolved requirement: Fragment-Host: org.eclipse.swt
                              Unresolved requirement: Fragment-Host: org.eclipse.swt
                              Unresolved requirement: Import-Package: com.github.weisj.jsvg; version="[2.1.0,3.0.0)"
                                -> Export-Package: com.github.weisj.jsvg; bundle-symbolic-name="com.github.weisj.jsvg"; bundle-version="2.1.0"; version="2.1.0"; uses:="com.github.weisj.jsvg.renderer,com.github.weisj.jsvg.renderer.animation,com.github.weisj.jsvg.renderer.output,com.github.weisj.jsvg.view,javax.swing"
                                   com.github.weisj.jsvg [21]
                                     Unresolved requirement: Require-Capability: osgi.serviceloader; osgi.serviceloader="com.github.weisj.jsvg.logging.LogManager"; filter:="(osgi.serviceloader=com.github.weisj.jsvg.logging.LogManager)"
                                       -> Provide-Capability: osgi.serviceloader; osgi.serviceloader="com.github.weisj.jsvg.logging.LogManager"; register:="org.eclipse.swt.svg.logging.JVSGLoggerLogManager"
                                     Unresolved requirement: Require-Capability: osgi.extender; filter:="(&(osgi.extender=osgi.serviceloader.processor)(version>=1.0.0)(!(version>=2.0.0)))"
                                       -> Provide-Capability: osgi.extender; osgi.extender="osgi.serviceloader.processor"; version:Version="1.0.0"; uses:="org.apache.aries.spifly"
                                          org.apache.aries.spifly.dynamic.bundle [97]
                                            Bundle was not resolved because of a uses constraint violation.
  org.apache.felix.resolver.reason.ReasonException: Uses constraint violation. Unable to resolve resource org.apache.aries.spifly.dynamic.bundle [osgi.identity; type="osgi.bundle"; version:Version="1.3.7"; osgi.identity="org.apache.aries.spifly.dynamic.bundle"] because it is exposed to package 'org.objectweb.asm' from resources org.objectweb.asm [osgi.identity; type="osgi.bundle"; version:Version="9.9.1"; osgi.identity="org.objectweb.asm"] and org.objectweb.asm [osgi.identity; type="osgi.bundle"; version:Version="9.10.1"; osgi.identity="org.objectweb.asm"] via two dependency chains.

Chain 1:
  org.apache.aries.spifly.dynamic.bundle [osgi.identity; type="osgi.bundle"; version:Version="1.3.7"; osgi.identity="org.apache.aries.spifly.dynamic.bundle"]
    import: (&(osgi.wiring.package=org.objectweb.asm)(&(version>=9.6.0)(!(version>=10.0.0))))
     |
    export: osgi.wiring.package: org.objectweb.asm
  org.objectweb.asm [osgi.identity; type="osgi.bundle"; version:Version="9.9.1"; osgi.identity="org.objectweb.asm"]

Chain 2:
  org.apache.aries.spifly.dynamic.bundle [osgi.identity; type="osgi.bundle"; version:Version="1.3.7"; osgi.identity="org.apache.aries.spifly.dynamic.bundle"]
    import: (&(osgi.wiring.package=org.objectweb.asm.util)(&(version>=9.6.0)(!(version>=10.0.0))))
     |
    export: osgi.wiring.package=org.objectweb.asm.util; uses:=org.objectweb.asm
  org.objectweb.asm.util [osgi.identity; type="osgi.bundle"; version:Version="9.10.1"; osgi.identity="org.objectweb.asm.util"]
    import: (&(osgi.wiring.package=org.objectweb.asm)(&(version>=9.10.1)(!(version>=9.11.0))))
     |
    export: osgi.wiring.package: org.objectweb.asm
  org.objectweb.asm [osgi.identity; type="osgi.bundle"; version:Version="9.10.1"; osgi.identity="org.objectweb.asm"]                              Unresolved requirement: Import-Package: com.github.weisj.jsvg.logging; version="[2.1.0,3.0.0)"
                                -> Export-Package: com.github.weisj.jsvg.logging; bundle-symbolic-name="com.github.weisj.jsvg"; bundle-version="2.1.0"; version="2.1.0"
                              Unresolved requirement: Import-Package: com.github.weisj.jsvg.parser; version="[2.1.0,3.0.0)"
                                -> Export-Package: com.github.weisj.jsvg.parser; bundle-symbolic-name="com.github.weisj.jsvg"; bundle-version="2.1.0"; version="2.1.0"; uses:="com.github.weisj.jsvg,com.github.weisj.jsvg.paint,com.github.weisj.jsvg.parser.css,com.github.weisj.jsvg.parser.impl,com.github.weisj.jsvg.parser.resources,javax.xml.stream"
                              Unresolved requirement: Import-Package: com.github.weisj.jsvg.view; version="[2.1.0,3.0.0)"
                                -> Export-Package: com.github.weisj.jsvg.view; bundle-symbolic-name="com.github.weisj.jsvg"; bundle-version="2.1.0"; version="2.1.0"
                Unresolved requirement: Require-Bundle: org.eclipse.e4.ui.workbench.swt
                  -> Bundle-SymbolicName: org.eclipse.e4.ui.workbench.swt; bundle-version="0.18.0.v20251223-1034"; singleton:="true"
                     org.eclipse.e4.ui.workbench.swt [345]
                       Unresolved requirement: Require-Capability: eclipse.swt; filter:="(image.format=svg)"
                         -> Provide-Capability: eclipse.swt; image.format="svg"; version:Version="1.0.0"
                       Unresolved requirement: Require-Bundle: org.eclipse.e4.ui.css.swt; bundle-version="0.13.100"
                         -> Bundle-SymbolicName: org.eclipse.e4.ui.css.swt; bundle-version="0.16.0.v20251216-1230"; singleton:="true"
                            org.eclipse.e4.ui.css.swt [332]
                              Unresolved requirement: Import-Package: org.eclipse.jface.resource
                                -> Export-Package: org.eclipse.jface.resource; bundle-symbolic-name="org.eclipse.jface"; bundle-version="3.39.0.v20260103-1533"; version="0.0.0"
                       Unresolved requirement: Require-Bundle: org.eclipse.jface.databinding; bundle-version="[1.3.0,2.0.0)"
                         -> Bundle-SymbolicName: org.eclipse.jface.databinding; bundle-version="1.16.0.v20251216-1230"
                            org.eclipse.jface.databinding [511]
                              Unresolved requirement: Require-Bundle: org.eclipse.jface; bundle-version="[3.2.0,4.0.0)"
                                -> Bundle-SymbolicName: org.eclipse.jface; bundle-version="3.39.0.v20260103-1533"; singleton:="true"
                       Unresolved requirement: Require-Bundle: org.eclipse.e4.ui.dialogs; bundle-version="1.1.600"
                         -> Bundle-SymbolicName: org.eclipse.e4.ui.dialogs; bundle-version="1.7.0.v20251222-0947"
                            org.eclipse.e4.ui.dialogs [335]
                              Unresolved requirement: Require-Capability: eclipse.swt; filter:="(image.format=svg)"
                                -> Provide-Capability: eclipse.swt; image.format="svg"; version:Version="1.0.0"
                              Unresolved requirement: Require-Bundle: org.eclipse.jface; bundle-version="3.39.0"
                                -> Bundle-SymbolicName: org.eclipse.jface; bundle-version="3.39.0.v20260103-1533"; singleton:="true"
                       Unresolved requirement: Require-Bundle: org.eclipse.e4.ui.bindings; bundle-version="0.9.0"
                         -> Bundle-SymbolicName: org.eclipse.e4.ui.bindings; bundle-version="0.15.0.v20251216-1230"; singleton:="true"
                            org.eclipse.e4.ui.bindings [330]
                              Unresolved requirement: Import-Package: org.eclipse.jface.window
                                -> Export-Package: org.eclipse.jface.window; bundle-symbolic-name="org.eclipse.jface"; bundle-version="3.39.0.v20260103-1533"; version="0.0.0"
                              Unresolved requirement: Import-Package: org.eclipse.jface.bindings.keys
                                -> Export-Package: org.eclipse.jface.bindings.keys; bundle-symbolic-name="org.eclipse.jface"; bundle-version="3.39.0.v20260103-1533"; version="0.0.0"
                              Unresolved requirement: Import-Package: org.eclipse.jface.bindings
                                -> Export-Package: org.eclipse.jface.bindings; bundle-symbolic-name="org.eclipse.jface"; bundle-version="3.39.0.v20260103-1533"; version="0.0.0"
                              Unresolved requirement: Import-Package: org.eclipse.jface.dialogs
                                -> Export-Package: org.eclipse.jface.dialogs; bundle-symbolic-name="org.eclipse.jface"; bundle-version="3.39.0.v20260103-1533"; version="0.0.0"
                       Unresolved requirement: Require-Bundle: org.eclipse.jface; bundle-version="[3.39.0,4.0.0)"
                         -> Bundle-SymbolicName: org.eclipse.jface; bundle-version="3.39.0.v20260103-1533"; singleton:="true"
                       Unresolved requirement: Require-Bundle: org.eclipse.e4.ui.css.swt.theme; bundle-version="0.12.0"
                         -> Bundle-SymbolicName: org.eclipse.e4.ui.css.swt.theme; bundle-version="0.15.0.v20251216-1230"; singleton:="true"
                            org.eclipse.e4.ui.css.swt.theme [333]
                              Unresolved requirement: Require-Bundle: org.eclipse.e4.ui.css.swt; bundle-version="0.13.100"
                                -> Bundle-SymbolicName: org.eclipse.e4.ui.css.swt; bundle-version="0.16.0.v20251216-1230"; singleton:="true"
                Unresolved requirement: Require-Capability: eclipse.swt; filter:="(image.format=svg)"
                  -> Provide-Capability: eclipse.swt; image.format="svg"; version:Version="1.0.0"


!ENTRY org.eclipse.m2e.wtp 2 0 2026-07-30 21:22:02.739
!MESSAGE Could not resolve module: org.eclipse.m2e.wtp [695]
  Unresolved requirement: Require-Bundle: org.eclipse.jface
    -> Bundle-SymbolicName: org.eclipse.jface; bundle-version="3.39.0.v20260103-1533"; singleton:="true"
       org.eclipse.jface [510]
         Unresolved requirement: Require-Capability: eclipse.swt; filter:="(image.format=svg)"
           -> Provide-Capability: eclipse.swt; image.format="svg"; version:Version="1.0.0"
              org.eclipse.swt.svg [842]
                Unresolved requirement: Fragment-Host: org.eclipse.swt
                Unresolved requirement: Fragment-Host: org.eclipse.swt
                Unresolved requirement: Fragment-Host: org.eclipse.swt
                Unresolved requirement: Fragment-Host: org.eclipse.swt
                Unresolved requirement: Fragment-Host: org.eclipse.swt
                Unresolved requirement: Import-Package: com.github.weisj.jsvg; version="[2.1.0,3.0.0)"
                  -> Export-Package: com.github.weisj.jsvg; bundle-symbolic-name="com.github.weisj.jsvg"; bundle-version="2.1.0"; version="2.1.0"; uses:="com.github.weisj.jsvg.renderer,com.github.weisj.jsvg.renderer.animation,com.github.weisj.jsvg.renderer.output,com.github.weisj.jsvg.view,javax.swing"
                     com.github.weisj.jsvg [21]
                       Unresolved requirement: Require-Capability: osgi.serviceloader; osgi.serviceloader="com.github.weisj.jsvg.logging.LogManager"; filter:="(osgi.serviceloader=com.github.weisj.jsvg.logging.LogManager)"
                         -> Provide-Capability: osgi.serviceloader; osgi.serviceloader="com.github.weisj.jsvg.logging.LogManager"; register:="org.eclipse.swt.svg.logging.JVSGLoggerLogManager"
                       Unresolved requirement: Require-Capability: osgi.extender; filter:="(&(osgi.extender=osgi.serviceloader.processor)(version>=1.0.0)(!(version>=2.0.0)))"
                         -> Provide-Capability: osgi.extender; osgi.extender="osgi.serviceloader.processor"; version:Version="1.0.0"; uses:="org.apache.aries.spifly"
                            org.apache.aries.spifly.dynamic.bundle [97]
                              Bundle was not resolved because of a uses constraint violation.
  org.apache.felix.resolver.reason.ReasonException: Uses constraint violation. Unable to resolve resource org.apache.aries.spifly.dynamic.bundle [osgi.identity; type="osgi.bundle"; version:Version="1.3.7"; osgi.identity="org.apache.aries.spifly.dynamic.bundle"] because it is exposed to package 'org.objectweb.asm' from resources org.objectweb.asm [osgi.identity; type="osgi.bundle"; version:Version="9.9.1"; osgi.identity="org.objectweb.asm"] and org.objectweb.asm [osgi.identity; type="osgi.bundle"; version:Version="9.10.1"; osgi.identity="org.objectweb.asm"] via two dependency chains.

Chain 1:
  org.apache.aries.spifly.dynamic.bundle [osgi.identity; type="osgi.bundle"; version:Version="1.3.7"; osgi.identity="org.apache.aries.spifly.dynamic.bundle"]
    import: (&(osgi.wiring.package=org.objectweb.asm)(&(version>=9.6.0)(!(version>=10.0.0))))
     |
    export: osgi.wiring.package: org.objectweb.asm
  org.objectweb.asm [osgi.identity; type="osgi.bundle"; version:Version="9.9.1"; osgi.identity="org.objectweb.asm"]

Chain 2:
  org.apache.aries.spifly.dynamic.bundle [osgi.identity; type="osgi.bundle"; version:Version="1.3.7"; osgi.identity="org.apache.aries.spifly.dynamic.bundle"]
    import: (&(osgi.wiring.package=org.objectweb.asm.util)(&(version>=9.6.0)(!(version>=10.0.0))))
     |
    export: osgi.wiring.package=org.objectweb.asm.util; uses:=org.objectweb.asm
  org.objectweb.asm.util [osgi.identity; type="osgi.bundle"; version:Version="9.10.1"; osgi.identity="org.objectweb.asm.util"]
    import: (&(osgi.wiring.package=org.objectweb.asm)(&(version>=9.10.1)(!(version>=9.11.0))))
     |
    export: osgi.wiring.package: org.objectweb.asm
  org.objectweb.asm [osgi.identity; type="osgi.bundle"; version:Version="9.10.1"; osgi.identity="org.objectweb.asm"]                Unresolved requirement: Import-Package: com.github.weisj.jsvg.logging; version="[2.1.0,3.0.0)"
                  -> Export-Package: com.github.weisj.jsvg.logging; bundle-symbolic-name="com.github.weisj.jsvg"; bundle-version="2.1.0"; version="2.1.0"
                Unresolved requirement: Import-Package: com.github.weisj.jsvg.parser; version="[2.1.0,3.0.0)"
                  -> Export-Package: com.github.weisj.jsvg.parser; bundle-symbolic-name="com.github.weisj.jsvg"; bundle-version="2.1.0"; version="2.1.0"; uses:="com.github.weisj.jsvg,com.github.weisj.jsvg.paint,com.github.weisj.jsvg.parser.css,com.github.weisj.jsvg.parser.impl,com.github.weisj.jsvg.parser.resources,javax.xml.stream"
                Unresolved requirement: Import-Package: com.github.weisj.jsvg.view; version="[2.1.0,3.0.0)"
                  -> Export-Package: com.github.weisj.jsvg.view; bundle-symbolic-name="com.github.weisj.jsvg"; bundle-version="2.1.0"; version="2.1.0"
  Unresolved requirement: Require-Bundle: org.eclipse.ui.navigator
    -> Bundle-SymbolicName: org.eclipse.ui.navigator; bundle-version="3.14.0.v20260103-1533"; singleton:="true"
       org.eclipse.ui.navigator [880]
         Unresolved requirement: Require-Bundle: org.eclipse.ui; bundle-version="[3.208.0,4.0.0)"
           -> Bundle-SymbolicName: org.eclipse.ui; bundle-version="3.208.0.v20251219-1043"; singleton:="true"
              org.eclipse.ui [866]
                Unresolved requirement: Require-Bundle: org.eclipse.jface; bundle-version="[3.34.0,4.0.0)"; visibility:="reexport"
                  -> Bundle-SymbolicName: org.eclipse.jface; bundle-version="3.39.0.v20260103-1533"; singleton:="true"
                Unresolved requirement: Require-Bundle: org.eclipse.ui.workbench; bundle-version="[3.130.0,4.0.0)"; visibility:="reexport"
                  -> Bundle-SymbolicName: org.eclipse.ui.workbench; bundle-version="3.138.0.v20260103-1852"; singleton:="true"
                     org.eclipse.ui.workbench [889]
                       Unresolved requirement: Import-Package: org.eclipse.e4.ui.internal.workbench.renderers.swt
                         -> Export-Package: org.eclipse.e4.ui.internal.workbench.renderers.swt; bundle-symbolic-name="org.eclipse.e4.ui.workbench.renderers.swt"; bundle-version="0.17.0.v20251218-1448"; version="0.0.0"; x-friends:="org.eclipse.ui.workbench"
                            org.eclipse.e4.ui.workbench.renderers.swt [344]
                              Unresolved requirement: Require-Bundle: org.eclipse.e4.ui.bindings; bundle-version="0.9.0"
                                -> Bundle-SymbolicName: org.eclipse.e4.ui.bindings; bundle-version="0.15.0.v20251216-1230"; singleton:="true"
                                   org.eclipse.e4.ui.bindings [330]
                                     Unresolved requirement: Import-Package: org.eclipse.jface.window
                                       -> Export-Package: org.eclipse.jface.window; bundle-symbolic-name="org.eclipse.jface"; bundle-version="3.39.0.v20260103-1533"; version="0.0.0"
                                     Unresolved requirement: Import-Package: org.eclipse.jface.bindings.keys
                                       -> Export-Package: org.eclipse.jface.bindings.keys; bundle-symbolic-name="org.eclipse.jface"; bundle-version="3.39.0.v20260103-1533"; version="0.0.0"
                                     Unresolved requirement: Import-Package: org.eclipse.jface.bindings
                                       -> Export-Package: org.eclipse.jface.bindings; bundle-symbolic-name="org.eclipse.jface"; bundle-version="3.39.0.v20260103-1533"; version="0.0.0"
                                     Unresolved requirement: Import-Package: org.eclipse.jface.dialogs
                                       -> Export-Package: org.eclipse.jface.dialogs; bundle-symbolic-name="org.eclipse.jface"; bundle-version="3.39.0.v20260103-1533"; version="0.0.0"
                              Unresolved requirement: Require-Bundle: org.eclipse.e4.ui.css.swt; bundle-version="0.11.0"
                                -> Bundle-SymbolicName: org.eclipse.e4.ui.css.swt; bundle-version="0.16.0.v20251216-1230"; singleton:="true"
                                   org.eclipse.e4.ui.css.swt [332]
                                     Unresolved requirement: Import-Package: org.eclipse.jface.resource
                                       -> Export-Package: org.eclipse.jface.resource; bundle-symbolic-name="org.eclipse.jface"; bundle-version="3.39.0.v20260103-1533"; version="0.0.0"
                              Unresolved requirement: Require-Bundle: org.eclipse.e4.ui.workbench.swt; bundle-version="0.9.0"
                                -> Bundle-SymbolicName: org.eclipse.e4.ui.workbench.swt; bundle-version="0.18.0.v20251223-1034"; singleton:="true"
                                   org.eclipse.e4.ui.workbench.swt [345]
                                     Unresolved requirement: Require-Capability: eclipse.swt; filter:="(image.format=svg)"
                                       -> Provide-Capability: eclipse.swt; image.format="svg"; version:Version="1.0.0"
                                     Unresolved requirement: Require-Bundle: org.eclipse.e4.ui.css.swt; bundle-version="0.13.100"
                                       -> Bundle-SymbolicName: org.eclipse.e4.ui.css.swt; bundle-version="0.16.0.v20251216-1230"; singleton:="true"
                                     Unresolved requirement: Require-Bundle: org.eclipse.jface.databinding; bundle-version="[1.3.0,2.0.0)"
                                       -> Bundle-SymbolicName: org.eclipse.jface.databinding; bundle-version="1.16.0.v20251216-1230"
                                          org.eclipse.jface.databinding [511]
                                            Unresolved requirement: Require-Bundle: org.eclipse.jface; bundle-version="[3.2.0,4.0.0)"
                                              -> Bundle-SymbolicName: org.eclipse.jface; bundle-version="3.39.0.v20260103-1533"; singleton:="true"
                                     Unresolved requirement: Require-Bundle: org.eclipse.e4.ui.dialogs; bundle-version="1.1.600"
                                       -> Bundle-SymbolicName: org.eclipse.e4.ui.dialogs; bundle-version="1.7.0.v20251222-0947"
                                          org.eclipse.e4.ui.dialogs [335]
                                            Unresolved requirement: Require-Capability: eclipse.swt; filter:="(image.format=svg)"
                                              -> Provide-Capability: eclipse.swt; image.format="svg"; version:Version="1.0.0"
                                            Unresolved requirement: Require-Bundle: org.eclipse.jface; bundle-version="3.39.0"
                                              -> Bundle-SymbolicName: org.eclipse.jface; bundle-version="3.39.0.v20260103-1533"; singleton:="true"
                                     Unresolved requirement: Require-Bundle: org.eclipse.e4.ui.bindings; bundle-version="0.9.0"
                                       -> Bundle-SymbolicName: org.eclipse.e4.ui.bindings; bundle-version="0.15.0.v20251216-1230"; singleton:="true"
                                     Unresolved requirement: Require-Bundle: org.eclipse.jface; bundle-version="[3.39.0,4.0.0)"
                                       -> Bundle-SymbolicName: org.eclipse.jface; bundle-version="3.39.0.v20260103-1533"; singleton:="true"
                                     Unresolved requirement: Require-Bundle: org.eclipse.e4.ui.css.swt.theme; bundle-version="0.12.0"
                                       -> Bundle-SymbolicName: org.eclipse.e4.ui.css.swt.theme; bundle-version="0.15.0.v20251216-1230"; singleton:="true"
                                          org.eclipse.e4.ui.css.swt.theme [333]
                                            Unresolved requirement: Require-Bundle: org.eclipse.e4.ui.css.swt; bundle-version="0.13.100"
                                              -> Bundle-SymbolicName: org.eclipse.e4.ui.css.swt; bundle-version="0.16.0.v20251216-1230"; singleton:="true"
                              Unresolved requirement: Require-Bundle: org.eclipse.jface; bundle-version="[3.15.0,4.0.0)"
                                -> Bundle-SymbolicName: org.eclipse.jface; bundle-version="3.39.0.v20260103-1533"; singleton:="true"
                              Unresolved requirement: Require-Capability: eclipse.swt; filter:="(image.format=svg)"
                                -> Provide-Capability: eclipse.swt; image.format="svg"; version:Version="1.0.0"
                       Unresolved requirement: Import-Package: org.eclipse.e4.ui.workbench.renderers.swt
                         -> Export-Package: org.eclipse.e4.ui.workbench.renderers.swt; bundle-symbolic-name="org.eclipse.e4.ui.workbench.renderers.swt"; bundle-version="0.17.0.v20251218-1448"; version="0.0.0"; x-friends:="org.eclipse.e4.ui.workbench.addons.swt,org.eclipse.ui.workbench"
                       Unresolved requirement: Import-Package: org.eclipse.e4.ui.internal.workbench.swt
                         -> Export-Package: org.eclipse.e4.ui.internal.workbench.swt; bundle-symbolic-name="org.eclipse.e4.ui.workbench.swt"; bundle-version="0.18.0.v20251223-1034"; version="0.0.0"; x-friends:="org.eclipse.e4.ui.workbench.addons.swt,  org.eclipse.e4.ui.workbench.renderers.swt,  org.eclipse.ui.workbench,  org.eclipse.e4.ui.bindings.tests"
                Unresolved requirement: Require-Capability: eclipse.swt; filter:="(image.format=svg)"
                  -> Provide-Capability: eclipse.swt; image.format="svg"; version:Version="1.0.0"
  Unresolved requirement: Import-Package: org.slf4j; version="1.6.2"
    -> Export-Package: org.slf4j; bundle-symbolic-name="slf4j.api"; bundle-version="2.0.18"; version="1.7.36"
       slf4j.api [1093]
         Unresolved requirement: Require-Capability: osgi.serviceloader; osgi.serviceloader="org.slf4j.spi.SLF4JServiceProvider"; filter:="(osgi.serviceloader=org.slf4j.spi.SLF4JServiceProvider)"
           -> Provide-Capability: osgi.serviceloader; osgi.serviceloader="org.slf4j.spi.SLF4JServiceProvider"; register:="ch.qos.logback.classic.spi.LogbackServiceProvider"
              ch.qos.logback.classic [14]
                Unresolved requirement: Import-Package: org.slf4j; version="[2.0.0,3.0.0)"
                  -> Export-Package: org.slf4j; bundle-symbolic-name="slf4j.api"; bundle-version="2.0.18"; version="2.0.18"; uses:="org.slf4j.event,org.slf4j.helpers,org.slf4j.spi"
                Unresolved requirement: Import-Package: org.slf4j.event; version="[2.0.0,3.0.0)"
                  -> Export-Package: org.slf4j.event; bundle-symbolic-name="slf4j.api"; bundle-version="2.0.18"; version="2.0.18"; uses:="org.slf4j,org.slf4j.helpers"
                Unresolved requirement: Import-Package: org.slf4j.spi; version="[2.0.0,3.0.0)"
                  -> Export-Package: org.slf4j.spi; bundle-symbolic-name="slf4j.api"; bundle-version="2.0.18"; version="2.0.18"; uses:="org.slf4j,org.slf4j.event,org.slf4j.helpers"
                Unresolved requirement: Require-Capability: osgi.extender; filter:="(&(osgi.extender=osgi.serviceloader.registrar)(version>=1.0.0)(!(version>=2.0.0)))"
                  -> Provide-Capability: osgi.extender; osgi.extender="osgi.serviceloader.registrar"; version:Version="1.0.0"
                Unresolved requirement: Import-Package: org.slf4j.helpers; version="[2.0.0,3.0.0)"
                  -> Export-Package: org.slf4j.helpers; bundle-symbolic-name="slf4j.api"; bundle-version="2.0.18"; version="2.0.18"; uses:="org.slf4j,org.slf4j.event,org.slf4j.spi"
                Bundle was not resolved because of a uses constraint violation.
  org.apache.felix.resolver.reason.ReasonException: Uses constraint violation. Unable to resolve resource org.apache.aries.spifly.dynamic.bundle [osgi.identity; type="osgi.bundle"; version:Version="1.3.7"; osgi.identity="org.apache.aries.spifly.dynamic.bundle"] because it is exposed to package 'org.objectweb.asm' from resources org.objectweb.asm [osgi.identity; type="osgi.bundle"; version:Version="9.9.1"; osgi.identity="org.objectweb.asm"] and org.objectweb.asm [osgi.identity; type="osgi.bundle"; version:Version="9.10.1"; osgi.identity="org.objectweb.asm"] via two dependency chains.

Chain 1:
  org.apache.aries.spifly.dynamic.bundle [osgi.identity; type="osgi.bundle"; version:Version="1.3.7"; osgi.identity="org.apache.aries.spifly.dynamic.bundle"]
    import: (&(osgi.wiring.package=org.objectweb.asm)(&(version>=9.6.0)(!(version>=10.0.0))))
     |
    export: osgi.wiring.package: org.objectweb.asm
  org.objectweb.asm [osgi.identity; type="osgi.bundle"; version:Version="9.9.1"; osgi.identity="org.objectweb.asm"]

Chain 2:
  org.apache.aries.spifly.dynamic.bundle [osgi.identity; type="osgi.bundle"; version:Version="1.3.7"; osgi.identity="org.apache.aries.spifly.dynamic.bundle"]
    import: (&(osgi.wiring.package=org.objectweb.asm.util)(&(version>=9.6.0)(!(version>=10.0.0))))
     |
    export: osgi.wiring.package=org.objectweb.asm.util; uses:=org.objectweb.asm
  org.objectweb.asm.util [osgi.identity; type="osgi.bundle"; version:Version="9.10.1"; osgi.identity="org.objectweb.asm.util"]
    import: (&(osgi.wiring.package=org.objectweb.asm)(&(version>=9.10.1)(!(version>=9.11.0))))
     |
    export: osgi.wiring.package: org.objectweb.asm
  org.objectweb.asm [osgi.identity; type="osgi.bundle"; version:Version="9.10.1"; osgi.identity="org.objectweb.asm"]         Unresolved requirement: Require-Capability: osgi.extender; filter:="(&(osgi.extender=osgi.serviceloader.processor)(version>=1.0.0)(!(version>=2.0.0)))"
           -> Provide-Capability: osgi.extender; osgi.extender="osgi.serviceloader.processor"; version:Version="1.0.0"; uses:="org.apache.aries.spifly"
  Unresolved requirement: Require-Bundle: org.eclipse.ui.workbench
    -> Bundle-SymbolicName: org.eclipse.ui.workbench; bundle-version="3.138.0.v20260103-1852"; singleton:="true"


!ENTRY org.eclipse.wst.xml.ui 2 0 2026-07-30 21:22:02.746
!MESSAGE Could not resolve module: org.eclipse.wst.xml.ui [992]
  Unresolved requirement: Require-Bundle: org.eclipse.ui.ide; bundle-version="[3.14.0,4.0.0)"
    -> Bundle-SymbolicName: org.eclipse.ui.ide; bundle-version="3.23.0.v20260103-1639"; singleton:="true"
       org.eclipse.ui.ide [874]
         Unresolved requirement: Require-Bundle: org.eclipse.jface.text; bundle-version="[3.24.0,4.0.0)"
           -> Bundle-SymbolicName: org.eclipse.jface.text; bundle-version="3.30.0.v20251218-1237"
              org.eclipse.jface.text [513]
                Unresolved requirement: Require-Bundle: org.eclipse.jface; bundle-version="[3.39.0,4.0.0)"
                  -> Bundle-SymbolicName: org.eclipse.jface; bundle-version="3.39.0.v20260103-1533"; singleton:="true"
                     org.eclipse.jface [510]
                       Unresolved requirement: Require-Capability: eclipse.swt; filter:="(image.format=svg)"
                         -> Provide-Capability: eclipse.swt; image.format="svg"; version:Version="1.0.0"
                            org.eclipse.swt.svg [842]
                              Unresolved requirement: Fragment-Host: org.eclipse.swt
                              Unresolved requirement: Fragment-Host: org.eclipse.swt
                              Unresolved requirement: Fragment-Host: org.eclipse.swt
                              Unresolved requirement: Fragment-Host: org.eclipse.swt
                              Unresolved requirement: Fragment-Host: org.eclipse.swt
                              Unresolved requirement: Import-Package: com.github.weisj.jsvg; version="[2.1.0,3.0.0)"
                                -> Export-Package: com.github.weisj.jsvg; bundle-symbolic-name="com.github.weisj.jsvg"; bundle-version="2.1.0"; version="2.1.0"; uses:="com.github.weisj.jsvg.renderer,com.github.weisj.jsvg.renderer.animation,com.github.weisj.jsvg.renderer.output,com.github.weisj.jsvg.view,javax.swing"
                                   com.github.weisj.jsvg [21]
                                     Unresolved requirement: Require-Capability: osgi.serviceloader; osgi.serviceloader="com.github.weisj.jsvg.logging.LogManager"; filter:="(osgi.serviceloader=com.github.weisj.jsvg.logging.LogManager)"
                                       -> Provide-Capability: osgi.serviceloader; osgi.serviceloader="com.github.weisj.jsvg.logging.LogManager"; register:="org.eclipse.swt.svg.logging.JVSGLoggerLogManager"
                                     Unresolved requirement: Require-Capability: osgi.extender; filter:="(&(osgi.extender=osgi.serviceloader.processor)(version>=1.0.0)(!(version>=2.0.0)))"
                                       -> Provide-Capability: osgi.extender; osgi.extender="osgi.serviceloader.processor"; version:Version="1.0.0"; uses:="org.apache.aries.spifly"
                                          org.apache.aries.spifly.dynamic.bundle [97]
                                            Bundle was not resolved because of a uses constraint violation.
  org.apache.felix.resolver.reason.ReasonException: Uses constraint violation. Unable to resolve resource org.apache.aries.spifly.dynamic.bundle [osgi.identity; type="osgi.bundle"; version:Version="1.3.7"; osgi.identity="org.apache.aries.spifly.dynamic.bundle"] because it is exposed to package 'org.objectweb.asm' from resources org.objectweb.asm [osgi.identity; type="osgi.bundle"; version:Version="9.9.1"; osgi.identity="org.objectweb.asm"] and org.objectweb.asm [osgi.identity; type="osgi.bundle"; version:Version="9.10.1"; osgi.identity="org.objectweb.asm"] via two dependency chains.

Chain 1:
  org.apache.aries.spifly.dynamic.bundle [osgi.identity; type="osgi.bundle"; version:Version="1.3.7"; osgi.identity="org.apache.aries.spifly.dynamic.bundle"]
    import: (&(osgi.wiring.package=org.objectweb.asm)(&(version>=9.6.0)(!(version>=10.0.0))))
     |
    export: osgi.wiring.package: org.objectweb.asm
  org.objectweb.asm [osgi.identity; type="osgi.bundle"; version:Version="9.9.1"; osgi.identity="org.objectweb.asm"]

Chain 2:
  org.apache.aries.spifly.dynamic.bundle [osgi.identity; type="osgi.bundle"; version:Version="1.3.7"; osgi.identity="org.apache.aries.spifly.dynamic.bundle"]
    import: (&(osgi.wiring.package=org.objectweb.asm.util)(&(version>=9.6.0)(!(version>=10.0.0))))
     |
    export: osgi.wiring.package=org.objectweb.asm.util; uses:=org.objectweb.asm
  org.objectweb.asm.util [osgi.identity; type="osgi.bundle"; version:Version="9.10.1"; osgi.identity="org.objectweb.asm.util"]
    import: (&(osgi.wiring.package=org.objectweb.asm)(&(version>=9.10.1)(!(version>=9.11.0))))
     |
    export: osgi.wiring.package: org.objectweb.asm
  org.objectweb.asm [osgi.identity; type="osgi.bundle"; version:Version="9.10.1"; osgi.identity="org.objectweb.asm"]                              Unresolved requirement: Import-Package: com.github.weisj.jsvg.logging; version="[2.1.0,3.0.0)"
                                -> Export-Package: com.github.weisj.jsvg.logging; bundle-symbolic-name="com.github.weisj.jsvg"; bundle-version="2.1.0"; version="2.1.0"
                              Unresolved requirement: Import-Package: com.github.weisj.jsvg.parser; version="[2.1.0,3.0.0)"
                                -> Export-Package: com.github.weisj.jsvg.parser; bundle-symbolic-name="com.github.weisj.jsvg"; bundle-version="2.1.0"; version="2.1.0"; uses:="com.github.weisj.jsvg,com.github.weisj.jsvg.paint,com.github.weisj.jsvg.parser.css,com.github.weisj.jsvg.parser.impl,com.github.weisj.jsvg.parser.resources,javax.xml.stream"
                              Unresolved requirement: Import-Package: com.github.weisj.jsvg.view; version="[2.1.0,3.0.0)"
                                -> Export-Package: com.github.weisj.jsvg.view; bundle-symbolic-name="com.github.weisj.jsvg"; bundle-version="2.1.0"; version="2.1.0"
                Unresolved requirement: Require-Capability: eclipse.swt; filter:="(image.format=svg)"
                  -> Provide-Capability: eclipse.swt; image.format="svg"; version:Version="1.0.0"
         Unresolved requirement: Require-Bundle: org.eclipse.ui.navigator; bundle-version="3.12.0"
           -> Bundle-SymbolicName: org.eclipse.ui.navigator; bundle-version="3.14.0.v20260103-1533"; singleton:="true"
              org.eclipse.ui.navigator [880]
                Unresolved requirement: Require-Bundle: org.eclipse.ui; bundle-version="[3.208.0,4.0.0)"
                  -> Bundle-SymbolicName: org.eclipse.ui; bundle-version="3.208.0.v20251219-1043"; singleton:="true"
                     org.eclipse.ui [866]
                       Unresolved requirement: Require-Bundle: org.eclipse.jface; bundle-version="[3.34.0,4.0.0)"; visibility:="reexport"
                         -> Bundle-SymbolicName: org.eclipse.jface; bundle-version="3.39.0.v20260103-1533"; singleton:="true"
                       Unresolved requirement: Require-Bundle: org.eclipse.ui.workbench; bundle-version="[3.130.0,4.0.0)"; visibility:="reexport"
                         -> Bundle-SymbolicName: org.eclipse.ui.workbench; bundle-version="3.138.0.v20260103-1852"; singleton:="true"
                            org.eclipse.ui.workbench [889]
                              Unresolved requirement: Import-Package: org.eclipse.e4.ui.internal.workbench.renderers.swt
                                -> Export-Package: org.eclipse.e4.ui.internal.workbench.renderers.swt; bundle-symbolic-name="org.eclipse.e4.ui.workbench.renderers.swt"; bundle-version="0.17.0.v20251218-1448"; version="0.0.0"; x-friends:="org.eclipse.ui.workbench"
                                   org.eclipse.e4.ui.workbench.renderers.swt [344]
                                     Unresolved requirement: Require-Bundle: org.eclipse.e4.ui.bindings; bundle-version="0.9.0"
                                       -> Bundle-SymbolicName: org.eclipse.e4.ui.bindings; bundle-version="0.15.0.v20251216-1230"; singleton:="true"
                                          org.eclipse.e4.ui.bindings [330]
                                            Unresolved requirement: Import-Package: org.eclipse.jface.window
                                              -> Export-Package: org.eclipse.jface.window; bundle-symbolic-name="org.eclipse.jface"; bundle-version="3.39.0.v20260103-1533"; version="0.0.0"
                                            Unresolved requirement: Import-Package: org.eclipse.jface.bindings.keys
                                              -> Export-Package: org.eclipse.jface.bindings.keys; bundle-symbolic-name="org.eclipse.jface"; bundle-version="3.39.0.v20260103-1533"; version="0.0.0"
                                            Unresolved requirement: Import-Package: org.eclipse.jface.bindings
                                              -> Export-Package: org.eclipse.jface.bindings; bundle-symbolic-name="org.eclipse.jface"; bundle-version="3.39.0.v20260103-1533"; version="0.0.0"
                                            Unresolved requirement: Import-Package: org.eclipse.jface.dialogs
                                              -> Export-Package: org.eclipse.jface.dialogs; bundle-symbolic-name="org.eclipse.jface"; bundle-version="3.39.0.v20260103-1533"; version="0.0.0"
                                     Unresolved requirement: Require-Bundle: org.eclipse.e4.ui.css.swt; bundle-version="0.11.0"
                                       -> Bundle-SymbolicName: org.eclipse.e4.ui.css.swt; bundle-version="0.16.0.v20251216-1230"; singleton:="true"
                                          org.eclipse.e4.ui.css.swt [332]
                                            Unresolved requirement: Import-Package: org.eclipse.jface.resource
                                              -> Export-Package: org.eclipse.jface.resource; bundle-symbolic-name="org.eclipse.jface"; bundle-version="3.39.0.v20260103-1533"; version="0.0.0"
                                     Unresolved requirement: Require-Bundle: org.eclipse.e4.ui.workbench.swt; bundle-version="0.9.0"
                                       -> Bundle-SymbolicName: org.eclipse.e4.ui.workbench.swt; bundle-version="0.18.0.v20251223-1034"; singleton:="true"
                                          org.eclipse.e4.ui.workbench.swt [345]
                                            Unresolved requirement: Require-Capability: eclipse.swt; filter:="(image.format=svg)"
                                              -> Provide-Capability: eclipse.swt; image.format="svg"; version:Version="1.0.0"
                                            Unresolved requirement: Require-Bundle: org.eclipse.e4.ui.css.swt; bundle-version="0.13.100"
                                              -> Bundle-SymbolicName: org.eclipse.e4.ui.css.swt; bundle-version="0.16.0.v20251216-1230"; singleton:="true"
                                            Unresolved requirement: Require-Bundle: org.eclipse.jface.databinding; bundle-version="[1.3.0,2.0.0)"
                                              -> Bundle-SymbolicName: org.eclipse.jface.databinding; bundle-version="1.16.0.v20251216-1230"
                                                 org.eclipse.jface.databinding [511]
                                                   Unresolved requirement: Require-Bundle: org.eclipse.jface; bundle-version="[3.2.0,4.0.0)"
                                                     -> Bundle-SymbolicName: org.eclipse.jface; bundle-version="3.39.0.v20260103-1533"; singleton:="true"
                                            Unresolved requirement: Require-Bundle: org.eclipse.e4.ui.dialogs; bundle-version="1.1.600"
                                              -> Bundle-SymbolicName: org.eclipse.e4.ui.dialogs; bundle-version="1.7.0.v20251222-0947"
                                                 org.eclipse.e4.ui.dialogs [335]
                                                   Unresolved requirement: Require-Capability: eclipse.swt; filter:="(image.format=svg)"
                                                     -> Provide-Capability: eclipse.swt; image.format="svg"; version:Version="1.0.0"
                                                   Unresolved requirement: Require-Bundle: org.eclipse.jface; bundle-version="3.39.0"
                                                     -> Bundle-SymbolicName: org.eclipse.jface; bundle-version="3.39.0.v20260103-1533"; singleton:="true"
                                            Unresolved requirement: Require-Bundle: org.eclipse.e4.ui.bindings; bundle-version="0.9.0"
                                              -> Bundle-SymbolicName: org.eclipse.e4.ui.bindings; bundle-version="0.15.0.v20251216-1230"; singleton:="true"
                                            Unresolved requirement: Require-Bundle: org.eclipse.jface; bundle-version="[3.39.0,4.0.0)"
                                              -> Bundle-SymbolicName: org.eclipse.jface; bundle-version="3.39.0.v20260103-1533"; singleton:="true"
                                            Unresolved requirement: Require-Bundle: org.eclipse.e4.ui.css.swt.theme; bundle-version="0.12.0"
                                              -> Bundle-SymbolicName: org.eclipse.e4.ui.css.swt.theme; bundle-version="0.15.0.v20251216-1230"; singleton:="true"
                                                 org.eclipse.e4.ui.css.swt.theme [333]
                                                   Unresolved requirement: Require-Bundle: org.eclipse.e4.ui.css.swt; bundle-version="0.13.100"
                                                     -> Bundle-SymbolicName: org.eclipse.e4.ui.css.swt; bundle-version="0.16.0.v20251216-1230"; singleton:="true"
                                     Unresolved requirement: Require-Bundle: org.eclipse.jface; bundle-version="[3.15.0,4.0.0)"
                                       -> Bundle-SymbolicName: org.eclipse.jface; bundle-version="3.39.0.v20260103-1533"; singleton:="true"
                                     Unresolved requirement: Require-Capability: eclipse.swt; filter:="(image.format=svg)"
                                       -> Provide-Capability: eclipse.swt; image.format="svg"; version:Version="1.0.0"
                              Unresolved requirement: Import-Package: org.eclipse.e4.ui.workbench.renderers.swt
                                -> Export-Package: org.eclipse.e4.ui.workbench.renderers.swt; bundle-symbolic-name="org.eclipse.e4.ui.workbench.renderers.swt"; bundle-version="0.17.0.v20251218-1448"; version="0.0.0"; x-friends:="org.eclipse.e4.ui.workbench.addons.swt,org.eclipse.ui.workbench"
                              Unresolved requirement: Import-Package: org.eclipse.e4.ui.internal.workbench.swt
                                -> Export-Package: org.eclipse.e4.ui.internal.workbench.swt; bundle-symbolic-name="org.eclipse.e4.ui.workbench.swt"; bundle-version="0.18.0.v20251223-1034"; version="0.0.0"; x-friends:="org.eclipse.e4.ui.workbench.addons.swt,  org.eclipse.e4.ui.workbench.renderers.swt,  org.eclipse.ui.workbench,  org.eclipse.e4.ui.bindings.tests"
                       Unresolved requirement: Require-Capability: eclipse.swt; filter:="(image.format=svg)"
                         -> Provide-Capability: eclipse.swt; image.format="svg"; version:Version="1.0.0"
         Unresolved requirement: Require-Capability: eclipse.swt; filter:="(image.format=svg)"
           -> Provide-Capability: eclipse.swt; image.format="svg"; version:Version="1.0.0"
         Unresolved requirement: Require-Bundle: org.eclipse.ui; bundle-version="[3.208.0,4.0.0)"
           -> Bundle-SymbolicName: org.eclipse.ui; bundle-version="3.208.0.v20251219-1043"; singleton:="true"


!ENTRY org.eclipse.egit.gitflow 2 0 2026-07-30 21:22:02.750
!MESSAGE Could not resolve module: org.eclipse.egit.gitflow [362]
  Unresolved requirement: Import-Package: org.eclipse.jgit.annotations; version="[7.6.0,7.7.0)"
    -> Export-Package: org.eclipse.jgit.annotations; bundle-symbolic-name="org.eclipse.jgit"; bundle-version="7.6.0.202601071437-m1"; version="7.6.0"
       org.eclipse.jgit [514]
         Unresolved requirement: Import-Package: org.slf4j; version="[1.7.0,3.0.0)"
           -> Export-Package: org.slf4j; bundle-symbolic-name="slf4j.api"; bundle-version="2.0.18"; version="1.7.36"
              slf4j.api [1093]
                Unresolved requirement: Require-Capability: osgi.serviceloader; osgi.serviceloader="org.slf4j.spi.SLF4JServiceProvider"; filter:="(osgi.serviceloader=org.slf4j.spi.SLF4JServiceProvider)"
                  -> Provide-Capability: osgi.serviceloader; osgi.serviceloader="org.slf4j.spi.SLF4JServiceProvider"; register:="ch.qos.logback.classic.spi.LogbackServiceProvider"
                     ch.qos.logback.classic [14]
                       Unresolved requirement: Import-Package: org.slf4j; version="[2.0.0,3.0.0)"
                         -> Export-Package: org.slf4j; bundle-symbolic-name="slf4j.api"; bundle-version="2.0.18"; version="2.0.18"; uses:="org.slf4j.event,org.slf4j.helpers,org.slf4j.spi"
                       Unresolved requirement: Import-Package: org.slf4j.event; version="[2.0.0,3.0.0)"
                         -> Export-Package: org.slf4j.event; bundle-symbolic-name="slf4j.api"; bundle-version="2.0.18"; version="2.0.18"; uses:="org.slf4j,org.slf4j.helpers"
                       Unresolved requirement: Import-Package: org.slf4j.spi; version="[2.0.0,3.0.0)"
                         -> Export-Package: org.slf4j.spi; bundle-symbolic-name="slf4j.api"; bundle-version="2.0.18"; version="2.0.18"; uses:="org.slf4j,org.slf4j.event,org.slf4j.helpers"
                       Unresolved requirement: Require-Capability: osgi.extender; filter:="(&(osgi.extender=osgi.serviceloader.registrar)(version>=1.0.0)(!(version>=2.0.0)))"
                         -> Provide-Capability: osgi.extender; osgi.extender="osgi.serviceloader.registrar"; version:Version="1.0.0"
                            org.apache.aries.spifly.dynamic.bundle [97]
                              Bundle was not resolved because of a uses constraint violation.
  org.apache.felix.resolver.reason.ReasonException: Uses constraint violation. Unable to resolve resource org.apache.aries.spifly.dynamic.bundle [osgi.identity; type="osgi.bundle"; version:Version="1.3.7"; osgi.identity="org.apache.aries.spifly.dynamic.bundle"] because it is exposed to package 'org.objectweb.asm' from resources org.objectweb.asm [osgi.identity; type="osgi.bundle"; version:Version="9.9.1"; osgi.identity="org.objectweb.asm"] and org.objectweb.asm [osgi.identity; type="osgi.bundle"; version:Version="9.10.1"; osgi.identity="org.objectweb.asm"] via two dependency chains.

Chain 1:
  org.apache.aries.spifly.dynamic.bundle [osgi.identity; type="osgi.bundle"; version:Version="1.3.7"; osgi.identity="org.apache.aries.spifly.dynamic.bundle"]
    import: (&(osgi.wiring.package=org.objectweb.asm)(&(version>=9.6.0)(!(version>=10.0.0))))
     |
    export: osgi.wiring.package: org.objectweb.asm
  org.objectweb.asm [osgi.identity; type="osgi.bundle"; version:Version="9.9.1"; osgi.identity="org.objectweb.asm"]

Chain 2:
  org.apache.aries.spifly.dynamic.bundle [osgi.identity; type="osgi.bundle"; version:Version="1.3.7"; osgi.identity="org.apache.aries.spifly.dynamic.bundle"]
    import: (&(osgi.wiring.package=org.objectweb.asm.util)(&(version>=9.6.0)(!(version>=10.0.0))))
     |
    export: osgi.wiring.package=org.objectweb.asm.util; uses:=org.objectweb.asm
  org.objectweb.asm.util [osgi.identity; type="osgi.bundle"; version:Version="9.10.1"; osgi.identity="org.objectweb.asm.util"]
    import: (&(osgi.wiring.package=org.objectweb.asm)(&(version>=9.10.1)(!(version>=9.11.0))))
     |
    export: osgi.wiring.package: org.objectweb.asm
  org.objectweb.asm [osgi.identity; type="osgi.bundle"; version:Version="9.10.1"; osgi.identity="org.objectweb.asm"]                       Unresolved requirement: Import-Package: org.slf4j.helpers; version="[2.0.0,3.0.0)"
                         -> Export-Package: org.slf4j.helpers; bundle-symbolic-name="slf4j.api"; bundle-version="2.0.18"; version="2.0.18"; uses:="org.slf4j,org.slf4j.event,org.slf4j.spi"
                       Bundle was not resolved because of a uses constraint violation.
  org.apache.felix.resolver.reason.ReasonException: Uses constraint violation. Unable to resolve resource org.apache.aries.spifly.dynamic.bundle [osgi.identity; type="osgi.bundle"; version:Version="1.3.7"; osgi.identity="org.apache.aries.spifly.dynamic.bundle"] because it is exposed to package 'org.objectweb.asm' from resources org.objectweb.asm [osgi.identity; type="osgi.bundle"; version:Version="9.9.1"; osgi.identity="org.objectweb.asm"] and org.objectweb.asm [osgi.identity; type="osgi.bundle"; version:Version="9.10.1"; osgi.identity="org.objectweb.asm"] via two dependency chains.

Chain 1:
  org.apache.aries.spifly.dynamic.bundle [osgi.identity; type="osgi.bundle"; version:Version="1.3.7"; osgi.identity="org.apache.aries.spifly.dynamic.bundle"]
    import: (&(osgi.wiring.package=org.objectweb.asm)(&(version>=9.6.0)(!(version>=10.0.0))))
     |
    export: osgi.wiring.package: org.objectweb.asm
  org.objectweb.asm [osgi.identity; type="osgi.bundle"; version:Version="9.9.1"; osgi.identity="org.objectweb.asm"]

Chain 2:
  org.apache.aries.spifly.dynamic.bundle [osgi.identity; type="osgi.bundle"; version:Version="1.3.7"; osgi.identity="org.apache.aries.spifly.dynamic.bundle"]
    import: (&(osgi.wiring.package=org.objectweb.asm.util)(&(version>=9.6.0)(!(version>=10.0.0))))
     |
    export: osgi.wiring.package=org.objectweb.asm.util; uses:=org.objectweb.asm
  org.objectweb.asm.util [osgi.identity; type="osgi.bundle"; version:Version="9.10.1"; osgi.identity="org.objectweb.asm.util"]
    import: (&(osgi.wiring.package=org.objectweb.asm)(&(version>=9.10.1)(!(version>=9.11.0))))
     |
    export: osgi.wiring.package: org.objectweb.asm
  org.objectweb.asm [osgi.identity; type="osgi.bundle"; version:Version="9.10.1"; osgi.identity="org.objectweb.asm"]                Unresolved requirement: Require-Capability: osgi.extender; filter:="(&(osgi.extender=osgi.serviceloader.processor)(version>=1.0.0)(!(version>=2.0.0)))"
                  -> Provide-Capability: osgi.extender; osgi.extender="osgi.serviceloader.processor"; version:Version="1.0.0"; uses:="org.apache.aries.spifly"
  Unresolved requirement: Import-Package: org.eclipse.jgit.api; version="[7.6.0,7.7.0)"
    -> Export-Package: org.eclipse.jgit.api; bundle-symbolic-name="org.eclipse.jgit"; bundle-version="7.6.0.202601071437-m1"; version="7.6.0"; uses:="org.eclipse.jgit.transport,  org.eclipse.jgit.notes,  org.eclipse.jgit.dircache,  org.eclipse.jgit.lib,  org.eclipse.jgit.revwalk,  org.eclipse.jgit.treewalk.filter,  org.eclipse.jgit.diff,  org.eclipse.jgit.treewalk,  org.eclipse.jgit.util,  org.eclipse.jgit.submodule,  org.eclipse.jgit.api.errors,  org.eclipse.jgit.revwalk.filter,  org.eclipse.jgit.blame,  org.eclipse.jgit.merge"
  Unresolved requirement: Import-Package: org.eclipse.jgit.errors; version="[7.6.0,7.7.0)"
    -> Export-Package: org.eclipse.jgit.errors; bundle-symbolic-name="org.eclipse.jgit"; bundle-version="7.6.0.202601071437-m1"; version="7.6.0"; uses:="org.eclipse.jgit.transport,  org.eclipse.jgit.dircache,  org.eclipse.jgit.lib"
  Unresolved requirement: Import-Package: org.eclipse.jgit.lib; version="[7.6.0,7.7.0)"
    -> Export-Package: org.eclipse.jgit.lib; bundle-symbolic-name="org.eclipse.jgit"; bundle-version="7.6.0.202601071437-m1"; version="7.6.0"; uses:="org.eclipse.jgit.transport,  org.eclipse.jgit.util.sha1,  org.eclipse.jgit.dircache,  org.eclipse.jgit.revwalk,  org.eclipse.jgit.internal.storage.file,  org.eclipse.jgit.api,  org.eclipse.jgit.attributes,  org.eclipse.jgit.events,  com.googlecode.javaewah,  org.eclipse.jgit.treewalk.filter,  org.eclipse.jgit.treewalk,  org.eclipse.jgit.util,  org.eclipse.jgit.submodule,  org.eclipse.jgit.util.time"
  Unresolved requirement: Import-Package: org.eclipse.jgit.revwalk; version="[7.6.0,7.7.0)"
    -> Export-Package: org.eclipse.jgit.revwalk; bundle-symbolic-name="org.eclipse.jgit"; bundle-version="7.6.0.202601071437-m1"; version="7.6.0"; uses:="org.eclipse.jgit.lib,  org.eclipse.jgit.revwalk.filter,  org.eclipse.jgit.diff,  org.eclipse.jgit.treewalk.filter,  org.eclipse.jgit.treewalk,  org.eclipse.jgit.internal.storage.commitgraph"
  Unresolved requirement: Import-Package: org.eclipse.egit.core.op; version="[7.6.0,7.7.0)"
    -> Export-Package: org.eclipse.egit.core.op; bundle-symbolic-name="org.eclipse.egit.core"; bundle-version="7.6.0.202603022253-r"; version="7.6.0"; x-friends:="org.eclipse.egit.ui.test,  org.eclipse.egit.ui,  org.eclipse.egit.gitflow,  org.eclipse.egit.gitflow.test,  org.eclipse.egit.gitflow.ui,  org.eclipse.egit.github.core,  org.eclipse.egit.core.junit"
       org.eclipse.egit.core [360]
         Unresolved requirement: Import-Package: org.eclipse.jgit.dircache; version="[7.6.0,7.7.0)"
           -> Export-Package: org.eclipse.jgit.dircache; bundle-symbolic-name="org.eclipse.jgit"; bundle-version="7.6.0.202601071437-m1"; version="7.6.0"; uses:="org.eclipse.jgit.events,  org.eclipse.jgit.lib,  org.eclipse.jgit.attributes,  org.eclipse.jgit.treewalk,  org.eclipse.jgit.util"
         Unresolved requirement: Import-Package: org.eclipse.jgit.merge; version="[7.6.0,7.7.0)"
           -> Export-Package: org.eclipse.jgit.merge; bundle-symbolic-name="org.eclipse.jgit"; bundle-version="7.6.0.202601071437-m1"; version="7.6.0"; uses:="org.eclipse.jgit.dircache,  org.eclipse.jgit.lib,  org.eclipse.jgit.revwalk,  org.eclipse.jgit.diff,  org.eclipse.jgit.treewalk,  org.eclipse.jgit.util,  org.eclipse.jgit.api,  org.eclipse.jgit.attributes"
         Unresolved requirement: Import-Package: org.eclipse.jgit.transport.sshd.agent; version="[7.6.0,7.7.0)"
           -> Export-Package: org.eclipse.jgit.transport.sshd.agent; bundle-symbolic-name="org.eclipse.jgit.ssh.apache"; bundle-version="7.6.0.202603022253-r"; version="7.6.0"
              org.eclipse.jgit.ssh.apache [518]
                Unresolved requirement: Import-Package: org.apache.sshd.common.helpers; version="[2.17.1,2.18.0)"
                  -> Export-Package: org.apache.sshd.common.helpers; bundle-symbolic-name="org.apache.sshd.osgi"; bundle-version="2.17.1"; version="2.17.1"; uses:="org.apache.sshd.agent,org.apache.sshd.common,org.apache.sshd.common.channel,org.apache.sshd.common.channel.throttle,org.apache.sshd.common.file,org.apache.sshd.common.forward,org.apache.sshd.common.io,org.apache.sshd.common.kex,org.apache.sshd.common.random,org.apache.sshd.common.session,org.apache.sshd.common.session.helpers,org.apache.sshd.server.forward"
                     org.apache.sshd.osgi [134]
                       Unresolved requirement: Import-Package: org.slf4j.helpers; version="[1.7.0,3.0.0)"
                         -> Export-Package: org.slf4j.helpers; bundle-symbolic-name="slf4j.api"; bundle-version="2.0.18"; version="2.0.18"; uses:="org.slf4j,org.slf4j.event,org.slf4j.spi"
                       Unresolved requirement: Import-Package: org.slf4j.event; version="[1.7.0,3.0.0)"
                         -> Export-Package: org.slf4j.event; bundle-symbolic-name="slf4j.api"; bundle-version="2.0.18"; version="2.0.18"; uses:="org.slf4j,org.slf4j.helpers"
                       Unresolved requirement: Import-Package: org.slf4j; version="[1.7.0,3.0.0)"
                         -> Export-Package: org.slf4j; bundle-symbolic-name="slf4j.api"; bundle-version="2.0.18"; version="1.7.36"
                Unresolved requirement: Import-Package: org.slf4j; version="[1.7.0,3.0.0)"
                  -> Export-Package: org.slf4j; bundle-symbolic-name="slf4j.api"; bundle-version="2.0.18"; version="1.7.36"
                Unresolved requirement: Import-Package: org.apache.sshd.client.config.keys; version="[2.17.1,2.18.0)"
                  -> Export-Package: org.apache.sshd.client.config.keys; bundle-symbolic-name="org.apache.sshd.osgi"; bundle-version="2.17.1"; version="2.17.1"; uses:="org.apache.sshd.common,org.apache.sshd.common.config.keys,org.apache.sshd.common.keyprovider,org.apache.sshd.common.session,org.apache.sshd.common.util.io"
                Unresolved requirement: Import-Package: org.apache.sshd.client.keyverifier; version="[2.17.1,2.18.0)"
                  -> Export-Package: org.apache.sshd.client.keyverifier; bundle-symbolic-name="org.apache.sshd.osgi"; bundle-version="2.17.1"; version="2.17.1"; uses:="org.apache.sshd.client.config.hosts,org.apache.sshd.client.session,org.apache.sshd.common,org.apache.sshd.common.config.keys,org.apache.sshd.common.mac,org.apache.sshd.common.util.io,org.apache.sshd.common.util.logging,org.apache.sshd.common.util.net"
                Unresolved requirement: Import-Package: org.apache.sshd.common.forward; version="[2.17.1,2.18.0)"
                  -> Export-Package: org.apache.sshd.common.forward; bundle-symbolic-name="org.apache.sshd.osgi"; bundle-version="2.17.1"; version="2.17.1"; uses:="org.apache.sshd.client.channel,org.apache.sshd.client.future,org.apache.sshd.common,org.apache.sshd.common.channel,org.apache.sshd.common.io,org.apache.sshd.common.session,org.apache.sshd.common.util,org.apache.sshd.common.util.buffer,org.apache.sshd.common.util.closeable,org.apache.sshd.common.util.io.functors,org.apache.sshd.common.util.logging,org.apache.sshd.common.util.net"
                Unresolved requirement: Import-Package: org.apache.sshd.common.compression; version="[2.17.1,2.18.0)"
                  -> Export-Package: org.apache.sshd.common.compression; bundle-symbolic-name="org.apache.sshd.osgi"; bundle-version="2.17.1"; version="2.17.1"; uses:="org.apache.sshd.common,org.apache.sshd.common.config,org.apache.sshd.common.util.buffer"
                Unresolved requirement: Import-Package: org.apache.sshd.common.config.keys; version="[2.17.1,2.18.0)"
                  -> Export-Package: org.apache.sshd.common.config.keys; bundle-symbolic-name="org.apache.sshd.osgi"; bundle-version="2.17.1"; version="2.17.1"; uses:="org.apache.sshd.common,org.apache.sshd.common.config.keys.u2f,org.apache.sshd.common.digest,org.apache.sshd.common.keyprovider,org.apache.sshd.common.session,org.apache.sshd.common.util.io.output,org.apache.sshd.common.util.io.resource"
                Unresolved requirement: Import-Package: org.apache.sshd.common.util.security; version="[2.17.1,2.18.0)"
                  -> Export-Package: org.apache.sshd.common.util.security; bundle-symbolic-name="org.apache.sshd.osgi"; bundle-version="2.17.1"; version="2.17.1"; uses:="javax.crypto,org.apache.sshd.common,org.apache.sshd.common.config.keys,org.apache.sshd.common.config.keys.loader,org.apache.sshd.common.random,org.apache.sshd.common.session,org.apache.sshd.common.signature,org.apache.sshd.common.util.buffer,org.apache.sshd.common.util.logging,org.apache.sshd.common.util.security.eddsa.generic,org.apache.sshd.server.keyprovider"
                Unresolved requirement: Import-Package: org.apache.sshd.common.config.keys.u2f; version="[2.17.1,2.18.0)"
                  -> Export-Package: org.apache.sshd.common.config.keys.u2f; bundle-symbolic-name="org.apache.sshd.osgi"; bundle-version="2.17.1"; version="2.17.1"; uses:="org.apache.sshd.common.config.keys"
                Unresolved requirement: Import-Package: org.apache.sshd.sftp; version="[2.17.1,2.18.0)"
                  -> Export-Package: org.apache.sshd.sftp; bundle-symbolic-name="org.apache.sshd.sftp"; bundle-version="2.17.1"; version="2.17.1"; uses:="org.apache.sshd.common"
                     org.apache.sshd.sftp [135]
                       Unresolved requirement: Import-Package: org.apache.sshd.common.file.util; version="[2.17.1,2.18.0)"
                         -> Export-Package: org.apache.sshd.common.file.util; bundle-symbolic-name="org.apache.sshd.osgi"; bundle-version="2.17.1"; version="2.17.1"; uses:="org.slf4j"
                       Unresolved requirement: Import-Package: org.apache.sshd.client; version="[2.17.1,2.18.0)"
                         -> Export-Package: org.apache.sshd.client; bundle-symbolic-name="org.apache.sshd.osgi"; bundle-version="2.17.1"; version="2.17.1"; uses:="org.apache.sshd.client.auth,org.apache.sshd.client.auth.hostbased,org.apache.sshd.client.auth.keyboard,org.apache.sshd.client.auth.password,org.apache.sshd.client.auth.pubkey,org.apache.sshd.client.config.hosts,org.apache.sshd.client.config.keys,org.apache.sshd.client.future,org.apache.sshd.client.keyverifier,org.apache.sshd.client.session,org.apache.sshd.client.simple,org.apache.sshd.common,org.apache.sshd.common.auth,org.apache.sshd.common.channel,org.apache.sshd.common.compression,org.apache.sshd.common.config.keys,org.apache.sshd.common.future,org.apache.sshd.common.helpers,org.apache.sshd.common.io,org.apache.sshd.common.kex,org.apache.sshd.common.kex.extension,org.apache.sshd.common.keyprovider,org.apache.sshd.common.session,org.apache.sshd.common.signature"
                       Unresolved requirement: Import-Package: org.apache.sshd.common.session; version="[2.17.1,2.18.0)"
                         -> Export-Package: org.apache.sshd.common.session; bundle-symbolic-name="org.apache.sshd.osgi"; bundle-version="2.17.1"; version="2.17.1"; uses:="org.apache.sshd.agent.common,org.apache.sshd.common,org.apache.sshd.common.auth,org.apache.sshd.common.channel,org.apache.sshd.common.channel.throttle,org.apache.sshd.common.cipher,org.apache.sshd.common.compression,org.apache.sshd.common.forward,org.apache.sshd.common.future,org.apache.sshd.common.io,org.apache.sshd.common.kex,org.apache.sshd.common.mac,org.apache.sshd.common.session.helpers,org.apache.sshd.common.util,org.apache.sshd.common.util.buffer,org.apache.sshd.common.util.logging,org.apache.sshd.common.util.net,org.apache.sshd.server.x11"
                       Unresolved requirement: Import-Package: org.apache.sshd.common.util.threads; version="[2.17.1,2.18.0)"
                         -> Export-Package: org.apache.sshd.common.util.threads; bundle-symbolic-name="org.apache.sshd.osgi"; bundle-version="2.17.1"; version="2.17.1"; uses:="org.apache.sshd.common,org.apache.sshd.common.future,org.apache.sshd.common.util.closeable,org.apache.sshd.common.util.io.functors,org.apache.sshd.common.util.logging"
                       Unresolved requirement: Import-Package: org.apache.sshd.server.command; version="[2.17.1,2.18.0)"
                         -> Export-Package: org.apache.sshd.server.command; bundle-symbolic-name="org.apache.sshd.osgi"; bundle-version="2.17.1"; version="2.17.1"; uses:="org.apache.sshd.common.file,org.apache.sshd.common.io,org.apache.sshd.common.session,org.apache.sshd.common.util.logging,org.apache.sshd.common.util.threads,org.apache.sshd.server,org.apache.sshd.server.channel,org.apache.sshd.server.session"
                       Unresolved requirement: Import-Package: org.apache.sshd.common.file; version="[2.17.1,2.18.0)"
                         -> Export-Package: org.apache.sshd.common.file; bundle-symbolic-name="org.apache.sshd.osgi"; bundle-version="2.17.1"; version="2.17.1"; uses:="org.apache.sshd.common.session"
                       Unresolved requirement: Import-Package: org.apache.sshd.server; version="[2.17.1,2.18.0)"
                         -> Export-Package: org.apache.sshd.server; bundle-symbolic-name="org.apache.sshd.osgi"; bundle-version="2.17.1"; version="2.17.1"; uses:="org.apache.sshd.common,org.apache.sshd.common.auth,org.apache.sshd.common.channel,org.apache.sshd.common.cipher,org.apache.sshd.common.compression,org.apache.sshd.common.helpers,org.apache.sshd.common.io,org.apache.sshd.common.kex,org.apache.sshd.common.kex.extension,org.apache.sshd.common.keyprovider,org.apache.sshd.common.session,org.apache.sshd.common.session.helpers,org.apache.sshd.common.signature,org.apache.sshd.common.util,org.apache.sshd.common.util.logging,org.apache.sshd.server.auth,org.apache.sshd.server.auth.gss,org.apache.sshd.server.auth.hostbased,org.apache.sshd.server.auth.keyboard,org.apache.sshd.server.auth.password,org.apache.sshd.server.auth.pubkey,org.apache.sshd.server.command,org.apache.sshd.server.session,org.apache.sshd.server.shell,org.apache.sshd.server.subsystem"
                       Unresolved requirement: Import-Package: org.apache.sshd.common.util.io; version="[2.17.1,2.18.0)"
                         -> Export-Package: org.apache.sshd.common.util.io; bundle-symbolic-name="org.apache.sshd.osgi"; bundle-version="2.17.1"; version="2.17.1"; uses:="org.apache.sshd.common.util.functors,org.apache.sshd.common.util.io.resource,org.apache.sshd.common.util.logging"
                       Unresolved requirement: Import-Package: org.slf4j; version="[1.7.0,3.0.0)"
                         -> Export-Package: org.slf4j; bundle-symbolic-name="slf4j.api"; bundle-version="2.0.18"; version="1.7.36"
                       Unresolved requirement: Import-Package: org.apache.sshd.server.channel; version="[2.17.1,2.18.0)"
                         -> Export-Package: org.apache.sshd.server.channel; bundle-symbolic-name="org.apache.sshd.osgi"; bundle-version="2.17.1"; version="2.17.1"; uses:="org.apache.sshd.client.future,org.apache.sshd.common,org.apache.sshd.common.channel,org.apache.sshd.common.future,org.apache.sshd.common.io,org.apache.sshd.common.session,org.apache.sshd.common.util.buffer,org.apache.sshd.common.util.closeable,org.apache.sshd.common.util.logging,org.apache.sshd.common.util.threads,org.apache.sshd.server,org.apache.sshd.server.command,org.apache.sshd.server.session"
                       Unresolved requirement: Import-Package: org.apache.sshd.client.simple; version="[2.17.1,2.18.0)"
                         -> Export-Package: org.apache.sshd.client.simple; bundle-symbolic-name="org.apache.sshd.osgi"; bundle-version="2.17.1"; version="2.17.1"; uses:="org.apache.sshd.client.future,org.apache.sshd.client.session,org.apache.sshd.common.util.logging"
                       Unresolved requirement: Import-Package: org.apache.sshd.server.config; version="[2.17.1,2.18.0)"
                         -> Export-Package: org.apache.sshd.server.config; bundle-symbolic-name="org.apache.sshd.osgi"; bundle-version="2.17.1"; version="2.17.1"; uses:="org.apache.sshd.common,org.apache.sshd.server,org.apache.sshd.server.forward"
                       Unresolved requirement: Import-Package: org.apache.sshd.common.util.buffer; version="[2.17.1,2.18.0)"
                         -> Export-Package: org.apache.sshd.common.util.buffer; bundle-symbolic-name="org.apache.sshd.osgi"; bundle-version="2.17.1"; version="2.17.1"; uses:="org.apache.sshd.common,org.apache.sshd.common.config.keys,org.apache.sshd.common.util,org.apache.sshd.common.util.buffer.keys,org.apache.sshd.common.util.logging"
                       Unresolved requirement: Import-Package: org.apache.sshd.common.util.io.functors; version="[2.17.1,2.18.0)"
                         -> Export-Package: org.apache.sshd.common.util.io.functors; bundle-symbolic-name="org.apache.sshd.osgi"; bundle-version="2.17.1"; version="2.17.1"
                       Unresolved requirement: Import-Package: org.apache.sshd.server.subsystem; version="[2.17.1,2.18.0)"
                         -> Export-Package: org.apache.sshd.server.subsystem; bundle-symbolic-name="org.apache.sshd.osgi"; bundle-version="2.17.1"; version="2.17.1"; uses:="org.apache.sshd.common,org.apache.sshd.server.channel,org.apache.sshd.server.command"
                       Unresolved requirement: Import-Package: org.apache.sshd.common.random; version="[2.17.1,2.18.0)"
                         -> Export-Package: org.apache.sshd.common.random; bundle-symbolic-name="org.apache.sshd.osgi"; bundle-version="2.17.1"; version="2.17.1"; uses:="org.apache.sshd.common"
                       Unresolved requirement: Import-Package: org.apache.sshd.common.util.functors; version="[2.17.1,2.18.0)"
                         -> Export-Package: org.apache.sshd.common.util.functors; bundle-symbolic-name="org.apache.sshd.osgi"; bundle-version="2.17.1"; version="2.17.1"
                       Unresolved requirement: Import-Package: org.apache.sshd.common.io; version="[2.17.1,2.18.0)"
                         -> Export-Package: org.apache.sshd.common.io; bundle-symbolic-name="org.apache.sshd.osgi"; bundle-version="2.17.1"; version="2.17.1"; uses:="org.apache.sshd.common,org.apache.sshd.common.future,org.apache.sshd.common.util,org.apache.sshd.common.util.buffer,org.apache.sshd.common.util.closeable,org.apache.sshd.common.util.logging,org.apache.sshd.common.util.net,org.apache.sshd.common.util.threads"
                       Unresolved requirement: Import-Package: org.apache.sshd.common.channel; version="[2.17.1,2.18.0)"
                         -> Export-Package: org.apache.sshd.common.channel; bundle-symbolic-name="org.apache.sshd.osgi"; bundle-version="2.17.1"; version="2.17.1"; uses:="org.apache.sshd.client.future,org.apache.sshd.common,org.apache.sshd.common.channel.exception,org.apache.sshd.common.channel.throttle,org.apache.sshd.common.future,org.apache.sshd.common.io,org.apache.sshd.common.session,org.apache.sshd.common.util,org.apache.sshd.common.util.buffer,org.apache.sshd.common.util.closeable,org.apache.sshd.common.util.io.functors,org.apache.sshd.common.util.logging,org.apache.sshd.common.util.threads,org.slf4j"
                       Unresolved requirement: Import-Package: org.apache.sshd.common.util.io.output; version="[2.17.1,2.18.0)"
                         -> Export-Package: org.apache.sshd.common.util.io.output; bundle-symbolic-name="org.apache.sshd.osgi"; bundle-version="2.17.1"; version="2.17.1"; uses:="org.apache.sshd.common,org.apache.sshd.common.util.io,org.slf4j"
                       Unresolved requirement: Import-Package: org.apache.sshd.common.future; version="[2.17.1,2.18.0)"
                         -> Export-Package: org.apache.sshd.common.future; bundle-symbolic-name="org.apache.sshd.osgi"; bundle-version="2.17.1"; version="2.17.1"; uses:="org.apache.sshd.common.io,org.apache.sshd.common.util,org.apache.sshd.common.util.buffer,org.apache.sshd.common.util.logging"
                       Unresolved requirement: Import-Package: org.apache.sshd.common.util.logging; version="[2.17.1,2.18.0)"
                         -> Export-Package: org.apache.sshd.common.util.logging; bundle-symbolic-name="org.apache.sshd.osgi"; bundle-version="2.17.1"; version="2.17.1"; uses:="org.slf4j,org.slf4j.event,org.slf4j.helpers"
                       Unresolved requirement: Import-Package: org.apache.sshd.common.digest; version="[2.17.1,2.18.0)"
                         -> Export-Package: org.apache.sshd.common.digest; bundle-symbolic-name="org.apache.sshd.osgi"; bundle-version="2.17.1"; version="2.17.1"; uses:="org.apache.sshd.common"
                       Unresolved requirement: Import-Package: org.apache.sshd.client.channel; version="[2.17.1,2.18.0)"
                         -> Export-Package: org.apache.sshd.client.channel; bundle-symbolic-name="org.apache.sshd.osgi"; bundle-version="2.17.1"; version="2.17.1"; uses:="org.apache.sshd.client.future,org.apache.sshd.client.session,org.apache.sshd.common,org.apache.sshd.common.channel,org.apache.sshd.common.io,org.apache.sshd.common.session,org.apache.sshd.common.util,org.apache.sshd.common.util.buffer,org.apache.sshd.common.util.net,org.apache.sshd.common.util.threads"
                       Unresolved requirement: Import-Package: org.apache.sshd.common.util.closeable; version="[2.17.1,2.18.0)"
                         -> Export-Package: org.apache.sshd.common.util.closeable; bundle-symbolic-name="org.apache.sshd.osgi"; bundle-version="2.17.1"; version="2.17.1"; uses:="org.apache.sshd.common,org.apache.sshd.common.future,org.apache.sshd.common.util,org.apache.sshd.common.util.logging"
                       Unresolved requirement: Import-Package: org.apache.sshd.common.session.helpers; version="[2.17.1,2.18.0)"
                         -> Export-Package: org.apache.sshd.common.session.helpers; bundle-symbolic-name="org.apache.sshd.osgi"; bundle-version="2.17.1"; version="2.17.1"; uses:="org.apache.sshd.agent.common,org.apache.sshd.common,org.apache.sshd.common.channel,org.apache.sshd.common.channel.throttle,org.apache.sshd.common.cipher,org.apache.sshd.common.compression,org.apache.sshd.common.digest,org.apache.sshd.common.forward,org.apache.sshd.common.future,org.apache.sshd.common.io,org.apache.sshd.common.kex,org.apache.sshd.common.mac,org.apache.sshd.common.random,org.apache.sshd.common.session,org.apache.sshd.common.util,org.apache.sshd.common.util.buffer,org.apache.sshd.common.util.closeable,org.apache.sshd.common.util.io.functors,org.apache.sshd.common.util.logging,org.apache.sshd.common.util.net,org.apache.sshd.server.x11,org.slf4j"
                       Unresolved requirement: Import-Package: org.apache.sshd.client.future; version="[2.17.1,2.18.0)"
                         -> Export-Package: org.apache.sshd.client.future; bundle-symbolic-name="org.apache.sshd.osgi"; bundle-version="2.17.1"; version="2.17.1"; uses:="org.apache.sshd.client.session,org.apache.sshd.common.future,org.apache.sshd.common.session"
                       Unresolved requirement: Import-Package: org.apache.sshd.common.util.io.input; version="[2.17.1,2.18.0)"
                         -> Export-Package: org.apache.sshd.common.util.io.input; bundle-symbolic-name="org.apache.sshd.osgi"; bundle-version="2.17.1"; version="2.17.1"
                       Unresolved requirement: Import-Package: org.apache.sshd.client.subsystem; version="[2.17.1,2.18.0)"
                         -> Export-Package: org.apache.sshd.client.subsystem; bundle-symbolic-name="org.apache.sshd.osgi"; bundle-version="2.17.1"; version="2.17.1"; uses:="org.apache.sshd.client.channel,org.apache.sshd.client.session,org.apache.sshd.common,org.apache.sshd.common.session,org.apache.sshd.common.util.logging"
                       Unresolved requirement: Import-Package: org.apache.sshd.common.config; version="[2.17.1,2.18.0)"
                         -> Export-Package: org.apache.sshd.common.config; bundle-symbolic-name="org.apache.sshd.osgi"; bundle-version="2.17.1"; version="2.17.1"; uses:="org.apache.sshd.common,org.apache.sshd.common.cipher,org.apache.sshd.common.compression,org.apache.sshd.common.helpers,org.apache.sshd.common.kex,org.apache.sshd.common.mac,org.apache.sshd.common.signature"
                       Unresolved requirement: Import-Package: org.apache.sshd.common.util; version="[2.17.1,2.18.0)"
                         -> Export-Package: org.apache.sshd.common.util; bundle-symbolic-name="org.apache.sshd.osgi"; bundle-version="2.17.1"; version="2.17.1"; uses:="org.apache.sshd.common.util.functors"
                       Unresolved requirement: Import-Package: org.apache.sshd.core; version="[2.17.1,2.18.0)"
                         -> Export-Package: org.apache.sshd.core; bundle-symbolic-name="org.apache.sshd.osgi"; bundle-version="2.17.1"; version="2.17.1"; uses:="org.apache.sshd.common,org.apache.sshd.server.auth"
                       Unresolved requirement: Import-Package: org.apache.sshd.common; version="[2.17.1,2.18.0)"
                         -> Export-Package: org.apache.sshd.common; bundle-symbolic-name="org.apache.sshd.osgi"; bundle-version="2.17.1"; version="2.17.1"; uses:="org.apache.sshd.agent,org.apache.sshd.common.channel,org.apache.sshd.common.channel.throttle,org.apache.sshd.common.cipher,org.apache.sshd.common.compression,org.apache.sshd.common.file,org.apache.sshd.common.forward,org.apache.sshd.common.future,org.apache.sshd.common.helpers,org.apache.sshd.common.io,org.apache.sshd.common.kex,org.apache.sshd.common.kex.extension,org.apache.sshd.common.mac,org.apache.sshd.common.random,org.apache.sshd.common.session,org.apache.sshd.common.signature,org.apache.sshd.common.util,org.apache.sshd.common.util.buffer,org.apache.sshd.server.forward"
                       Unresolved requirement: Import-Package: org.apache.sshd.common.auth; version="[2.17.1,2.18.0)"
                         -> Export-Package: org.apache.sshd.common.auth; bundle-symbolic-name="org.apache.sshd.osgi"; bundle-version="2.17.1"; version="2.17.1"; uses:="org.apache.sshd.common,org.apache.sshd.common.session,org.apache.sshd.common.util.logging"
                       Unresolved requirement: Import-Package: org.apache.sshd.client.session; version="[2.17.1,2.18.0)"
                         -> Export-Package: org.apache.sshd.client.session; bundle-symbolic-name="org.apache.sshd.osgi"; bundle-version="2.17.1"; version="2.17.1"; uses:="org.apache.sshd.agent.common,org.apache.sshd.client,org.apache.sshd.client.auth,org.apache.sshd.client.auth.hostbased,org.apache.sshd.client.auth.keyboard,org.apache.sshd.client.auth.password,org.apache.sshd.client.auth.pubkey,org.apache.sshd.client.channel,org.apache.sshd.client.config.hosts,org.apache.sshd.client.future,org.apache.sshd.client.keyverifier,org.apache.sshd.client.session.forward,org.apache.sshd.common,org.apache.sshd.common.auth,org.apache.sshd.common.channel,org.apache.sshd.common.forward,org.apache.sshd.common.future,org.apache.sshd.common.io,org.apache.sshd.common.kex,org.apache.sshd.common.keyprovider,org.apache.sshd.common.session,org.apache.sshd.common.session.helpers,org.apache.sshd.common.util.buffer,org.apache.sshd.common.util.closeable,org.apache.sshd.common.util.net,org.apache.sshd.server.x11"
                       Unresolved requirement: Import-Package: org.apache.sshd.server.session; version="[2.17.1,2.18.0)"
                         -> Export-Package: org.apache.sshd.server.session; bundle-symbolic-name="org.apache.sshd.osgi"; bundle-version="2.17.1"; version="2.17.1"; uses:="org.apache.sshd.common,org.apache.sshd.common.auth,org.apache.sshd.common.io,org.apache.sshd.common.kex,org.apache.sshd.common.keyprovider,org.apache.sshd.common.session,org.apache.sshd.common.session.helpers,org.apache.sshd.common.util.buffer,org.apache.sshd.common.util.closeable,org.apache.sshd.server,org.apache.sshd.server.auth,org.apache.sshd.server.auth.gss,org.apache.sshd.server.auth.hostbased,org.apache.sshd.server.auth.keyboard,org.apache.sshd.server.auth.password,org.apache.sshd.server.auth.pubkey"
                Unresolved requirement: Import-Package: org.apache.sshd.sftp.client; version="[2.17.1,2.18.0)"
                  -> Export-Package: org.apache.sshd.sftp.client; bundle-symbolic-name="org.apache.sshd.sftp"; bundle-version="2.17.1"; version="2.17.1"; uses:="org.apache.sshd.client.session,org.apache.sshd.client.subsystem,org.apache.sshd.common,org.apache.sshd.common.io,org.apache.sshd.common.util.buffer,org.apache.sshd.sftp.client.extensions,org.apache.sshd.sftp.client.fs"
                Unresolved requirement: Import-Package: org.eclipse.jgit.api.errors; version="[7.6.0,7.7.0)"
                  -> Export-Package: org.eclipse.jgit.api.errors; bundle-symbolic-name="org.eclipse.jgit"; bundle-version="7.6.0.202601071437-m1"; version="7.6.0"; uses:="org.eclipse.jgit.lib,  org.eclipse.jgit.errors"
                Unresolved requirement: Import-Package: org.apache.sshd.client.auth.pubkey; version="[2.17.1,2.18.0)"
                  -> Export-Package: org.apache.sshd.client.auth.pubkey; bundle-symbolic-name="org.apache.sshd.osgi"; bundle-version="2.17.1"; version="2.17.1"; uses:="org.apache.sshd.agent,org.apache.sshd.client.auth,org.apache.sshd.client.session,org.apache.sshd.common,org.apache.sshd.common.auth,org.apache.sshd.common.session,org.apache.sshd.common.signature,org.apache.sshd.common.util.buffer"
                Unresolved requirement: Import-Package: org.apache.sshd.common.mac; version="[2.17.1,2.18.0)"
                  -> Export-Package: org.apache.sshd.common.mac; bundle-symbolic-name="org.apache.sshd.osgi"; bundle-version="2.17.1"; version="2.17.1"; uses:="org.apache.sshd.common,org.apache.sshd.common.config"
                Unresolved requirement: Import-Package: org.apache.sshd.common.util.closeable; version="[2.17.1,2.18.0)"
                  -> Export-Package: org.apache.sshd.common.util.closeable; bundle-symbolic-name="org.apache.sshd.osgi"; bundle-version="2.17.1"; version="2.17.1"; uses:="org.apache.sshd.common,org.apache.sshd.common.future,org.apache.sshd.common.util,org.apache.sshd.common.util.logging"
                Unresolved requirement: Import-Package: org.apache.sshd.common.channel; version="[2.17.1,2.18.0)"
                  -> Export-Package: org.apache.sshd.common.channel; bundle-symbolic-name="org.apache.sshd.osgi"; bundle-version="2.17.1"; version="2.17.1"; uses:="org.apache.sshd.client.future,org.apache.sshd.common,org.apache.sshd.common.channel.exception,org.apache.sshd.common.channel.throttle,org.apache.sshd.common.future,org.apache.sshd.common.io,org.apache.sshd.common.session,org.apache.sshd.common.util,org.apache.sshd.common.util.buffer,org.apache.sshd.common.util.closeable,org.apache.sshd.common.util.io.functors,org.apache.sshd.common.util.logging,org.apache.sshd.common.util.threads,org.slf4j"
                Unresolved requirement: Import-Package: org.apache.sshd.common.session; version="[2.17.1,2.18.0)"
                  -> Export-Package: org.apache.sshd.common.session; bundle-symbolic-name="org.apache.sshd.osgi"; bundle-version="2.17.1"; version="2.17.1"; uses:="org.apache.sshd.agent.common,org.apache.sshd.common,org.apache.sshd.common.auth,org.apache.sshd.common.channel,org.apache.sshd.common.channel.throttle,org.apache.sshd.common.cipher,org.apache.sshd.common.compression,org.apache.sshd.common.forward,org.apache.sshd.common.future,org.apache.sshd.common.io,org.apache.sshd.common.kex,org.apache.sshd.common.mac,org.apache.sshd.common.session.helpers,org.apache.sshd.common.util,org.apache.sshd.common.util.buffer,org.apache.sshd.common.util.logging,org.apache.sshd.common.util.net,org.apache.sshd.server.x11"
                Unresolved requirement: Import-Package: org.apache.sshd.client.future; version="[2.17.1,2.18.0)"
                  -> Export-Package: org.apache.sshd.client.future; bundle-symbolic-name="org.apache.sshd.osgi"; bundle-version="2.17.1"; version="2.17.1"; uses:="org.apache.sshd.client.session,org.apache.sshd.common.future,org.apache.sshd.common.session"
                Unresolved requirement: Import-Package: org.apache.sshd.client.session; version="[2.17.1,2.18.0)"
                  -> Export-Package: org.apache.sshd.client.session; bundle-symbolic-name="org.apache.sshd.osgi"; bundle-version="2.17.1"; version="2.17.1"; uses:="org.apache.sshd.agent.common,org.apache.sshd.client,org.apache.sshd.client.auth,org.apache.sshd.client.auth.hostbased,org.apache.sshd.client.auth.keyboard,org.apache.sshd.client.auth.password,org.apache.sshd.client.auth.pubkey,org.apache.sshd.client.channel,org.apache.sshd.client.config.hosts,org.apache.sshd.client.future,org.apache.sshd.client.keyverifier,org.apache.sshd.client.session.forward,org.apache.sshd.common,org.apache.sshd.common.auth,org.apache.sshd.common.channel,org.apache.sshd.common.forward,org.apache.sshd.common.future,org.apache.sshd.common.io,org.apache.sshd.common.kex,org.apache.sshd.common.keyprovider,org.apache.sshd.common.session,org.apache.sshd.common.session.helpers,org.apache.sshd.common.util.buffer,org.apache.sshd.common.util.closeable,org.apache.sshd.common.util.net,org.apache.sshd.server.x11"
                Unresolved requirement: Import-Package: org.eclipse.jgit.internal.storage.file; version="[7.6.0,7.7.0)"
                  -> Export-Package: org.eclipse.jgit.internal.storage.file; bundle-symbolic-name="org.eclipse.jgit"; bundle-version="7.6.0.202601071437-m1"; version="7.6.0"; x-friends:="org.eclipse.jgit.test,  org.eclipse.jgit.junit,  org.eclipse.jgit.junit.http,  org.eclipse.jgit.http.server,  org.eclipse.jgit.lfs,  org.eclipse.jgit.lfs.test,  org.eclipse.jgit.pgm,  org.eclipse.jgit.pgm.test,  org.eclipse.jgit.ssh.apache,  org.eclipse.jgit.ssh.apache.test,  org.eclipse.jgit.ssh.jsch.test"
                Unresolved requirement: Import-Package: org.apache.sshd.common.random; version="[2.17.1,2.18.0)"
                  -> Export-Package: org.apache.sshd.common.random; bundle-symbolic-name="org.apache.sshd.osgi"; bundle-version="2.17.1"; version="2.17.1"; uses:="org.apache.sshd.common"
                Unresolved requirement: Import-Package: org.apache.sshd.client.session.forward; version="[2.17.1,2.18.0)"
                  -> Export-Package: org.apache.sshd.client.session.forward; bundle-symbolic-name="org.apache.sshd.osgi"; bundle-version="2.17.1"; version="2.17.1"; uses:="org.apache.sshd.client.session,org.apache.sshd.common.session,org.apache.sshd.common.util.net"
                Unresolved requirement: Import-Package: org.apache.sshd.common; version="[2.17.1,2.18.0)"
                  -> Export-Package: org.apache.sshd.common; bundle-symbolic-name="org.apache.sshd.osgi"; bundle-version="2.17.1"; version="2.17.1"; uses:="org.apache.sshd.agent,org.apache.sshd.common.channel,org.apache.sshd.common.channel.throttle,org.apache.sshd.common.cipher,org.apache.sshd.common.compression,org.apache.sshd.common.file,org.apache.sshd.common.forward,org.apache.sshd.common.future,org.apache.sshd.common.helpers,org.apache.sshd.common.io,org.apache.sshd.common.kex,org.apache.sshd.common.kex.extension,org.apache.sshd.common.mac,org.apache.sshd.common.random,org.apache.sshd.common.session,org.apache.sshd.common.signature,org.apache.sshd.common.util,org.apache.sshd.common.util.buffer,org.apache.sshd.server.forward"
                Unresolved requirement: Import-Package: org.eclipse.jgit.lib; version="[7.6.0,7.7.0)"
                  -> Export-Package: org.eclipse.jgit.lib; bundle-symbolic-name="org.eclipse.jgit"; bundle-version="7.6.0.202601071437-m1"; version="7.6.0"; uses:="org.eclipse.jgit.transport,  org.eclipse.jgit.util.sha1,  org.eclipse.jgit.dircache,  org.eclipse.jgit.revwalk,  org.eclipse.jgit.internal.storage.file,  org.eclipse.jgit.api,  org.eclipse.jgit.attributes,  org.eclipse.jgit.events,  com.googlecode.javaewah,  org.eclipse.jgit.treewalk.filter,  org.eclipse.jgit.treewalk,  org.eclipse.jgit.util,  org.eclipse.jgit.submodule,  org.eclipse.jgit.util.time"
                Unresolved requirement: Import-Package: org.apache.sshd.core; version="[2.17.1,2.18.0)"
                  -> Export-Package: org.apache.sshd.core; bundle-symbolic-name="org.apache.sshd.osgi"; bundle-version="2.17.1"; version="2.17.1"; uses:="org.apache.sshd.common,org.apache.sshd.server.auth"
                Unresolved requirement: Import-Package: org.apache.sshd.client.config.hosts; version="[2.17.1,2.18.0)"
                  -> Export-Package: org.apache.sshd.client.config.hosts; bundle-symbolic-name="org.apache.sshd.osgi"; bundle-version="2.17.1"; version="2.17.1"; uses:="org.apache.sshd.common,org.apache.sshd.common.auth,org.apache.sshd.common.config.keys,org.apache.sshd.common.mac,org.apache.sshd.common.util.io"
                Unresolved requirement: Import-Package: org.apache.sshd.common.keyprovider; version="[2.17.1,2.18.0)"
                  -> Export-Package: org.apache.sshd.common.keyprovider; bundle-symbolic-name="org.apache.sshd.osgi"; bundle-version="2.17.1"; version="2.17.1"; uses:="org.apache.sshd.common,org.apache.sshd.common.config.keys,org.apache.sshd.common.session,org.apache.sshd.common.util.io.resource,org.apache.sshd.common.util.logging"
                Unresolved requirement: Import-Package: org.apache.sshd.common.util.io.resource; version="[2.17.1,2.18.0)"
                  -> Export-Package: org.apache.sshd.common.util.io.resource; bundle-symbolic-name="org.apache.sshd.osgi"; bundle-version="2.17.1"; version="2.17.1"; uses:="org.apache.sshd.common"
                Unresolved requirement: Import-Package: org.apache.sshd.sftp.common; version="[2.17.1,2.18.0)"
                  -> Export-Package: org.apache.sshd.sftp.common; bundle-symbolic-name="org.apache.sshd.sftp"; bundle-version="2.17.1"; version="2.17.1"; uses:="org.apache.sshd.common,org.apache.sshd.common.util.buffer,org.apache.sshd.sftp.client"
                Unresolved requirement: Import-Package: org.apache.sshd.common.kex.extension; version="[2.17.1,2.18.0)"
                  -> Export-Package: org.apache.sshd.common.kex.extension; bundle-symbolic-name="org.apache.sshd.osgi"; bundle-version="2.17.1"; version="2.17.1"; uses:="org.apache.sshd.common,org.apache.sshd.common.kex,org.apache.sshd.common.session,org.apache.sshd.common.util.buffer,org.apache.sshd.common.util.logging"
                Unresolved requirement: Import-Package: org.apache.sshd.common.util.buffer.keys; version="[2.17.1,2.18.0)"
                  -> Export-Package: org.apache.sshd.common.util.buffer.keys; bundle-symbolic-name="org.apache.sshd.osgi"; bundle-version="2.17.1"; version="2.17.1"; uses:="org.apache.sshd.common.config.keys,org.apache.sshd.common.config.keys.u2f,org.apache.sshd.common.util.buffer"
                Unresolved requirement: Import-Package: org.eclipse.jgit.fnmatch; version="[7.6.0,7.7.0)"
                  -> Export-Package: org.eclipse.jgit.fnmatch; bundle-symbolic-name="org.eclipse.jgit"; bundle-version="7.6.0.202601071437-m1"; version="7.6.0"
                Unresolved requirement: Import-Package: org.apache.sshd.common.util.io.der; version="[2.17.1,2.18.0)"
                  -> Export-Package: org.apache.sshd.common.util.io.der; bundle-symbolic-name="org.apache.sshd.osgi"; bundle-version="2.17.1"; version="2.17.1"
                Unresolved requirement: Import-Package: org.apache.sshd.common.util.buffer; version="[2.17.1,2.18.0)"
                  -> Export-Package: org.apache.sshd.common.util.buffer; bundle-symbolic-name="org.apache.sshd.osgi"; bundle-version="2.17.1"; version="2.17.1"; uses:="org.apache.sshd.common,org.apache.sshd.common.config.keys,org.apache.sshd.common.util,org.apache.sshd.common.util.buffer.keys,org.apache.sshd.common.util.logging"
                Unresolved requirement: Import-Package: org.apache.sshd.common.config.keys.loader; version="[2.17.1,2.18.0)"
                  -> Export-Package: org.apache.sshd.common.config.keys.loader; bundle-symbolic-name="org.apache.sshd.osgi"; bundle-version="2.17.1"; version="2.17.1"; uses:="org.apache.sshd.common,org.apache.sshd.common.auth,org.apache.sshd.common.cipher,org.apache.sshd.common.config.keys,org.apache.sshd.common.session,org.apache.sshd.common.util.io,org.apache.sshd.common.util.io.resource,org.apache.sshd.common.util.logging"
                Unresolved requirement: Import-Package: org.apache.sshd.common.kex; version="[2.17.1,2.18.0)"
                  -> Export-Package: org.apache.sshd.common.kex; bundle-symbolic-name="org.apache.sshd.osgi"; bundle-version="2.17.1"; version="2.17.1"; uses:="javax.crypto,org.apache.sshd.common,org.apache.sshd.common.cipher,org.apache.sshd.common.compression,org.apache.sshd.common.config,org.apache.sshd.common.digest,org.apache.sshd.common.kex.extension,org.apache.sshd.common.keyprovider,org.apache.sshd.common.mac,org.apache.sshd.common.session,org.apache.sshd.common.signature,org.apache.sshd.common.util.buffer,org.apache.sshd.common.util.closeable"
                Unresolved requirement: Import-Package: org.apache.sshd.common.util.net; version="[2.17.1,2.18.0)"
                  -> Export-Package: org.apache.sshd.common.util.net; bundle-symbolic-name="org.apache.sshd.osgi"; bundle-version="2.17.1"; version="2.17.1"; uses:="org.apache.sshd.common.util.logging"
                Unresolved requirement: Import-Package: org.apache.sshd.common.util; version="[2.17.1,2.18.0)"
                  -> Export-Package: org.apache.sshd.common.util; bundle-symbolic-name="org.apache.sshd.osgi"; bundle-version="2.17.1"; version="2.17.1"; uses:="org.apache.sshd.common.util.functors"
                Unresolved requirement: Import-Package: org.eclipse.jgit.internal.transport.ssh; version="[7.6.0,7.7.0)"
                  -> Export-Package: org.eclipse.jgit.internal.transport.ssh; bundle-symbolic-name="org.eclipse.jgit"; bundle-version="7.6.0.202601071437-m1"; version="7.6.0"; x-friends:="org.eclipse.jgit.ssh.apache,  org.eclipse.jgit.ssh.jsch,  org.eclipse.jgit.test"
                Unresolved requirement: Import-Package: org.eclipse.jgit.errors; version="[7.6.0,7.7.0)"
                  -> Export-Package: org.eclipse.jgit.errors; bundle-symbolic-name="org.eclipse.jgit"; bundle-version="7.6.0.202601071437-m1"; version="7.6.0"; uses:="org.eclipse.jgit.transport,  org.eclipse.jgit.dircache,  org.eclipse.jgit.lib"
                Unresolved requirement: Import-Package: org.apache.sshd.server.auth; version="[2.17.1,2.18.0)"
                  -> Export-Package: org.apache.sshd.server.auth; bundle-symbolic-name="org.apache.sshd.osgi"; bundle-version="2.17.1"; version="2.17.1"; uses:="org.apache.sshd.common,org.apache.sshd.common.auth,org.apache.sshd.common.config,org.apache.sshd.common.session,org.apache.sshd.common.util.buffer,org.apache.sshd.common.util.logging,org.apache.sshd.server.session"
                Unresolved requirement: Import-Package: org.apache.sshd.common.digest; version="[2.17.1,2.18.0)"
                  -> Export-Package: org.apache.sshd.common.digest; bundle-symbolic-name="org.apache.sshd.osgi"; bundle-version="2.17.1"; version="2.17.1"; uses:="org.apache.sshd.common"
                Unresolved requirement: Import-Package: org.apache.sshd.common.util.io.functors; version="[2.17.1,2.18.0)"
                  -> Export-Package: org.apache.sshd.common.util.io.functors; bundle-symbolic-name="org.apache.sshd.osgi"; bundle-version="2.17.1"; version="2.17.1"
                Unresolved requirement: Import-Package: org.apache.sshd.common.config.keys.loader.openssh.kdf; version="[2.17.1,2.18.0)"
                  -> Export-Package: org.apache.sshd.common.config.keys.loader.openssh.kdf; bundle-symbolic-name="org.apache.sshd.osgi"; bundle-version="2.17.1"; version="2.17.1"; uses:="org.apache.sshd.common,org.apache.sshd.common.cipher,org.apache.sshd.common.config.keys.loader.openssh,org.apache.sshd.common.session"
                Unresolved requirement: Import-Package: org.apache.sshd.common.session.helpers; version="[2.17.1,2.18.0)"
                  -> Export-Package: org.apache.sshd.common.session.helpers; bundle-symbolic-name="org.apache.sshd.osgi"; bundle-version="2.17.1"; version="2.17.1"; uses:="org.apache.sshd.agent.common,org.apache.sshd.common,org.apache.sshd.common.channel,org.apache.sshd.common.channel.throttle,org.apache.sshd.common.cipher,org.apache.sshd.common.compression,org.apache.sshd.common.digest,org.apache.sshd.common.forward,org.apache.sshd.common.future,org.apache.sshd.common.io,org.apache.sshd.common.kex,org.apache.sshd.common.mac,org.apache.sshd.common.random,org.apache.sshd.common.session,org.apache.sshd.common.util,org.apache.sshd.common.util.buffer,org.apache.sshd.common.util.closeable,org.apache.sshd.common.util.io.functors,org.apache.sshd.common.util.logging,org.apache.sshd.common.util.net,org.apache.sshd.server.x11,org.slf4j"
                Unresolved requirement: Import-Package: org.eclipse.jgit.nls; version="[7.6.0,7.7.0)"
                  -> Export-Package: org.eclipse.jgit.nls; bundle-symbolic-name="org.eclipse.jgit"; bundle-version="7.6.0.202601071437-m1"; version="7.6.0"
                Unresolved requirement: Import-Package: org.apache.sshd.client.channel; version="[2.17.1,2.18.0)"
                  -> Export-Package: org.apache.sshd.client.channel; bundle-symbolic-name="org.apache.sshd.osgi"; bundle-version="2.17.1"; version="2.17.1"; uses:="org.apache.sshd.client.future,org.apache.sshd.client.session,org.apache.sshd.common,org.apache.sshd.common.channel,org.apache.sshd.common.io,org.apache.sshd.common.session,org.apache.sshd.common.util,org.apache.sshd.common.util.buffer,org.apache.sshd.common.util.net,org.apache.sshd.common.util.threads"
                Unresolved requirement: Import-Package: org.apache.sshd.common.util.io; version="[2.17.1,2.18.0)"
                  -> Export-Package: org.apache.sshd.common.util.io; bundle-symbolic-name="org.apache.sshd.osgi"; bundle-version="2.17.1"; version="2.17.1"; uses:="org.apache.sshd.common.util.functors,org.apache.sshd.common.util.io.resource,org.apache.sshd.common.util.logging"
                Unresolved requirement: Import-Package: org.apache.sshd.common.kex.extension.parser; version="[2.17.1,2.18.0)"
                  -> Export-Package: org.apache.sshd.common.kex.extension.parser; bundle-symbolic-name="org.apache.sshd.osgi"; bundle-version="2.17.1"; version="2.17.1"; uses:="org.apache.sshd.common.kex.extension,org.apache.sshd.common.util.buffer"
                Unresolved requirement: Import-Package: org.apache.sshd.common.auth; version="[2.17.1,2.18.0)"
                  -> Export-Package: org.apache.sshd.common.auth; bundle-symbolic-name="org.apache.sshd.osgi"; bundle-version="2.17.1"; version="2.17.1"; uses:="org.apache.sshd.common,org.apache.sshd.common.session,org.apache.sshd.common.util.logging"
                Unresolved requirement: Import-Package: org.apache.sshd.common.util.logging; version="[2.17.1,2.18.0)"
                  -> Export-Package: org.apache.sshd.common.util.logging; bundle-symbolic-name="org.apache.sshd.osgi"; bundle-version="2.17.1"; version="2.17.1"; uses:="org.slf4j,org.slf4j.event,org.slf4j.helpers"
                Unresolved requirement: Import-Package: org.apache.sshd.common.future; version="[2.17.1,2.18.0)"
                  -> Export-Package: org.apache.sshd.common.future; bundle-symbolic-name="org.apache.sshd.osgi"; bundle-version="2.17.1"; version="2.17.1"; uses:="org.apache.sshd.common.io,org.apache.sshd.common.util,org.apache.sshd.common.util.buffer,org.apache.sshd.common.util.logging"
                Unresolved requirement: Import-Package: org.apache.sshd.common.io; version="[2.17.1,2.18.0)"
                  -> Export-Package: org.apache.sshd.common.io; bundle-symbolic-name="org.apache.sshd.osgi"; bundle-version="2.17.1"; version="2.17.1"; uses:="org.apache.sshd.common,org.apache.sshd.common.future,org.apache.sshd.common.util,org.apache.sshd.common.util.buffer,org.apache.sshd.common.util.closeable,org.apache.sshd.common.util.logging,org.apache.sshd.common.util.net,org.apache.sshd.common.util.threads"
                Unresolved requirement: Import-Package: org.apache.sshd.client.auth.password; version="[2.17.1,2.18.0)"
                  -> Export-Package: org.apache.sshd.client.auth.password; bundle-symbolic-name="org.apache.sshd.osgi"; bundle-version="2.17.1"; version="2.17.1"; uses:="org.apache.sshd.client.auth,org.apache.sshd.client.session,org.apache.sshd.common.auth,org.apache.sshd.common.io,org.apache.sshd.common.session,org.apache.sshd.common.util.buffer"
                Unresolved requirement: Import-Package: org.apache.sshd.client; version="[2.17.1,2.18.0)"
                  -> Export-Package: org.apache.sshd.client; bundle-symbolic-name="org.apache.sshd.osgi"; bundle-version="2.17.1"; version="2.17.1"; uses:="org.apache.sshd.client.auth,org.apache.sshd.client.auth.hostbased,org.apache.sshd.client.auth.keyboard,org.apache.sshd.client.auth.password,org.apache.sshd.client.auth.pubkey,org.apache.sshd.client.config.hosts,org.apache.sshd.client.config.keys,org.apache.sshd.client.future,org.apache.sshd.client.keyverifier,org.apache.sshd.client.session,org.apache.sshd.client.simple,org.apache.sshd.common,org.apache.sshd.common.auth,org.apache.sshd.common.channel,org.apache.sshd.common.compression,org.apache.sshd.common.config.keys,org.apache.sshd.common.future,org.apache.sshd.common.helpers,org.apache.sshd.common.io,org.apache.sshd.common.kex,org.apache.sshd.common.kex.extension,org.apache.sshd.common.keyprovider,org.apache.sshd.common.session,org.apache.sshd.common.signature"
                Unresolved requirement: Import-Package: org.apache.sshd.client.auth.keyboard; version="[2.17.1,2.18.0)"
                  -> Export-Package: org.apache.sshd.client.auth.keyboard; bundle-symbolic-name="org.apache.sshd.osgi"; bundle-version="2.17.1"; version="2.17.1"; uses:="org.apache.sshd.client.auth,org.apache.sshd.client.session,org.apache.sshd.common.auth,org.apache.sshd.common.session,org.apache.sshd.common.util.buffer"
                Unresolved requirement: Import-Package: org.apache.sshd.agent; version="[2.17.1,2.18.0)"
                  -> Export-Package: org.apache.sshd.agent; bundle-symbolic-name="org.apache.sshd.osgi"; bundle-version="2.17.1"; version="2.17.1"; uses:="org.apache.sshd.common,org.apache.sshd.common.channel,org.apache.sshd.common.session,org.apache.sshd.common.util.buffer"
                Unresolved requirement: Import-Package: org.apache.sshd.common.cipher; version="[2.17.1,2.18.0)"
                  -> Export-Package: org.apache.sshd.common.cipher; bundle-symbolic-name="org.apache.sshd.osgi"; bundle-version="2.17.1"; version="2.17.1"; uses:="javax.crypto,javax.crypto.spec,org.apache.sshd.common,org.apache.sshd.common.config,org.apache.sshd.common.digest,org.apache.sshd.common.keyprovider,org.apache.sshd.common.mac"
                Unresolved requirement: Import-Package: org.apache.sshd.common.signature; version="[2.17.1,2.18.0)"
                  -> Export-Package: org.apache.sshd.common.signature; bundle-symbolic-name="org.apache.sshd.osgi"; bundle-version="2.17.1"; version="2.17.1"; uses:="org.apache.sshd.common,org.apache.sshd.common.config,org.apache.sshd.common.session"
                Unresolved requirement: Import-Package: org.eclipse.jgit.annotations; version="[7.6.0,7.7.0)"
                  -> Export-Package: org.eclipse.jgit.annotations; bundle-symbolic-name="org.eclipse.jgit"; bundle-version="7.6.0.202601071437-m1"; version="7.6.0"
                Unresolved requirement: Import-Package: org.eclipse.jgit.transport; version="[7.6.0,7.7.0)"
                  -> Export-Package: org.eclipse.jgit.transport; bundle-symbolic-name="org.eclipse.jgit"; bundle-version="7.6.0.202601071437-m1"; version="7.6.0"; uses:="javax.crypto,  org.eclipse.jgit.hooks,  org.eclipse.jgit.util.io,  org.eclipse.jgit.lib,  org.eclipse.jgit.transport.http,  org.eclipse.jgit.revwalk,  org.eclipse.jgit.treewalk,  org.eclipse.jgit.util,  org.eclipse.jgit.internal.storage.pack,  org.eclipse.jgit.transport.resolver,  org.eclipse.jgit.storage.pack,  org.eclipse.jgit.errors"
                Unresolved requirement: Import-Package: org.apache.sshd.client.auth; version="[2.17.1,2.18.0)"
                  -> Export-Package: org.apache.sshd.client.auth; bundle-symbolic-name="org.apache.sshd.osgi"; bundle-version="2.17.1"; version="2.17.1"; uses:="org.apache.sshd.client.auth.password,org.apache.sshd.client.session,org.apache.sshd.common,org.apache.sshd.common.auth,org.apache.sshd.common.config,org.apache.sshd.common.keyprovider,org.apache.sshd.common.session,org.apache.sshd.common.util.buffer,org.apache.sshd.common.util.logging"
                Unresolved requirement: Import-Package: org.eclipse.jgit.util; version="[7.6.0,7.7.0)"
                  -> Export-Package: org.eclipse.jgit.util; bundle-symbolic-name="org.eclipse.jgit"; bundle-version="7.6.0.202601071437-m1"; version="7.6.0"; uses:="org.eclipse.jgit.transport,  org.eclipse.jgit.hooks,  org.eclipse.jgit.revwalk,  org.eclipse.jgit.storage.file,  org.ietf.jgss,  org.eclipse.jgit.attributes,  javax.management,  org.eclipse.jgit.lib,  org.eclipse.jgit.transport.http,  org.eclipse.jgit.treewalk,  javax.net.ssl,  org.eclipse.jgit.util.time"
         Unresolved requirement: Import-Package: org.eclipse.jgit.events; version="[7.6.0,7.7.0)"
           -> Export-Package: org.eclipse.jgit.events; bundle-symbolic-name="org.eclipse.jgit"; bundle-version="7.6.0.202601071437-m1"; version="7.6.0"; uses:="org.eclipse.jgit.lib"
         Unresolved requirement: Import-Package: org.eclipse.jgit.signing.ssh; version="[7.6.0,7.7.0)"
           -> Export-Package: org.eclipse.jgit.signing.ssh; bundle-symbolic-name="org.eclipse.jgit.ssh.apache"; bundle-version="7.6.0.202603022253-r"; version="7.6.0"; uses:="org.eclipse.jgit.lib"
         Unresolved requirement: Import-Package: org.eclipse.jgit.transport.sshd; version="[7.6.0,7.7.0)"
           -> Export-Package: org.eclipse.jgit.transport.sshd; bundle-symbolic-name="org.eclipse.jgit.ssh.apache"; bundle-version="7.6.0.202603022253-r"; version="7.6.0"; uses:="org.eclipse.jgit.transport,  org.apache.sshd.client.config.hosts,  org.apache.sshd.common.keyprovider,  org.eclipse.jgit.util,  org.apache.sshd.client.session,  org.apache.sshd.client.keyverifier"
         Unresolved requirement: Import-Package: org.eclipse.jgit.storage.file; version="[7.6.0,7.7.0)"
           -> Export-Package: org.eclipse.jgit.storage.file; bundle-symbolic-name="org.eclipse.jgit"; bundle-version="7.6.0.202601071437-m1"; version="7.6.0"; uses:="org.eclipse.jgit.lib,  org.eclipse.jgit.util"
         Unresolved requirement: Import-Package: org.eclipse.jgit.transport; version="[7.6.0,7.7.0)"
           -> Export-Package: org.eclipse.jgit.transport; bundle-symbolic-name="org.eclipse.jgit"; bundle-version="7.6.0.202601071437-m1"; version="7.6.0"; uses:="javax.crypto,  org.eclipse.jgit.hooks,  org.eclipse.jgit.util.io,  org.eclipse.jgit.lib,  org.eclipse.jgit.transport.http,  org.eclipse.jgit.revwalk,  org.eclipse.jgit.treewalk,  org.eclipse.jgit.util,  org.eclipse.jgit.internal.storage.pack,  org.eclipse.jgit.transport.resolver,  org.eclipse.jgit.storage.pack,  org.eclipse.jgit.errors"
         Unresolved requirement: Import-Package: org.eclipse.jgit.annotations; version="[7.6.0,7.7.0)"
           -> Export-Package: org.eclipse.jgit.annotations; bundle-symbolic-name="org.eclipse.jgit"; bundle-version="7.6.0.202601071437-m1"; version="7.6.0"
         Unresolved requirement: Import-Package: org.eclipse.jgit.revwalk.filter; version="[7.6.0,7.7.0)"
           -> Export-Package: org.eclipse.jgit.revwalk.filter; bundle-symbolic-name="org.eclipse.jgit"; bundle-version="7.6.0.202601071437-m1"; version="7.6.0"; uses:="org.eclipse.jgit.revwalk,  org.eclipse.jgit.lib,  org.eclipse.jgit.util"
         Unresolved requirement: Import-Package: org.eclipse.jgit.errors; version="[7.6.0,7.7.0)"
           -> Export-Package: org.eclipse.jgit.errors; bundle-symbolic-name="org.eclipse.jgit"; bundle-version="7.6.0.202601071437-m1"; version="7.6.0"; uses:="org.eclipse.jgit.transport,  org.eclipse.jgit.dircache,  org.eclipse.jgit.lib"
         Unresolved requirement: Import-Package: org.eclipse.jgit.transport.http.apache; version="[7.6.0,7.7.0)"
           -> Export-Package: org.eclipse.jgit.transport.http.apache; bundle-symbolic-name="org.eclipse.jgit.http.apache"; bundle-version="7.6.0.202603022253-r"; version="7.6.0"; uses:="org.apache.http.client,  org.eclipse.jgit.transport.http,  org.apache.http.entity,  org.apache.http.client.methods,  javax.net.ssl,  org.eclipse.jgit.util,  org.apache.http"
              org.eclipse.jgit.http.apache [517]
                Unresolved requirement: Import-Package: org.apache.http.conn.params; version="[4.4.0,5.0.0)"
                  -> Export-Package: org.apache.http.conn.params; bundle-symbolic-name="org.apache.httpcomponents.httpclient"; bundle-version="4.5.14"; version="4.5.14"; uses:="org.apache.http,org.apache.http.conn.routing,org.apache.http.params"
                     org.apache.httpcomponents.httpclient [125]
                       Unresolved requirement: Import-Package: org.apache.commons.logging; version="[1.1.0,1.3.0)"
                         -> Export-Package: org.apache.commons.logging; bundle-symbolic-name="jcl.over.slf4j"; bundle-version="2.0.18"; version="1.2.0"
                            jcl.over.slf4j [71]
                              Unresolved requirement: Import-Package: org.slf4j.spi; version="[2.0.0,3.0.0)"
                                -> Export-Package: org.slf4j.spi; bundle-symbolic-name="slf4j.api"; bundle-version="2.0.18"; version="2.0.18"; uses:="org.slf4j,org.slf4j.event,org.slf4j.helpers"
                              Unresolved requirement: Import-Package: org.slf4j; version="[2.0.0,3.0.0)"
                                -> Export-Package: org.slf4j; bundle-symbolic-name="slf4j.api"; bundle-version="2.0.18"; version="2.0.18"; uses:="org.slf4j.event,org.slf4j.helpers,org.slf4j.spi"
                Unresolved requirement: Import-Package: org.apache.http.client; version="[4.4.0,5.0.0)"
                  -> Export-Package: org.apache.http.client; bundle-symbolic-name="org.apache.httpcomponents.httpclient"; bundle-version="4.5.14"; version="4.5.14"; uses:="org.apache.http,org.apache.http.auth,org.apache.http.client.methods,org.apache.http.conn,org.apache.http.conn.routing,org.apache.http.cookie,org.apache.http.params,org.apache.http.protocol"
                Unresolved requirement: Import-Package: org.apache.http.conn; version="[4.4.0,5.0.0)"
                  -> Export-Package: org.apache.http.conn; bundle-symbolic-name="org.apache.httpcomponents.httpclient"; bundle-version="4.5.14"; version="4.5.14"; uses:="javax.net.ssl,org.apache.http,org.apache.http.concurrent,org.apache.http.config,org.apache.http.conn.routing,org.apache.http.conn.scheme,org.apache.http.entity,org.apache.http.params,org.apache.http.protocol"
                Unresolved requirement: Import-Package: org.apache.http.conn.util; version="[4.4.0,5.0.0)"
                  -> Export-Package: org.apache.http.conn.util; bundle-symbolic-name="org.apache.httpcomponents.httpclient"; bundle-version="4.5.14"; version="4.5.14"
                Unresolved requirement: Import-Package: org.apache.http.client.methods; version="[4.4.0,5.0.0)"
                  -> Export-Package: org.apache.http.client.methods; bundle-symbolic-name="org.apache.httpcomponents.httpclient"; bundle-version="4.5.14"; version="4.5.14"; uses:="org.apache.http,org.apache.http.client.config,org.apache.http.concurrent,org.apache.http.conn,org.apache.http.message,org.apache.http.params"
                Unresolved requirement: Import-Package: org.apache.http.impl.client; version="[4.4.0,5.0.0)"
                  -> Export-Package: org.apache.http.impl.client; bundle-symbolic-name="org.apache.httpcomponents.httpclient"; bundle-version="4.5.14"; version="4.5.14"; uses:="javax.net.ssl,org.apache.commons.logging,org.apache.http,org.apache.http.auth,org.apache.http.client,org.apache.http.client.config,org.apache.http.client.entity,org.apache.http.client.methods,org.apache.http.concurrent,org.apache.http.config,org.apache.http.conn,org.apache.http.conn.routing,org.apache.http.conn.socket,org.apache.http.conn.ssl,org.apache.http.conn.util,org.apache.http.cookie,org.apache.http.impl,org.apache.http.impl.auth,org.apache.http.impl.execchain,org.apache.http.message,org.apache.http.params,org.apache.http.pool,org.apache.http.protocol"
                Unresolved requirement: Import-Package: org.apache.http.conn.scheme; version="[4.4.0,5.0.0)"
                  -> Export-Package: org.apache.http.conn.scheme; bundle-symbolic-name="org.apache.httpcomponents.httpclient"; bundle-version="4.5.14"; version="4.5.14"; uses:="org.apache.http,org.apache.http.conn,org.apache.http.params"
                Unresolved requirement: Import-Package: org.apache.http.conn.ssl; version="[4.4.0,5.0.0)"
                  -> Export-Package: org.apache.http.conn.ssl; bundle-symbolic-name="org.apache.httpcomponents.httpclient"; bundle-version="4.5.14"; version="4.5.14"; uses:="javax.net.ssl,org.apache.http,org.apache.http.conn,org.apache.http.conn.scheme,org.apache.http.conn.socket,org.apache.http.conn.util,org.apache.http.params,org.apache.http.protocol,org.apache.http.ssl"
                Unresolved requirement: Import-Package: org.eclipse.jgit.annotations; version="[7.6.0,7.7.0)"
                  -> Export-Package: org.eclipse.jgit.annotations; bundle-symbolic-name="org.eclipse.jgit"; bundle-version="7.6.0.202601071437-m1"; version="7.6.0"
                Unresolved requirement: Import-Package: org.apache.http.client.config; version="[4.4.0,5.0.0)"
                  -> Export-Package: org.apache.http.client.config; bundle-symbolic-name="org.apache.httpcomponents.httpclient"; bundle-version="4.5.14"; version="4.5.14"; uses:="org.apache.http"
                Unresolved requirement: Import-Package: org.eclipse.jgit.nls; version="[7.6.0,7.7.0)"
                  -> Export-Package: org.eclipse.jgit.nls; bundle-symbolic-name="org.eclipse.jgit"; bundle-version="7.6.0.202601071437-m1"; version="7.6.0"
                Unresolved requirement: Import-Package: org.eclipse.jgit.util; version="[7.6.0,7.7.0)"
                  -> Export-Package: org.eclipse.jgit.util; bundle-symbolic-name="org.eclipse.jgit"; bundle-version="7.6.0.202601071437-m1"; version="7.6.0"; uses:="org.eclipse.jgit.transport,  org.eclipse.jgit.hooks,  org.eclipse.jgit.revwalk,  org.eclipse.jgit.storage.file,  org.ietf.jgss,  org.eclipse.jgit.attributes,  javax.management,  org.eclipse.jgit.lib,  org.eclipse.jgit.transport.http,  org.eclipse.jgit.treewalk,  javax.net.ssl,  org.eclipse.jgit.util.time"
                Unresolved requirement: Import-Package: org.apache.http.impl.conn; version="[4.4.0,5.0.0)"
                  -> Export-Package: org.apache.http.impl.conn; bundle-symbolic-name="org.apache.httpcomponents.httpclient"; bundle-version="4.5.14"; version="4.5.14"; uses:="javax.net.ssl,org.apache.commons.logging,org.apache.http,org.apache.http.config,org.apache.http.conn,org.apache.http.conn.routing,org.apache.http.conn.scheme,org.apache.http.conn.socket,org.apache.http.entity,org.apache.http.impl,org.apache.http.impl.io,org.apache.http.io,org.apache.http.message,org.apache.http.params,org.apache.http.pool,org.apache.http.protocol,org.apache.http.util"
                Unresolved requirement: Import-Package: org.apache.http.client.params; version="[4.4.0,5.0.0)"
                  -> Export-Package: org.apache.http.client.params; bundle-symbolic-name="org.apache.httpcomponents.httpclient"; bundle-version="4.5.14"; version="4.5.14"; uses:="org.apache.http,org.apache.http.auth.params,org.apache.http.client.config,org.apache.http.conn.params,org.apache.http.cookie.params,org.apache.http.params"
                Unresolved requirement: Import-Package: org.apache.http.conn.socket; version="[4.4.0,5.0.0)"
                  -> Export-Package: org.apache.http.conn.socket; bundle-symbolic-name="org.apache.httpcomponents.httpclient"; bundle-version="4.5.14"; version="4.5.14"; uses:="org.apache.http,org.apache.http.protocol"
                Unresolved requirement: Import-Package: org.eclipse.jgit.transport.http; version="[7.6.0,7.7.0)"
                  -> Export-Package: org.eclipse.jgit.transport.http; bundle-symbolic-name="org.eclipse.jgit"; bundle-version="7.6.0.202601071437-m1"; version="7.6.0"; uses:="javax.net.ssl"
         Unresolved requirement: Import-Package: org.eclipse.jgit.lib; version="[7.6.0,7.7.0)"
           -> Export-Package: org.eclipse.jgit.lib; bundle-symbolic-name="org.eclipse.jgit"; bundle-version="7.6.0.202601071437-m1"; version="7.6.0"; uses:="org.eclipse.jgit.transport,  org.eclipse.jgit.util.sha1,  org.eclipse.jgit.dircache,  org.eclipse.jgit.revwalk,  org.eclipse.jgit.internal.storage.file,  org.eclipse.jgit.api,  org.eclipse.jgit.attributes,  org.eclipse.jgit.events,  com.googlecode.javaewah,  org.eclipse.jgit.treewalk.filter,  org.eclipse.jgit.treewalk,  org.eclipse.jgit.util,  org.eclipse.jgit.submodule,  org.eclipse.jgit.util.time"
         Unresolved requirement: Import-Package: org.eclipse.jgit.submodule; version="[7.6.0,7.7.0)"
           -> Export-Package: org.eclipse.jgit.submodule; bundle-symbolic-name="org.eclipse.jgit"; bundle-version="7.6.0.202601071437-m1"; version="7.6.0"; uses:="org.eclipse.jgit.lib,  org.eclipse.jgit.treewalk.filter,  org.eclipse.jgit.diff,  org.eclipse.jgit.treewalk,  org.eclipse.jgit.util"
         Unresolved requirement: Import-Package: org.eclipse.jgit.util.io; version="[7.6.0,7.7.0)"
           -> Export-Package: org.eclipse.jgit.util.io; bundle-symbolic-name="org.eclipse.jgit"; bundle-version="7.6.0.202601071437-m1"; version="7.6.0"; uses:="org.eclipse.jgit.attributes,  org.eclipse.jgit.lib,  org.eclipse.jgit.treewalk"
         Unresolved requirement: Import-Package: org.eclipse.jgit.api; version="[7.6.0,7.7.0)"
           -> Export-Package: org.eclipse.jgit.api; bundle-symbolic-name="org.eclipse.jgit"; bundle-version="7.6.0.202601071437-m1"; version="7.6.0"; uses:="org.eclipse.jgit.transport,  org.eclipse.jgit.notes,  org.eclipse.jgit.dircache,  org.eclipse.jgit.lib,  org.eclipse.jgit.revwalk,  org.eclipse.jgit.treewalk.filter,  org.eclipse.jgit.diff,  org.eclipse.jgit.treewalk,  org.eclipse.jgit.util,  org.eclipse.jgit.submodule,  org.eclipse.jgit.api.errors,  org.eclipse.jgit.revwalk.filter,  org.eclipse.jgit.blame,  org.eclipse.jgit.merge"
         Unresolved requirement: Import-Package: org.eclipse.jgit.transport.http; version="[7.6.0,7.7.0)"
           -> Export-Package: org.eclipse.jgit.transport.http; bundle-symbolic-name="org.eclipse.jgit"; bundle-version="7.6.0.202601071437-m1"; version="7.6.0"; uses:="javax.net.ssl"
         Unresolved requirement: Import-Package: org.eclipse.jgit.attributes; version="[7.6.0,7.7.0)"
           -> Export-Package: org.eclipse.jgit.attributes; bundle-symbolic-name="org.eclipse.jgit"; bundle-version="7.6.0.202601071437-m1"; version="7.6.0"; uses:="org.eclipse.jgit.lib,  org.eclipse.jgit.treewalk"
         Unresolved requirement: Import-Package: org.eclipse.jgit.internal.storage.file; version="[7.6.0,7.7.0)"
           -> Export-Package: org.eclipse.jgit.internal.storage.file; bundle-symbolic-name="org.eclipse.jgit"; bundle-version="7.6.0.202601071437-m1"; version="7.6.0"; x-friends:="org.eclipse.jgit.test,  org.eclipse.jgit.junit,  org.eclipse.jgit.junit.http,  org.eclipse.jgit.http.server,  org.eclipse.jgit.lfs,  org.eclipse.jgit.lfs.test,  org.eclipse.jgit.pgm,  org.eclipse.jgit.pgm.test,  org.eclipse.jgit.ssh.apache,  org.eclipse.jgit.ssh.apache.test,  org.eclipse.jgit.ssh.jsch.test"
         Unresolved requirement: Import-Package: org.eclipse.jgit.revwalk; version="[7.6.0,7.7.0)"
           -> Export-Package: org.eclipse.jgit.revwalk; bundle-symbolic-name="org.eclipse.jgit"; bundle-version="7.6.0.202601071437-m1"; version="7.6.0"; uses:="org.eclipse.jgit.lib,  org.eclipse.jgit.revwalk.filter,  org.eclipse.jgit.diff,  org.eclipse.jgit.treewalk.filter,  org.eclipse.jgit.treewalk,  org.eclipse.jgit.internal.storage.commitgraph"
         Unresolved requirement: Import-Package: org.eclipse.jgit.api.errors; version="[7.6.0,7.7.0)"
           -> Export-Package: org.eclipse.jgit.api.errors; bundle-symbolic-name="org.eclipse.jgit"; bundle-version="7.6.0.202601071437-m1"; version="7.6.0"; uses:="org.eclipse.jgit.lib,  org.eclipse.jgit.errors"
         Unresolved requirement: Import-Package: org.eclipse.jgit.util; version="[7.6.0,7.7.0)"
           -> Export-Package: org.eclipse.jgit.util; bundle-symbolic-name="org.eclipse.jgit"; bundle-version="7.6.0.202601071437-m1"; version="7.6.0"; uses:="org.eclipse.jgit.transport,  org.eclipse.jgit.hooks,  org.eclipse.jgit.revwalk,  org.eclipse.jgit.storage.file,  org.ietf.jgss,  org.eclipse.jgit.attributes,  javax.management,  org.eclipse.jgit.lib,  org.eclipse.jgit.transport.http,  org.eclipse.jgit.treewalk,  javax.net.ssl,  org.eclipse.jgit.util.time"
         Unresolved requirement: Import-Package: org.eclipse.jgit.treewalk.filter; version="[7.6.0,7.7.0)"
           -> Export-Package: org.eclipse.jgit.treewalk.filter; bundle-symbolic-name="org.eclipse.jgit"; bundle-version="7.6.0.202601071437-m1"; version="7.6.0"; uses:="org.eclipse.jgit.treewalk"
         Unresolved requirement: Import-Package: org.eclipse.jgit.diff; version="[7.6.0,7.7.0)"
           -> Export-Package: org.eclipse.jgit.diff; bundle-symbolic-name="org.eclipse.jgit"; bundle-version="7.6.0.202601071437-m1"; version="7.6.0"; uses:="org.eclipse.jgit.lib,  org.eclipse.jgit.revwalk,  org.eclipse.jgit.patch,  org.eclipse.jgit.attributes,  org.eclipse.jgit.treewalk.filter,  org.eclipse.jgit.treewalk,  org.eclipse.jgit.util"
         Unresolved requirement: Import-Package: org.eclipse.jgit.treewalk; version="[7.6.0,7.7.0)"
           -> Export-Package: org.eclipse.jgit.treewalk; bundle-symbolic-name="org.eclipse.jgit"; bundle-version="7.6.0.202601071437-m1"; version="7.6.0"; uses:="org.eclipse.jgit.dircache,  org.eclipse.jgit.lib,  org.eclipse.jgit.attributes,  org.eclipse.jgit.revwalk,  org.eclipse.jgit.treewalk.filter,  org.eclipse.jgit.util"
  Unresolved requirement: Import-Package: org.eclipse.jgit.api.errors; version="[7.6.0,7.7.0)"
    -> Export-Package: org.eclipse.jgit.api.errors; bundle-symbolic-name="org.eclipse.jgit"; bundle-version="7.6.0.202601071437-m1"; version="7.6.0"; uses:="org.eclipse.jgit.lib,  org.eclipse.jgit.errors"
  Unresolved requirement: Import-Package: org.eclipse.jgit.revwalk.filter; version="[7.6.0,7.7.0)"
    -> Export-Package: org.eclipse.jgit.revwalk.filter; bundle-symbolic-name="org.eclipse.jgit"; bundle-version="7.6.0.202601071437-m1"; version="7.6.0"; uses:="org.eclipse.jgit.revwalk,  org.eclipse.jgit.lib,  org.eclipse.jgit.util"
  Unresolved requirement: Import-Package: org.eclipse.egit.core.internal.job; version="[7.6.0,7.7.0)"
    -> Export-Package: org.eclipse.egit.core.internal.job; bundle-symbolic-name="org.eclipse.egit.core"; bundle-version="7.6.0.202603022253-r"; version="7.6.0"; x-friends:="org.eclipse.egit.ui,org.eclipse.egit.gitflow.ui,org.eclipse.egit.gitflow"
  Unresolved requirement: Import-Package: org.eclipse.jgit.transport; version="[7.6.0,7.7.0)"
    -> Export-Package: org.eclipse.jgit.transport; bundle-symbolic-name="org.eclipse.jgit"; bundle-version="7.6.0.202601071437-m1"; version="7.6.0"; uses:="javax.crypto,  org.eclipse.jgit.hooks,  org.eclipse.jgit.util.io,  org.eclipse.jgit.lib,  org.eclipse.jgit.transport.http,  org.eclipse.jgit.revwalk,  org.eclipse.jgit.treewalk,  org.eclipse.jgit.util,  org.eclipse.jgit.internal.storage.pack,  org.eclipse.jgit.transport.resolver,  org.eclipse.jgit.storage.pack,  org.eclipse.jgit.errors"


!ENTRY org.eclipse.jst.jsf.facesconfig 2 0 2026-07-30 21:22:02.754
!MESSAGE Could not resolve module: org.eclipse.jst.jsf.facesconfig [589]
  Unresolved requirement: Require-Bundle: org.eclipse.jst.j2ee; bundle-version="[1.1.0,1.3.0)"
    -> Bundle-SymbolicName: org.eclipse.jst.j2ee; bundle-version="1.2.1200.v202502280419"; singleton:="true"
       org.eclipse.jst.j2ee [560]
         Unresolved requirement: Require-Bundle: org.eclipse.wst.server.core; bundle-version="[1.5.0,2.0.0)"
           -> Bundle-SymbolicName: org.eclipse.wst.server.core; bundle-version="1.11.0.v202311141839"; singleton:="true"
              org.eclipse.wst.server.core [956]
                Unresolved requirement: Require-Bundle: org.eclipse.wst.server.discovery; bundle-version="[1.0.0,2.0.0)"
                  -> Bundle-SymbolicName: org.eclipse.wst.server.discovery; bundle-version="1.3.600.v202405150145"; singleton:="true"
                     org.eclipse.wst.server.discovery [957]
                       Unresolved requirement: Require-Bundle: org.eclipse.ui; bundle-version="[3.5.0,4.0.0)"
                         -> Bundle-SymbolicName: org.eclipse.ui; bundle-version="3.208.0.v20251219-1043"; singleton:="true"
                            org.eclipse.ui [866]
                              Unresolved requirement: Require-Bundle: org.eclipse.jface; bundle-version="[3.34.0,4.0.0)"; visibility:="reexport"
                                -> Bundle-SymbolicName: org.eclipse.jface; bundle-version="3.39.0.v20260103-1533"; singleton:="true"
                                   org.eclipse.jface [510]
                                     Unresolved requirement: Require-Capability: eclipse.swt; filter:="(image.format=svg)"
                                       -> Provide-Capability: eclipse.swt; image.format="svg"; version:Version="1.0.0"
                                          org.eclipse.swt.svg [842]
                                            Unresolved requirement: Fragment-Host: org.eclipse.swt
                                            Unresolved requirement: Fragment-Host: org.eclipse.swt
                                            Unresolved requirement: Fragment-Host: org.eclipse.swt
                                            Unresolved requirement: Fragment-Host: org.eclipse.swt
                                            Unresolved requirement: Fragment-Host: org.eclipse.swt
                                            Unresolved requirement: Import-Package: com.github.weisj.jsvg; version="[2.1.0,3.0.0)"
                                              -> Export-Package: com.github.weisj.jsvg; bundle-symbolic-name="com.github.weisj.jsvg"; bundle-version="2.1.0"; version="2.1.0"; uses:="com.github.weisj.jsvg.renderer,com.github.weisj.jsvg.renderer.animation,com.github.weisj.jsvg.renderer.output,com.github.weisj.jsvg.view,javax.swing"
                                                 com.github.weisj.jsvg [21]
                                                   Unresolved requirement: Require-Capability: osgi.serviceloader; osgi.serviceloader="com.github.weisj.jsvg.logging.LogManager"; filter:="(osgi.serviceloader=com.github.weisj.jsvg.logging.LogManager)"
                                                     -> Provide-Capability: osgi.serviceloader; osgi.serviceloader="com.github.weisj.jsvg.logging.LogManager"; register:="org.eclipse.swt.svg.logging.JVSGLoggerLogManager"
                                                   Unresolved requirement: Require-Capability: osgi.extender; filter:="(&(osgi.extender=osgi.serviceloader.processor)(version>=1.0.0)(!(version>=2.0.0)))"
                                                     -> Provide-Capability: osgi.extender; osgi.extender="osgi.serviceloader.processor"; version:Version="1.0.0"; uses:="org.apache.aries.spifly"
                                                        org.apache.aries.spifly.dynamic.bundle [97]
                                                          Bundle was not resolved because of a uses constraint violation.
  org.apache.felix.resolver.reason.ReasonException: Uses constraint violation. Unable to resolve resource org.apache.aries.spifly.dynamic.bundle [osgi.identity; type="osgi.bundle"; version:Version="1.3.7"; osgi.identity="org.apache.aries.spifly.dynamic.bundle"] because it is exposed to package 'org.objectweb.asm' from resources org.objectweb.asm [osgi.identity; type="osgi.bundle"; version:Version="9.9.1"; osgi.identity="org.objectweb.asm"] and org.objectweb.asm [osgi.identity; type="osgi.bundle"; version:Version="9.10.1"; osgi.identity="org.objectweb.asm"] via two dependency chains.

Chain 1:
  org.apache.aries.spifly.dynamic.bundle [osgi.identity; type="osgi.bundle"; version:Version="1.3.7"; osgi.identity="org.apache.aries.spifly.dynamic.bundle"]
    import: (&(osgi.wiring.package=org.objectweb.asm)(&(version>=9.6.0)(!(version>=10.0.0))))
     |
    export: osgi.wiring.package: org.objectweb.asm
  org.objectweb.asm [osgi.identity; type="osgi.bundle"; version:Version="9.9.1"; osgi.identity="org.objectweb.asm"]

Chain 2:
  org.apache.aries.spifly.dynamic.bundle [osgi.identity; type="osgi.bundle"; version:Version="1.3.7"; osgi.identity="org.apache.aries.spifly.dynamic.bundle"]
    import: (&(osgi.wiring.package=org.objectweb.asm.util)(&(version>=9.6.0)(!(version>=10.0.0))))
     |
    export: osgi.wiring.package=org.objectweb.asm.util; uses:=org.objectweb.asm
  org.objectweb.asm.util [osgi.identity; type="osgi.bundle"; version:Version="9.10.1"; osgi.identity="org.objectweb.asm.util"]
    import: (&(osgi.wiring.package=org.objectweb.asm)(&(version>=9.10.1)(!(version>=9.11.0))))
     |
    export: osgi.wiring.package: org.objectweb.asm
  org.objectweb.asm [osgi.identity; type="osgi.bundle"; version:Version="9.10.1"; osgi.identity="org.objectweb.asm"]                                            Unresolved requirement: Import-Package: com.github.weisj.jsvg.logging; version="[2.1.0,3.0.0)"
                                              -> Export-Package: com.github.weisj.jsvg.logging; bundle-symbolic-name="com.github.weisj.jsvg"; bundle-version="2.1.0"; version="2.1.0"
                                            Unresolved requirement: Import-Package: com.github.weisj.jsvg.parser; version="[2.1.0,3.0.0)"
                                              -> Export-Package: com.github.weisj.jsvg.parser; bundle-symbolic-name="com.github.weisj.jsvg"; bundle-version="2.1.0"; version="2.1.0"; uses:="com.github.weisj.jsvg,com.github.weisj.jsvg.paint,com.github.weisj.jsvg.parser.css,com.github.weisj.jsvg.parser.impl,com.github.weisj.jsvg.parser.resources,javax.xml.stream"
                                            Unresolved requirement: Import-Package: com.github.weisj.jsvg.view; version="[2.1.0,3.0.0)"
                                              -> Export-Package: com.github.weisj.jsvg.view; bundle-symbolic-name="com.github.weisj.jsvg"; bundle-version="2.1.0"; version="2.1.0"
                              Unresolved requirement: Require-Bundle: org.eclipse.ui.workbench; bundle-version="[3.130.0,4.0.0)"; visibility:="reexport"
                                -> Bundle-SymbolicName: org.eclipse.ui.workbench; bundle-version="3.138.0.v20260103-1852"; singleton:="true"
                                   org.eclipse.ui.workbench [889]
                                     Unresolved requirement: Import-Package: org.eclipse.e4.ui.internal.workbench.renderers.swt
                                       -> Export-Package: org.eclipse.e4.ui.internal.workbench.renderers.swt; bundle-symbolic-name="org.eclipse.e4.ui.workbench.renderers.swt"; bundle-version="0.17.0.v20251218-1448"; version="0.0.0"; x-friends:="org.eclipse.ui.workbench"
                                          org.eclipse.e4.ui.workbench.renderers.swt [344]
                                            Unresolved requirement: Require-Bundle: org.eclipse.e4.ui.bindings; bundle-version="0.9.0"
                                              -> Bundle-SymbolicName: org.eclipse.e4.ui.bindings; bundle-version="0.15.0.v20251216-1230"; singleton:="true"
                                                 org.eclipse.e4.ui.bindings [330]
                                                   Unresolved requirement: Import-Package: org.eclipse.jface.window
                                                     -> Export-Package: org.eclipse.jface.window; bundle-symbolic-name="org.eclipse.jface"; bundle-version="3.39.0.v20260103-1533"; version="0.0.0"
                                                   Unresolved requirement: Import-Package: org.eclipse.jface.bindings.keys
                                                     -> Export-Package: org.eclipse.jface.bindings.keys; bundle-symbolic-name="org.eclipse.jface"; bundle-version="3.39.0.v20260103-1533"; version="0.0.0"
                                                   Unresolved requirement: Import-Package: org.eclipse.jface.bindings
                                                     -> Export-Package: org.eclipse.jface.bindings; bundle-symbolic-name="org.eclipse.jface"; bundle-version="3.39.0.v20260103-1533"; version="0.0.0"
                                                   Unresolved requirement: Import-Package: org.eclipse.jface.dialogs
                                                     -> Export-Package: org.eclipse.jface.dialogs; bundle-symbolic-name="org.eclipse.jface"; bundle-version="3.39.0.v20260103-1533"; version="0.0.0"
                                            Unresolved requirement: Require-Bundle: org.eclipse.e4.ui.css.swt; bundle-version="0.11.0"
                                              -> Bundle-SymbolicName: org.eclipse.e4.ui.css.swt; bundle-version="0.16.0.v20251216-1230"; singleton:="true"
                                                 org.eclipse.e4.ui.css.swt [332]
                                                   Unresolved requirement: Import-Package: org.eclipse.jface.resource
                                                     -> Export-Package: org.eclipse.jface.resource; bundle-symbolic-name="org.eclipse.jface"; bundle-version="3.39.0.v20260103-1533"; version="0.0.0"
                                            Unresolved requirement: Require-Bundle: org.eclipse.e4.ui.workbench.swt; bundle-version="0.9.0"
                                              -> Bundle-SymbolicName: org.eclipse.e4.ui.workbench.swt; bundle-version="0.18.0.v20251223-1034"; singleton:="true"
                                                 org.eclipse.e4.ui.workbench.swt [345]
                                                   Unresolved requirement: Require-Capability: eclipse.swt; filter:="(image.format=svg)"
                                                     -> Provide-Capability: eclipse.swt; image.format="svg"; version:Version="1.0.0"
                                                   Unresolved requirement: Require-Bundle: org.eclipse.e4.ui.css.swt; bundle-version="0.13.100"
                                                     -> Bundle-SymbolicName: org.eclipse.e4.ui.css.swt; bundle-version="0.16.0.v20251216-1230"; singleton:="true"
                                                   Unresolved requirement: Require-Bundle: org.eclipse.jface.databinding; bundle-version="[1.3.0,2.0.0)"
                                                     -> Bundle-SymbolicName: org.eclipse.jface.databinding; bundle-version="1.16.0.v20251216-1230"
                                                        org.eclipse.jface.databinding [511]
                                                          Unresolved requirement: Require-Bundle: org.eclipse.jface; bundle-version="[3.2.0,4.0.0)"
                                                            -> Bundle-SymbolicName: org.eclipse.jface; bundle-version="3.39.0.v20260103-1533"; singleton:="true"
                                                   Unresolved requirement: Require-Bundle: org.eclipse.e4.ui.dialogs; bundle-version="1.1.600"
                                                     -> Bundle-SymbolicName: org.eclipse.e4.ui.dialogs; bundle-version="1.7.0.v20251222-0947"
                                                        org.eclipse.e4.ui.dialogs [335]
                                                          Unresolved requirement: Require-Capability: eclipse.swt; filter:="(image.format=svg)"
                                                            -> Provide-Capability: eclipse.swt; image.format="svg"; version:Version="1.0.0"
                                                          Unresolved requirement: Require-Bundle: org.eclipse.jface; bundle-version="3.39.0"
                                                            -> Bundle-SymbolicName: org.eclipse.jface; bundle-version="3.39.0.v20260103-1533"; singleton:="true"
                                                   Unresolved requirement: Require-Bundle: org.eclipse.e4.ui.bindings; bundle-version="0.9.0"
                                                     -> Bundle-SymbolicName: org.eclipse.e4.ui.bindings; bundle-version="0.15.0.v20251216-1230"; singleton:="true"
                                                   Unresolved requirement: Require-Bundle: org.eclipse.jface; bundle-version="[3.39.0,4.0.0)"
                                                     -> Bundle-SymbolicName: org.eclipse.jface; bundle-version="3.39.0.v20260103-1533"; singleton:="true"
                                                   Unresolved requirement: Require-Bundle: org.eclipse.e4.ui.css.swt.theme; bundle-version="0.12.0"
                                                     -> Bundle-SymbolicName: org.eclipse.e4.ui.css.swt.theme; bundle-version="0.15.0.v20251216-1230"; singleton:="true"
                                                        org.eclipse.e4.ui.css.swt.theme [333]
                                                          Unresolved requirement: Require-Bundle: org.eclipse.e4.ui.css.swt; bundle-version="0.13.100"
                                                            -> Bundle-SymbolicName: org.eclipse.e4.ui.css.swt; bundle-version="0.16.0.v20251216-1230"; singleton:="true"
                                            Unresolved requirement: Require-Bundle: org.eclipse.jface; bundle-version="[3.15.0,4.0.0)"
                                              -> Bundle-SymbolicName: org.eclipse.jface; bundle-version="3.39.0.v20260103-1533"; singleton:="true"
                                            Unresolved requirement: Require-Capability: eclipse.swt; filter:="(image.format=svg)"
                                              -> Provide-Capability: eclipse.swt; image.format="svg"; version:Version="1.0.0"
                                     Unresolved requirement: Import-Package: org.eclipse.e4.ui.workbench.renderers.swt
                                       -> Export-Package: org.eclipse.e4.ui.workbench.renderers.swt; bundle-symbolic-name="org.eclipse.e4.ui.workbench.renderers.swt"; bundle-version="0.17.0.v20251218-1448"; version="0.0.0"; x-friends:="org.eclipse.e4.ui.workbench.addons.swt,org.eclipse.ui.workbench"
                                     Unresolved requirement: Import-Package: org.eclipse.e4.ui.internal.workbench.swt
                                       -> Export-Package: org.eclipse.e4.ui.internal.workbench.swt; bundle-symbolic-name="org.eclipse.e4.ui.workbench.swt"; bundle-version="0.18.0.v20251223-1034"; version="0.0.0"; x-friends:="org.eclipse.e4.ui.workbench.addons.swt,  org.eclipse.e4.ui.workbench.renderers.swt,  org.eclipse.ui.workbench,  org.eclipse.e4.ui.bindings.tests"
                              Unresolved requirement: Require-Capability: eclipse.swt; filter:="(image.format=svg)"
                                -> Provide-Capability: eclipse.swt; image.format="svg"; version:Version="1.0.0"
                       Unresolved requirement: Require-Bundle: org.eclipse.equinox.p2.ui; bundle-version="[2.0.0,3.0.0)"
                         -> Bundle-SymbolicName: org.eclipse.equinox.p2.ui; bundle-version="2.8.1000.v20251111-1030"; singleton:="true"
                            org.eclipse.equinox.p2.ui [444]
                              Unresolved requirement: Import-Package: org.eclipse.e4.ui.progress
                                -> Export-Package: org.eclipse.e4.ui.progress; bundle-symbolic-name="org.eclipse.e4.ui.progress"; bundle-version="0.5.0.v20251217-1052"; version="0.0.0"
                                   org.eclipse.e4.ui.progress [338]
                                     Unresolved requirement: Require-Bundle: org.eclipse.jface; bundle-version="3.39.0"
                                       -> Bundle-SymbolicName: org.eclipse.jface; bundle-version="3.39.0.v20260103-1533"; singleton:="true"
                                     Unresolved requirement: Require-Bundle: org.eclipse.e4.ui.workbench.swt
                                       -> Bundle-SymbolicName: org.eclipse.e4.ui.workbench.swt; bundle-version="0.18.0.v20251223-1034"; singleton:="true"
                                     Unresolved requirement: Require-Capability: eclipse.swt; filter:="(image.format=svg)"
                                       -> Provide-Capability: eclipse.swt; image.format="svg"; version:Version="1.0.0"
         Unresolved requirement: Require-Bundle: org.eclipse.wst.web; bundle-version="[1.1.600,2.0.0)"
           -> Bundle-SymbolicName: org.eclipse.wst.web; bundle-version="1.3.200.v202305221615"; singleton:="true"
              org.eclipse.wst.web [973]
                Unresolved requirement: Require-Bundle: org.eclipse.wst.server.core; bundle-version="[1.10.0,2.0.0)"
                  -> Bundle-SymbolicName: org.eclipse.wst.server.core; bundle-version="1.11.0.v202311141839"; singleton:="true"
         Unresolved requirement: Require-Bundle: org.eclipse.jst.server.core; bundle-version="[1.0.102,2.0.0)"
           -> Bundle-SymbolicName: org.eclipse.jst.server.core; bundle-version="1.3.0.v202401292331"; singleton:="true"
              org.eclipse.jst.server.core [599]
                Unresolved requirement: Require-Bundle: org.eclipse.wst.server.core; bundle-version="[1.0.304,2.0.0)"
                  -> Bundle-SymbolicName: org.eclipse.wst.server.core; bundle-version="1.11.0.v202311141839"; singleton:="true"
  Unresolved requirement: Require-Bundle: org.eclipse.emf.edit.ui; bundle-version="[2.2.0,3.0.0)"
    -> Bundle-SymbolicName: org.eclipse.emf.edit.ui; bundle-version="2.28.0.v20260704-1256"; singleton:="true"
       org.eclipse.emf.edit.ui [384]
         Unresolved requirement: Require-Bundle: org.eclipse.ui.workbench; bundle-version="[3.6.0,4.0.0)"; visibility:="reexport"
           -> Bundle-SymbolicName: org.eclipse.ui.workbench; bundle-version="3.138.0.v20260103-1852"; singleton:="true"
         Unresolved requirement: Require-Bundle: org.eclipse.ui.views; bundle-version="[3.5.0,4.0.0)"; visibility:="reexport"
           -> Bundle-SymbolicName: org.eclipse.ui.views; bundle-version="3.13.0.v20251217-0909"; singleton:="true"
              org.eclipse.ui.views [885]
                Unresolved requirement: Require-Bundle: org.eclipse.ui; bundle-version="[3.208.0,4.0.0)"
                  -> Bundle-SymbolicName: org.eclipse.ui; bundle-version="3.208.0.v20251219-1043"; singleton:="true"
                Unresolved requirement: Require-Bundle: org.eclipse.jface; bundle-version="[3.39.0,4.0.0)"
                  -> Bundle-SymbolicName: org.eclipse.jface; bundle-version="3.39.0.v20260103-1533"; singleton:="true"


!ENTRY org.eclipse.jst.ws.axis2.consumption.core 2 0 2026-07-30 21:22:02.760
!MESSAGE Could not resolve module: org.eclipse.jst.ws.axis2.consumption.core [618]
  Unresolved requirement: Require-Bundle: org.eclipse.ui
    -> Bundle-SymbolicName: org.eclipse.ui; bundle-version="3.208.0.v20251219-1043"; singleton:="true"
       org.eclipse.ui [866]
         Unresolved requirement: Require-Bundle: org.eclipse.jface; bundle-version="[3.34.0,4.0.0)"; visibility:="reexport"
           -> Bundle-SymbolicName: org.eclipse.jface; bundle-version="3.39.0.v20260103-1533"; singleton:="true"
              org.eclipse.jface [510]
                Unresolved requirement: Require-Capability: eclipse.swt; filter:="(image.format=svg)"
                  -> Provide-Capability: eclipse.swt; image.format="svg"; version:Version="1.0.0"
                     org.eclipse.swt.svg [842]
                       Unresolved requirement: Fragment-Host: org.eclipse.swt
                       Unresolved requirement: Fragment-Host: org.eclipse.swt
                       Unresolved requirement: Fragment-Host: org.eclipse.swt
                       Unresolved requirement: Fragment-Host: org.eclipse.swt
                       Unresolved requirement: Fragment-Host: org.eclipse.swt
                       Unresolved requirement: Import-Package: com.github.weisj.jsvg; version="[2.1.0,3.0.0)"
                         -> Export-Package: com.github.weisj.jsvg; bundle-symbolic-name="com.github.weisj.jsvg"; bundle-version="2.1.0"; version="2.1.0"; uses:="com.github.weisj.jsvg.renderer,com.github.weisj.jsvg.renderer.animation,com.github.weisj.jsvg.renderer.output,com.github.weisj.jsvg.view,javax.swing"
                            com.github.weisj.jsvg [21]
                              Unresolved requirement: Require-Capability: osgi.serviceloader; osgi.serviceloader="com.github.weisj.jsvg.logging.LogManager"; filter:="(osgi.serviceloader=com.github.weisj.jsvg.logging.LogManager)"
                                -> Provide-Capability: osgi.serviceloader; osgi.serviceloader="com.github.weisj.jsvg.logging.LogManager"; register:="org.eclipse.swt.svg.logging.JVSGLoggerLogManager"
                              Unresolved requirement: Require-Capability: osgi.extender; filter:="(&(osgi.extender=osgi.serviceloader.processor)(version>=1.0.0)(!(version>=2.0.0)))"
                                -> Provide-Capability: osgi.extender; osgi.extender="osgi.serviceloader.processor"; version:Version="1.0.0"; uses:="org.apache.aries.spifly"
                                   org.apache.aries.spifly.dynamic.bundle [97]
                                     Bundle was not resolved because of a uses constraint violation.
  org.apache.felix.resolver.reason.ReasonException: Uses constraint violation. Unable to resolve resource org.apache.aries.spifly.dynamic.bundle [osgi.identity; type="osgi.bundle"; version:Version="1.3.7"; osgi.identity="org.apache.aries.spifly.dynamic.bundle"] because it is exposed to package 'org.objectweb.asm' from resources org.objectweb.asm [osgi.identity; type="osgi.bundle"; version:Version="9.9.1"; osgi.identity="org.objectweb.asm"] and org.objectweb.asm [osgi.identity; type="osgi.bundle"; version:Version="9.10.1"; osgi.identity="org.objectweb.asm"] via two dependency chains.

Chain 1:
  org.apache.aries.spifly.dynamic.bundle [osgi.identity; type="osgi.bundle"; version:Version="1.3.7"; osgi.identity="org.apache.aries.spifly.dynamic.bundle"]
    import: (&(osgi.wiring.package=org.objectweb.asm)(&(version>=9.6.0)(!(version>=10.0.0))))
     |
    export: osgi.wiring.package: org.objectweb.asm
  org.objectweb.asm [osgi.identity; type="osgi.bundle"; version:Version="9.9.1"; osgi.identity="org.objectweb.asm"]

Chain 2:
  org.apache.aries.spifly.dynamic.bundle [osgi.identity; type="osgi.bundle"; version:Version="1.3.7"; osgi.identity="org.apache.aries.spifly.dynamic.bundle"]
    import: (&(osgi.wiring.package=org.objectweb.asm.util)(&(version>=9.6.0)(!(version>=10.0.0))))
     |
    export: osgi.wiring.package=org.objectweb.asm.util; uses:=org.objectweb.asm
  org.objectweb.asm.util [osgi.identity; type="osgi.bundle"; version:Version="9.10.1"; osgi.identity="org.objectweb.asm.util"]
    import: (&(osgi.wiring.package=org.objectweb.asm)(&(version>=9.10.1)(!(version>=9.11.0))))
     |
    export: osgi.wiring.package: org.objectweb.asm
  org.objectweb.asm [osgi.identity; type="osgi.bundle"; version:Version="9.10.1"; osgi.identity="org.objectweb.asm"]                       Unresolved requirement: Import-Package: com.github.weisj.jsvg.logging; version="[2.1.0,3.0.0)"
                         -> Export-Package: com.github.weisj.jsvg.logging; bundle-symbolic-name="com.github.weisj.jsvg"; bundle-version="2.1.0"; version="2.1.0"
                       Unresolved requirement: Import-Package: com.github.weisj.jsvg.parser; version="[2.1.0,3.0.0)"
                         -> Export-Package: com.github.weisj.jsvg.parser; bundle-symbolic-name="com.github.weisj.jsvg"; bundle-version="2.1.0"; version="2.1.0"; uses:="com.github.weisj.jsvg,com.github.weisj.jsvg.paint,com.github.weisj.jsvg.parser.css,com.github.weisj.jsvg.parser.impl,com.github.weisj.jsvg.parser.resources,javax.xml.stream"
                       Unresolved requirement: Import-Package: com.github.weisj.jsvg.view; version="[2.1.0,3.0.0)"
                         -> Export-Package: com.github.weisj.jsvg.view; bundle-symbolic-name="com.github.weisj.jsvg"; bundle-version="2.1.0"; version="2.1.0"
         Unresolved requirement: Require-Bundle: org.eclipse.ui.workbench; bundle-version="[3.130.0,4.0.0)"; visibility:="reexport"
           -> Bundle-SymbolicName: org.eclipse.ui.workbench; bundle-version="3.138.0.v20260103-1852"; singleton:="true"
              org.eclipse.ui.workbench [889]
                Unresolved requirement: Import-Package: org.eclipse.e4.ui.internal.workbench.renderers.swt
                  -> Export-Package: org.eclipse.e4.ui.internal.workbench.renderers.swt; bundle-symbolic-name="org.eclipse.e4.ui.workbench.renderers.swt"; bundle-version="0.17.0.v20251218-1448"; version="0.0.0"; x-friends:="org.eclipse.ui.workbench"
                     org.eclipse.e4.ui.workbench.renderers.swt [344]
                       Unresolved requirement: Require-Bundle: org.eclipse.e4.ui.bindings; bundle-version="0.9.0"
                         -> Bundle-SymbolicName: org.eclipse.e4.ui.bindings; bundle-version="0.15.0.v20251216-1230"; singleton:="true"
                            org.eclipse.e4.ui.bindings [330]
                              Unresolved requirement: Import-Package: org.eclipse.jface.window
                                -> Export-Package: org.eclipse.jface.window; bundle-symbolic-name="org.eclipse.jface"; bundle-version="3.39.0.v20260103-1533"; version="0.0.0"
                              Unresolved requirement: Import-Package: org.eclipse.jface.bindings.keys
                                -> Export-Package: org.eclipse.jface.bindings.keys; bundle-symbolic-name="org.eclipse.jface"; bundle-version="3.39.0.v20260103-1533"; version="0.0.0"
                              Unresolved requirement: Import-Package: org.eclipse.jface.bindings
                                -> Export-Package: org.eclipse.jface.bindings; bundle-symbolic-name="org.eclipse.jface"; bundle-version="3.39.0.v20260103-1533"; version="0.0.0"
                              Unresolved requirement: Import-Package: org.eclipse.jface.dialogs
                                -> Export-Package: org.eclipse.jface.dialogs; bundle-symbolic-name="org.eclipse.jface"; bundle-version="3.39.0.v20260103-1533"; version="0.0.0"
                       Unresolved requirement: Require-Bundle: org.eclipse.e4.ui.css.swt; bundle-version="0.11.0"
                         -> Bundle-SymbolicName: org.eclipse.e4.ui.css.swt; bundle-version="0.16.0.v20251216-1230"; singleton:="true"
                            org.eclipse.e4.ui.css.swt [332]
                              Unresolved requirement: Import-Package: org.eclipse.jface.resource
                                -> Export-Package: org.eclipse.jface.resource; bundle-symbolic-name="org.eclipse.jface"; bundle-version="3.39.0.v20260103-1533"; version="0.0.0"
                       Unresolved requirement: Require-Bundle: org.eclipse.e4.ui.workbench.swt; bundle-version="0.9.0"
                         -> Bundle-SymbolicName: org.eclipse.e4.ui.workbench.swt; bundle-version="0.18.0.v20251223-1034"; singleton:="true"
                            org.eclipse.e4.ui.workbench.swt [345]
                              Unresolved requirement: Require-Capability: eclipse.swt; filter:="(image.format=svg)"
                                -> Provide-Capability: eclipse.swt; image.format="svg"; version:Version="1.0.0"
                              Unresolved requirement: Require-Bundle: org.eclipse.e4.ui.css.swt; bundle-version="0.13.100"
                                -> Bundle-SymbolicName: org.eclipse.e4.ui.css.swt; bundle-version="0.16.0.v20251216-1230"; singleton:="true"
                              Unresolved requirement: Require-Bundle: org.eclipse.jface.databinding; bundle-version="[1.3.0,2.0.0)"
                                -> Bundle-SymbolicName: org.eclipse.jface.databinding; bundle-version="1.16.0.v20251216-1230"
                                   org.eclipse.jface.databinding [511]
                                     Unresolved requirement: Require-Bundle: org.eclipse.jface; bundle-version="[3.2.0,4.0.0)"
                                       -> Bundle-SymbolicName: org.eclipse.jface; bundle-version="3.39.0.v20260103-1533"; singleton:="true"
                              Unresolved requirement: Require-Bundle: org.eclipse.e4.ui.dialogs; bundle-version="1.1.600"
                                -> Bundle-SymbolicName: org.eclipse.e4.ui.dialogs; bundle-version="1.7.0.v20251222-0947"
                                   org.eclipse.e4.ui.dialogs [335]
                                     Unresolved requirement: Require-Capability: eclipse.swt; filter:="(image.format=svg)"
                                       -> Provide-Capability: eclipse.swt; image.format="svg"; version:Version="1.0.0"
                                     Unresolved requirement: Require-Bundle: org.eclipse.jface; bundle-version="3.39.0"
                                       -> Bundle-SymbolicName: org.eclipse.jface; bundle-version="3.39.0.v20260103-1533"; singleton:="true"
                              Unresolved requirement: Require-Bundle: org.eclipse.e4.ui.bindings; bundle-version="0.9.0"
                                -> Bundle-SymbolicName: org.eclipse.e4.ui.bindings; bundle-version="0.15.0.v20251216-1230"; singleton:="true"
                              Unresolved requirement: Require-Bundle: org.eclipse.jface; bundle-version="[3.39.0,4.0.0)"
                                -> Bundle-SymbolicName: org.eclipse.jface; bundle-version="3.39.0.v20260103-1533"; singleton:="true"
                              Unresolved requirement: Require-Bundle: org.eclipse.e4.ui.css.swt.theme; bundle-version="0.12.0"
                                -> Bundle-SymbolicName: org.eclipse.e4.ui.css.swt.theme; bundle-version="0.15.0.v20251216-1230"; singleton:="true"
                                   org.eclipse.e4.ui.css.swt.theme [333]
                                     Unresolved requirement: Require-Bundle: org.eclipse.e4.ui.css.swt; bundle-version="0.13.100"
                                       -> Bundle-SymbolicName: org.eclipse.e4.ui.css.swt; bundle-version="0.16.0.v20251216-1230"; singleton:="true"
                       Unresolved requirement: Require-Bundle: org.eclipse.jface; bundle-version="[3.15.0,4.0.0)"
                         -> Bundle-SymbolicName: org.eclipse.jface; bundle-version="3.39.0.v20260103-1533"; singleton:="true"
                       Unresolved requirement: Require-Capability: eclipse.swt; filter:="(image.format=svg)"
                         -> Provide-Capability: eclipse.swt; image.format="svg"; version:Version="1.0.0"
                Unresolved requirement: Import-Package: org.eclipse.e4.ui.workbench.renderers.swt
                  -> Export-Package: org.eclipse.e4.ui.workbench.renderers.swt; bundle-symbolic-name="org.eclipse.e4.ui.workbench.renderers.swt"; bundle-version="0.17.0.v20251218-1448"; version="0.0.0"; x-friends:="org.eclipse.e4.ui.workbench.addons.swt,org.eclipse.ui.workbench"
                Unresolved requirement: Import-Package: org.eclipse.e4.ui.internal.workbench.swt
                  -> Export-Package: org.eclipse.e4.ui.internal.workbench.swt; bundle-symbolic-name="org.eclipse.e4.ui.workbench.swt"; bundle-version="0.18.0.v20251223-1034"; version="0.0.0"; x-friends:="org.eclipse.e4.ui.workbench.addons.swt,  org.eclipse.e4.ui.workbench.renderers.swt,  org.eclipse.ui.workbench,  org.eclipse.e4.ui.bindings.tests"
         Unresolved requirement: Require-Capability: eclipse.swt; filter:="(image.format=svg)"
           -> Provide-Capability: eclipse.swt; image.format="svg"; version:Version="1.0.0"
  Unresolved requirement: Require-Bundle: org.eclipse.jst.ws
    -> Bundle-SymbolicName: org.eclipse.jst.ws; bundle-version="1.1.0.v202308010229"
       org.eclipse.jst.ws [611]
         Unresolved requirement: Require-Bundle: org.eclipse.jst.j2ee; bundle-version="[1.1.0,2.0.0)"
           -> Bundle-SymbolicName: org.eclipse.jst.j2ee; bundle-version="1.2.1200.v202502280419"; singleton:="true"
              org.eclipse.jst.j2ee [560]
                Unresolved requirement: Require-Bundle: org.eclipse.wst.server.core; bundle-version="[1.5.0,2.0.0)"
                  -> Bundle-SymbolicName: org.eclipse.wst.server.core; bundle-version="1.11.0.v202311141839"; singleton:="true"
                     org.eclipse.wst.server.core [956]
                       Unresolved requirement: Require-Bundle: org.eclipse.wst.server.discovery; bundle-version="[1.0.0,2.0.0)"
                         -> Bundle-SymbolicName: org.eclipse.wst.server.discovery; bundle-version="1.3.600.v202405150145"; singleton:="true"
                            org.eclipse.wst.server.discovery [957]
                              Unresolved requirement: Require-Bundle: org.eclipse.ui; bundle-version="[3.5.0,4.0.0)"
                                -> Bundle-SymbolicName: org.eclipse.ui; bundle-version="3.208.0.v20251219-1043"; singleton:="true"
                              Unresolved requirement: Require-Bundle: org.eclipse.equinox.p2.ui; bundle-version="[2.0.0,3.0.0)"
                                -> Bundle-SymbolicName: org.eclipse.equinox.p2.ui; bundle-version="2.8.1000.v20251111-1030"; singleton:="true"
                                   org.eclipse.equinox.p2.ui [444]
                                     Unresolved requirement: Import-Package: org.eclipse.e4.ui.progress
                                       -> Export-Package: org.eclipse.e4.ui.progress; bundle-symbolic-name="org.eclipse.e4.ui.progress"; bundle-version="0.5.0.v20251217-1052"; version="0.0.0"
                                          org.eclipse.e4.ui.progress [338]
                                            Unresolved requirement: Require-Bundle: org.eclipse.jface; bundle-version="3.39.0"
                                              -> Bundle-SymbolicName: org.eclipse.jface; bundle-version="3.39.0.v20260103-1533"; singleton:="true"
                                            Unresolved requirement: Require-Bundle: org.eclipse.e4.ui.workbench.swt
                                              -> Bundle-SymbolicName: org.eclipse.e4.ui.workbench.swt; bundle-version="0.18.0.v20251223-1034"; singleton:="true"
                                            Unresolved requirement: Require-Capability: eclipse.swt; filter:="(image.format=svg)"
                                              -> Provide-Capability: eclipse.swt; image.format="svg"; version:Version="1.0.0"
                Unresolved requirement: Require-Bundle: org.eclipse.wst.web; bundle-version="[1.1.600,2.0.0)"
                  -> Bundle-SymbolicName: org.eclipse.wst.web; bundle-version="1.3.200.v202305221615"; singleton:="true"
                     org.eclipse.wst.web [973]
                       Unresolved requirement: Require-Bundle: org.eclipse.wst.server.core; bundle-version="[1.10.0,2.0.0)"
                         -> Bundle-SymbolicName: org.eclipse.wst.server.core; bundle-version="1.11.0.v202311141839"; singleton:="true"
                Unresolved requirement: Require-Bundle: org.eclipse.jst.server.core; bundle-version="[1.0.102,2.0.0)"
                  -> Bundle-SymbolicName: org.eclipse.jst.server.core; bundle-version="1.3.0.v202401292331"; singleton:="true"
                     org.eclipse.jst.server.core [599]
                       Unresolved requirement: Require-Bundle: org.eclipse.wst.server.core; bundle-version="[1.0.304,2.0.0)"
                         -> Bundle-SymbolicName: org.eclipse.wst.server.core; bundle-version="1.11.0.v202311141839"; singleton:="true"
         Unresolved requirement: Require-Bundle: org.eclipse.jface; bundle-version="[3.2.0,4.0.0)"
           -> Bundle-SymbolicName: org.eclipse.jface; bundle-version="3.39.0.v20260103-1533"; singleton:="true"
         Unresolved requirement: Require-Bundle: org.eclipse.wst.server.core; bundle-version="[1.0.102,2.0.0)"
           -> Bundle-SymbolicName: org.eclipse.wst.server.core; bundle-version="1.11.0.v202311141839"; singleton:="true"
         Unresolved requirement: Require-Bundle: org.eclipse.wst.ws; bundle-version="[1.2.0,2.0.0)"
           -> Bundle-SymbolicName: org.eclipse.wst.ws; bundle-version="1.2.0.v202308010145"; singleton:="true"
              org.eclipse.wst.ws [977]
                Unresolved requirement: Require-Bundle: org.eclipse.wst.server.core; bundle-version="[1.0.102,2.0.0)"
                  -> Bundle-SymbolicName: org.eclipse.wst.server.core; bundle-version="1.11.0.v202311141839"; singleton:="true"
         Unresolved requirement: Require-Bundle: org.eclipse.jst.j2ee.ejb; bundle-version="[1.2.0,2.0.0)"
           -> Bundle-SymbolicName: org.eclipse.jst.j2ee.ejb; bundle-version="1.2.0.v202307260438"; singleton:="true"
              org.eclipse.jst.j2ee.ejb [563]
                Unresolved requirement: Require-Bundle: org.eclipse.jst.jee; bundle-version="[1.0.1200,2.0.0)"
                  -> Bundle-SymbolicName: org.eclipse.jst.jee; bundle-version="1.1.400.v202508180346"; singleton:="true"
                     org.eclipse.jst.jee [577]
                       Unresolved requirement: Require-Bundle: org.eclipse.wst.web; bundle-version="[1.1.0,2.0.0)"
                         -> Bundle-SymbolicName: org.eclipse.wst.web; bundle-version="1.3.200.v202305221615"; singleton:="true"
                       Unresolved requirement: Require-Bundle: org.eclipse.wst.server.core; bundle-version="[1.0.0,2.0.0)"
                         -> Bundle-SymbolicName: org.eclipse.wst.server.core; bundle-version="1.11.0.v202311141839"; singleton:="true"
                       Unresolved requirement: Require-Bundle: org.eclipse.jst.j2ee; bundle-version="[1.1.0,1.3.0)"
                         -> Bundle-SymbolicName: org.eclipse.jst.j2ee; bundle-version="1.2.1200.v202502280419"; singleton:="true"
                       Unresolved requirement: Require-Bundle: org.eclipse.jst.server.core; bundle-version="[1.0.0,2.0.0)"
                         -> Bundle-SymbolicName: org.eclipse.jst.server.core; bundle-version="1.3.0.v202401292331"; singleton:="true"
                       Unresolved requirement: Require-Bundle: org.eclipse.jst.j2ee.jca; bundle-version="[1.1.0,2.0.0)"
                         -> Bundle-SymbolicName: org.eclipse.jst.j2ee.jca; bundle-version="1.2.0.v202307260438"; singleton:="true"
                            org.eclipse.jst.j2ee.jca [569]
                              Unresolved requirement: Require-Bundle: org.eclipse.wst.server.core; bundle-version="[1.0.102,2.0.0)"
                                -> Bundle-SymbolicName: org.eclipse.wst.server.core; bundle-version="1.11.0.v202311141839"; singleton:="true"
                              Unresolved requirement: Require-Bundle: org.eclipse.wst.web; bundle-version="[1.1.0,2.0.0)"
                                -> Bundle-SymbolicName: org.eclipse.wst.web; bundle-version="1.3.200.v202305221615"; singleton:="true"
                              Unresolved requirement: Require-Bundle: org.eclipse.jst.server.core; bundle-version="[1.0.102,2.0.0)"
                                -> Bundle-SymbolicName: org.eclipse.jst.server.core; bundle-version="1.3.0.v202401292331"; singleton:="true"
                              Unresolved requirement: Require-Bundle: org.eclipse.jst.j2ee; bundle-version="[1.1.501,1.3.0)"
                                -> Bundle-SymbolicName: org.eclipse.jst.j2ee; bundle-version="1.2.1200.v202502280419"; singleton:="true"
                Unresolved requirement: Require-Bundle: org.eclipse.wst.web; bundle-version="[1.1.600,2.0.0)"
                  -> Bundle-SymbolicName: org.eclipse.wst.web; bundle-version="1.3.200.v202305221615"; singleton:="true"
                Unresolved requirement: Require-Bundle: org.eclipse.jst.j2ee; bundle-version="[1.2.800,1.3.0)"
                  -> Bundle-SymbolicName: org.eclipse.jst.j2ee; bundle-version="1.2.1200.v202502280419"; singleton:="true"
                Unresolved requirement: Require-Bundle: org.eclipse.jst.server.core; bundle-version="[1.0.102,2.0.0)"
                  -> Bundle-SymbolicName: org.eclipse.jst.server.core; bundle-version="1.3.0.v202401292331"; singleton:="true"
                Unresolved requirement: Require-Bundle: org.eclipse.wst.server.core; bundle-version="[1.0.102,2.0.0)"
                  -> Bundle-SymbolicName: org.eclipse.wst.server.core; bundle-version="1.11.0.v202311141839"; singleton:="true"
  Unresolved requirement: Require-Bundle: org.eclipse.ui.ide
    -> Bundle-SymbolicName: org.eclipse.ui.ide; bundle-version="3.23.0.v20260103-1639"; singleton:="true"
       org.eclipse.ui.ide [874]
         Unresolved requirement: Require-Bundle: org.eclipse.jface.text; bundle-version="[3.24.0,4.0.0)"
           -> Bundle-SymbolicName: org.eclipse.jface.text; bundle-version="3.30.0.v20251218-1237"
              org.eclipse.jface.text [513]
                Unresolved requirement: Require-Bundle: org.eclipse.jface; bundle-version="[3.39.0,4.0.0)"
                  -> Bundle-SymbolicName: org.eclipse.jface; bundle-version="3.39.0.v20260103-1533"; singleton:="true"
                Unresolved requirement: Require-Capability: eclipse.swt; filter:="(image.format=svg)"
                  -> Provide-Capability: eclipse.swt; image.format="svg"; version:Version="1.0.0"
         Unresolved requirement: Require-Bundle: org.eclipse.ui.navigator; bundle-version="3.12.0"
           -> Bundle-SymbolicName: org.eclipse.ui.navigator; bundle-version="3.14.0.v20260103-1533"; singleton:="true"
              org.eclipse.ui.navigator [880]
                Unresolved requirement: Require-Bundle: org.eclipse.ui; bundle-version="[3.208.0,4.0.0)"
                  -> Bundle-SymbolicName: org.eclipse.ui; bundle-version="3.208.0.v20251219-1043"; singleton:="true"
         Unresolved requirement: Require-Capability: eclipse.swt; filter:="(image.format=svg)"
           -> Provide-Capability: eclipse.swt; image.format="svg"; version:Version="1.0.0"
         Unresolved requirement: Require-Bundle: org.eclipse.ui; bundle-version="[3.208.0,4.0.0)"
           -> Bundle-SymbolicName: org.eclipse.ui; bundle-version="3.208.0.v20251219-1043"; singleton:="true"


!ENTRY org.eclipse.mylyn.wikitext.tasks.ui 2 0 2026-07-30 21:22:02.760
!MESSAGE Could not resolve module: org.eclipse.mylyn.wikitext.tasks.ui [767]
  Unresolved requirement: Require-Bundle: org.eclipse.mylyn.wikitext.ui; bundle-version="4.4.0"
    -> Bundle-SymbolicName: org.eclipse.mylyn.wikitext.ui; bundle-version="4.10.0.v20260106-1815"; singleton:="true"
       org.eclipse.mylyn.wikitext.ui [774]
         Unresolved requirement: Require-Bundle: org.eclipse.jface.text
           -> Bundle-SymbolicName: org.eclipse.jface.text; bundle-version="3.30.0.v20251218-1237"
              org.eclipse.jface.text [513]
                Unresolved requirement: Require-Bundle: org.eclipse.jface; bundle-version="[3.39.0,4.0.0)"
                  -> Bundle-SymbolicName: org.eclipse.jface; bundle-version="3.39.0.v20260103-1533"; singleton:="true"
                     org.eclipse.jface [510]
                       Unresolved requirement: Require-Capability: eclipse.swt; filter:="(image.format=svg)"
                         -> Provide-Capability: eclipse.swt; image.format="svg"; version:Version="1.0.0"
                            org.eclipse.swt.svg [842]
                              Unresolved requirement: Fragment-Host: org.eclipse.swt
                              Unresolved requirement: Fragment-Host: org.eclipse.swt
                              Unresolved requirement: Fragment-Host: org.eclipse.swt
                              Unresolved requirement: Fragment-Host: org.eclipse.swt
                              Unresolved requirement: Fragment-Host: org.eclipse.swt
                              Unresolved requirement: Import-Package: com.github.weisj.jsvg; version="[2.1.0,3.0.0)"
                                -> Export-Package: com.github.weisj.jsvg; bundle-symbolic-name="com.github.weisj.jsvg"; bundle-version="2.1.0"; version="2.1.0"; uses:="com.github.weisj.jsvg.renderer,com.github.weisj.jsvg.renderer.animation,com.github.weisj.jsvg.renderer.output,com.github.weisj.jsvg.view,javax.swing"
                                   com.github.weisj.jsvg [21]
                                     Unresolved requirement: Require-Capability: osgi.serviceloader; osgi.serviceloader="com.github.weisj.jsvg.logging.LogManager"; filter:="(osgi.serviceloader=com.github.weisj.jsvg.logging.LogManager)"
                                       -> Provide-Capability: osgi.serviceloader; osgi.serviceloader="com.github.weisj.jsvg.logging.LogManager"; register:="org.eclipse.swt.svg.logging.JVSGLoggerLogManager"
                                     Unresolved requirement: Require-Capability: osgi.extender; filter:="(&(osgi.extender=osgi.serviceloader.processor)(version>=1.0.0)(!(version>=2.0.0)))"
                                       -> Provide-Capability: osgi.extender; osgi.extender="osgi.serviceloader.processor"; version:Version="1.0.0"; uses:="org.apache.aries.spifly"
                                          org.apache.aries.spifly.dynamic.bundle [97]
                                            Bundle was not resolved because of a uses constraint violation.
  org.apache.felix.resolver.reason.ReasonException: Uses constraint violation. Unable to resolve resource org.apache.aries.spifly.dynamic.bundle [osgi.identity; type="osgi.bundle"; version:Version="1.3.7"; osgi.identity="org.apache.aries.spifly.dynamic.bundle"] because it is exposed to package 'org.objectweb.asm' from resources org.objectweb.asm [osgi.identity; type="osgi.bundle"; version:Version="9.9.1"; osgi.identity="org.objectweb.asm"] and org.objectweb.asm [osgi.identity; type="osgi.bundle"; version:Version="9.10.1"; osgi.identity="org.objectweb.asm"] via two dependency chains.

Chain 1:
  org.apache.aries.spifly.dynamic.bundle [osgi.identity; type="osgi.bundle"; version:Version="1.3.7"; osgi.identity="org.apache.aries.spifly.dynamic.bundle"]
    import: (&(osgi.wiring.package=org.objectweb.asm)(&(version>=9.6.0)(!(version>=10.0.0))))
     |
    export: osgi.wiring.package: org.objectweb.asm
  org.objectweb.asm [osgi.identity; type="osgi.bundle"; version:Version="9.9.1"; osgi.identity="org.objectweb.asm"]

Chain 2:
  org.apache.aries.spifly.dynamic.bundle [osgi.identity; type="osgi.bundle"; version:Version="1.3.7"; osgi.identity="org.apache.aries.spifly.dynamic.bundle"]
    import: (&(osgi.wiring.package=org.objectweb.asm.util)(&(version>=9.6.0)(!(version>=10.0.0))))
     |
    export: osgi.wiring.package=org.objectweb.asm.util; uses:=org.objectweb.asm
  org.objectweb.asm.util [osgi.identity; type="osgi.bundle"; version:Version="9.10.1"; osgi.identity="org.objectweb.asm.util"]
    import: (&(osgi.wiring.package=org.objectweb.asm)(&(version>=9.10.1)(!(version>=9.11.0))))
     |
    export: osgi.wiring.package: org.objectweb.asm
  org.objectweb.asm [osgi.identity; type="osgi.bundle"; version:Version="9.10.1"; osgi.identity="org.objectweb.asm"]                              Unresolved requirement: Import-Package: com.github.weisj.jsvg.logging; version="[2.1.0,3.0.0)"
                                -> Export-Package: com.github.weisj.jsvg.logging; bundle-symbolic-name="com.github.weisj.jsvg"; bundle-version="2.1.0"; version="2.1.0"
                              Unresolved requirement: Import-Package: com.github.weisj.jsvg.parser; version="[2.1.0,3.0.0)"
                                -> Export-Package: com.github.weisj.jsvg.parser; bundle-symbolic-name="com.github.weisj.jsvg"; bundle-version="2.1.0"; version="2.1.0"; uses:="com.github.weisj.jsvg,com.github.weisj.jsvg.paint,com.github.weisj.jsvg.parser.css,com.github.weisj.jsvg.parser.impl,com.github.weisj.jsvg.parser.resources,javax.xml.stream"
                              Unresolved requirement: Import-Package: com.github.weisj.jsvg.view; version="[2.1.0,3.0.0)"
                                -> Export-Package: com.github.weisj.jsvg.view; bundle-symbolic-name="com.github.weisj.jsvg"; bundle-version="2.1.0"; version="2.1.0"
                Unresolved requirement: Require-Capability: eclipse.swt; filter:="(image.format=svg)"
                  -> Provide-Capability: eclipse.swt; image.format="svg"; version:Version="1.0.0"
  Unresolved requirement: Require-Bundle: org.eclipse.ui
    -> Bundle-SymbolicName: org.eclipse.ui; bundle-version="3.208.0.v20251219-1043"; singleton:="true"
       org.eclipse.ui [866]
         Unresolved requirement: Require-Bundle: org.eclipse.jface; bundle-version="[3.34.0,4.0.0)"; visibility:="reexport"
           -> Bundle-SymbolicName: org.eclipse.jface; bundle-version="3.39.0.v20260103-1533"; singleton:="true"
         Unresolved requirement: Require-Bundle: org.eclipse.ui.workbench; bundle-version="[3.130.0,4.0.0)"; visibility:="reexport"
           -> Bundle-SymbolicName: org.eclipse.ui.workbench; bundle-version="3.138.0.v20260103-1852"; singleton:="true"
              org.eclipse.ui.workbench [889]
                Unresolved requirement: Import-Package: org.eclipse.e4.ui.internal.workbench.renderers.swt
                  -> Export-Package: org.eclipse.e4.ui.internal.workbench.renderers.swt; bundle-symbolic-name="org.eclipse.e4.ui.workbench.renderers.swt"; bundle-version="0.17.0.v20251218-1448"; version="0.0.0"; x-friends:="org.eclipse.ui.workbench"
                     org.eclipse.e4.ui.workbench.renderers.swt [344]
                       Unresolved requirement: Require-Bundle: org.eclipse.e4.ui.bindings; bundle-version="0.9.0"
                         -> Bundle-SymbolicName: org.eclipse.e4.ui.bindings; bundle-version="0.15.0.v20251216-1230"; singleton:="true"
                            org.eclipse.e4.ui.bindings [330]
                              Unresolved requirement: Import-Package: org.eclipse.jface.window
                                -> Export-Package: org.eclipse.jface.window; bundle-symbolic-name="org.eclipse.jface"; bundle-version="3.39.0.v20260103-1533"; version="0.0.0"
                              Unresolved requirement: Import-Package: org.eclipse.jface.bindings.keys
                                -> Export-Package: org.eclipse.jface.bindings.keys; bundle-symbolic-name="org.eclipse.jface"; bundle-version="3.39.0.v20260103-1533"; version="0.0.0"
                              Unresolved requirement: Import-Package: org.eclipse.jface.bindings
                                -> Export-Package: org.eclipse.jface.bindings; bundle-symbolic-name="org.eclipse.jface"; bundle-version="3.39.0.v20260103-1533"; version="0.0.0"
                              Unresolved requirement: Import-Package: org.eclipse.jface.dialogs
                                -> Export-Package: org.eclipse.jface.dialogs; bundle-symbolic-name="org.eclipse.jface"; bundle-version="3.39.0.v20260103-1533"; version="0.0.0"
                       Unresolved requirement: Require-Bundle: org.eclipse.e4.ui.css.swt; bundle-version="0.11.0"
                         -> Bundle-SymbolicName: org.eclipse.e4.ui.css.swt; bundle-version="0.16.0.v20251216-1230"; singleton:="true"
                            org.eclipse.e4.ui.css.swt [332]
                              Unresolved requirement: Import-Package: org.eclipse.jface.resource
                                -> Export-Package: org.eclipse.jface.resource; bundle-symbolic-name="org.eclipse.jface"; bundle-version="3.39.0.v20260103-1533"; version="0.0.0"
                       Unresolved requirement: Require-Bundle: org.eclipse.e4.ui.workbench.swt; bundle-version="0.9.0"
                         -> Bundle-SymbolicName: org.eclipse.e4.ui.workbench.swt; bundle-version="0.18.0.v20251223-1034"; singleton:="true"
                            org.eclipse.e4.ui.workbench.swt [345]
                              Unresolved requirement: Require-Capability: eclipse.swt; filter:="(image.format=svg)"
                                -> Provide-Capability: eclipse.swt; image.format="svg"; version:Version="1.0.0"
                              Unresolved requirement: Require-Bundle: org.eclipse.e4.ui.css.swt; bundle-version="0.13.100"
                                -> Bundle-SymbolicName: org.eclipse.e4.ui.css.swt; bundle-version="0.16.0.v20251216-1230"; singleton:="true"
                              Unresolved requirement: Require-Bundle: org.eclipse.jface.databinding; bundle-version="[1.3.0,2.0.0)"
                                -> Bundle-SymbolicName: org.eclipse.jface.databinding; bundle-version="1.16.0.v20251216-1230"
                                   org.eclipse.jface.databinding [511]
                                     Unresolved requirement: Require-Bundle: org.eclipse.jface; bundle-version="[3.2.0,4.0.0)"
                                       -> Bundle-SymbolicName: org.eclipse.jface; bundle-version="3.39.0.v20260103-1533"; singleton:="true"
                              Unresolved requirement: Require-Bundle: org.eclipse.e4.ui.dialogs; bundle-version="1.1.600"
                                -> Bundle-SymbolicName: org.eclipse.e4.ui.dialogs; bundle-version="1.7.0.v20251222-0947"
                                   org.eclipse.e4.ui.dialogs [335]
                                     Unresolved requirement: Require-Capability: eclipse.swt; filter:="(image.format=svg)"
                                       -> Provide-Capability: eclipse.swt; image.format="svg"; version:Version="1.0.0"
                                     Unresolved requirement: Require-Bundle: org.eclipse.jface; bundle-version="3.39.0"
                                       -> Bundle-SymbolicName: org.eclipse.jface; bundle-version="3.39.0.v20260103-1533"; singleton:="true"
                              Unresolved requirement: Require-Bundle: org.eclipse.e4.ui.bindings; bundle-version="0.9.0"
                                -> Bundle-SymbolicName: org.eclipse.e4.ui.bindings; bundle-version="0.15.0.v20251216-1230"; singleton:="true"
                              Unresolved requirement: Require-Bundle: org.eclipse.jface; bundle-version="[3.39.0,4.0.0)"
                                -> Bundle-SymbolicName: org.eclipse.jface; bundle-version="3.39.0.v20260103-1533"; singleton:="true"
                              Unresolved requirement: Require-Bundle: org.eclipse.e4.ui.css.swt.theme; bundle-version="0.12.0"
                                -> Bundle-SymbolicName: org.eclipse.e4.ui.css.swt.theme; bundle-version="0.15.0.v20251216-1230"; singleton:="true"
                                   org.eclipse.e4.ui.css.swt.theme [333]
                                     Unresolved requirement: Require-Bundle: org.eclipse.e4.ui.css.swt; bundle-version="0.13.100"
                                       -> Bundle-SymbolicName: org.eclipse.e4.ui.css.swt; bundle-version="0.16.0.v20251216-1230"; singleton:="true"
                       Unresolved requirement: Require-Bundle: org.eclipse.jface; bundle-version="[3.15.0,4.0.0)"
                         -> Bundle-SymbolicName: org.eclipse.jface; bundle-version="3.39.0.v20260103-1533"; singleton:="true"
                       Unresolved requirement: Require-Capability: eclipse.swt; filter:="(image.format=svg)"
                         -> Provide-Capability: eclipse.swt; image.format="svg"; version:Version="1.0.0"
                Unresolved requirement: Import-Package: org.eclipse.e4.ui.workbench.renderers.swt
                  -> Export-Package: org.eclipse.e4.ui.workbench.renderers.swt; bundle-symbolic-name="org.eclipse.e4.ui.workbench.renderers.swt"; bundle-version="0.17.0.v20251218-1448"; version="0.0.0"; x-friends:="org.eclipse.e4.ui.workbench.addons.swt,org.eclipse.ui.workbench"
                Unresolved requirement: Import-Package: org.eclipse.e4.ui.internal.workbench.swt
                  -> Export-Package: org.eclipse.e4.ui.internal.workbench.swt; bundle-symbolic-name="org.eclipse.e4.ui.workbench.swt"; bundle-version="0.18.0.v20251223-1034"; version="0.0.0"; x-friends:="org.eclipse.e4.ui.workbench.addons.swt,  org.eclipse.e4.ui.workbench.renderers.swt,  org.eclipse.ui.workbench,  org.eclipse.e4.ui.bindings.tests"
         Unresolved requirement: Require-Capability: eclipse.swt; filter:="(image.format=svg)"
           -> Provide-Capability: eclipse.swt; image.format="svg"; version:Version="1.0.0"
  Unresolved requirement: Require-Bundle: org.eclipse.ui.ide
    -> Bundle-SymbolicName: org.eclipse.ui.ide; bundle-version="3.23.0.v20260103-1639"; singleton:="true"
       org.eclipse.ui.ide [874]
         Unresolved requirement: Require-Bundle: org.eclipse.jface.text; bundle-version="[3.24.0,4.0.0)"
           -> Bundle-SymbolicName: org.eclipse.jface.text; bundle-version="3.30.0.v20251218-1237"
         Unresolved requirement: Require-Bundle: org.eclipse.ui.navigator; bundle-version="3.12.0"
           -> Bundle-SymbolicName: org.eclipse.ui.navigator; bundle-version="3.14.0.v20260103-1533"; singleton:="true"
              org.eclipse.ui.navigator [880]
                Unresolved requirement: Require-Bundle: org.eclipse.ui; bundle-version="[3.208.0,4.0.0)"
                  -> Bundle-SymbolicName: org.eclipse.ui; bundle-version="3.208.0.v20251219-1043"; singleton:="true"
         Unresolved requirement: Require-Capability: eclipse.swt; filter:="(image.format=svg)"
           -> Provide-Capability: eclipse.swt; image.format="svg"; version:Version="1.0.0"
         Unresolved requirement: Require-Bundle: org.eclipse.ui; bundle-version="[3.208.0,4.0.0)"
           -> Bundle-SymbolicName: org.eclipse.ui; bundle-version="3.208.0.v20251219-1043"; singleton:="true"
  Unresolved requirement: Require-Bundle: org.eclipse.ui.views
    -> Bundle-SymbolicName: org.eclipse.ui.views; bundle-version="3.13.0.v20251217-0909"; singleton:="true"
       org.eclipse.ui.views [885]
         Unresolved requirement: Require-Bundle: org.eclipse.ui; bundle-version="[3.208.0,4.0.0)"
           -> Bundle-SymbolicName: org.eclipse.ui; bundle-version="3.208.0.v20251219-1043"; singleton:="true"
         Unresolved requirement: Require-Bundle: org.eclipse.jface; bundle-version="[3.39.0,4.0.0)"
           -> Bundle-SymbolicName: org.eclipse.jface; bundle-version="3.39.0.v20260103-1533"; singleton:="true"
  Unresolved requirement: Require-Bundle: org.eclipse.ui.workbench.texteditor
    -> Bundle-SymbolicName: org.eclipse.ui.workbench.texteditor; bundle-version="3.20.0.v20251218-0813"; singleton:="true"
       org.eclipse.ui.workbench.texteditor [890]
         Unresolved requirement: Require-Bundle: org.eclipse.ui; bundle-version="[3.208.0,4.0.0)"
           -> Bundle-SymbolicName: org.eclipse.ui; bundle-version="3.208.0.v20251219-1043"; singleton:="true"
         Unresolved requirement: Require-Bundle: org.eclipse.jface.text; bundle-version="[3.19.0,4.0.0)"
           -> Bundle-SymbolicName: org.eclipse.jface.text; bundle-version="3.30.0.v20251218-1237"
  Unresolved requirement: Require-Bundle: org.eclipse.ui.editors
    -> Bundle-SymbolicName: org.eclipse.ui.editors; bundle-version="3.21.0.v20251217-0909"; singleton:="true"
       org.eclipse.ui.editors [870]
         Unresolved requirement: Require-Bundle: org.eclipse.ui; bundle-version="[3.208.0,4.0.0)"
           -> Bundle-SymbolicName: org.eclipse.ui; bundle-version="3.208.0.v20251219-1043"; singleton:="true"
         Unresolved requirement: Require-Bundle: org.eclipse.ui.ide; bundle-version="[3.21.0,4.0.0)"
           -> Bundle-SymbolicName: org.eclipse.ui.ide; bundle-version="3.23.0.v20260103-1639"; singleton:="true"


!ENTRY org.apache.velocity.engine-core 2 0 2026-07-30 21:22:02.767
!MESSAGE Could not resolve module: org.apache.velocity.engine-core [137]
  Unresolved requirement: Import-Package: org.slf4j; version="[1.7.0,2.0.0)"
    -> Export-Package: org.slf4j; bundle-symbolic-name="slf4j.api"; bundle-version="2.0.18"; version="1.7.36"
       slf4j.api [1093]
         Unresolved requirement: Require-Capability: osgi.serviceloader; osgi.serviceloader="org.slf4j.spi.SLF4JServiceProvider"; filter:="(osgi.serviceloader=org.slf4j.spi.SLF4JServiceProvider)"
           -> Provide-Capability: osgi.serviceloader; osgi.serviceloader="org.slf4j.spi.SLF4JServiceProvider"; register:="ch.qos.logback.classic.spi.LogbackServiceProvider"
              ch.qos.logback.classic [14]
                Unresolved requirement: Import-Package: org.slf4j; version="[2.0.0,3.0.0)"
                  -> Export-Package: org.slf4j; bundle-symbolic-name="slf4j.api"; bundle-version="2.0.18"; version="2.0.18"; uses:="org.slf4j.event,org.slf4j.helpers,org.slf4j.spi"
                Unresolved requirement: Import-Package: org.slf4j.event; version="[2.0.0,3.0.0)"
                  -> Export-Package: org.slf4j.event; bundle-symbolic-name="slf4j.api"; bundle-version="2.0.18"; version="2.0.18"; uses:="org.slf4j,org.slf4j.helpers"
                Unresolved requirement: Import-Package: org.slf4j.spi; version="[2.0.0,3.0.0)"
                  -> Export-Package: org.slf4j.spi; bundle-symbolic-name="slf4j.api"; bundle-version="2.0.18"; version="2.0.18"; uses:="org.slf4j,org.slf4j.event,org.slf4j.helpers"
                Unresolved requirement: Require-Capability: osgi.extender; filter:="(&(osgi.extender=osgi.serviceloader.registrar)(version>=1.0.0)(!(version>=2.0.0)))"
                  -> Provide-Capability: osgi.extender; osgi.extender="osgi.serviceloader.registrar"; version:Version="1.0.0"
                     org.apache.aries.spifly.dynamic.bundle [97]
                       Bundle was not resolved because of a uses constraint violation.
  org.apache.felix.resolver.reason.ReasonException: Uses constraint violation. Unable to resolve resource org.apache.aries.spifly.dynamic.bundle [osgi.identity; type="osgi.bundle"; version:Version="1.3.7"; osgi.identity="org.apache.aries.spifly.dynamic.bundle"] because it is exposed to package 'org.objectweb.asm' from resources org.objectweb.asm [osgi.identity; type="osgi.bundle"; version:Version="9.9.1"; osgi.identity="org.objectweb.asm"] and org.objectweb.asm [osgi.identity; type="osgi.bundle"; version:Version="9.10.1"; osgi.identity="org.objectweb.asm"] via two dependency chains.

Chain 1:
  org.apache.aries.spifly.dynamic.bundle [osgi.identity; type="osgi.bundle"; version:Version="1.3.7"; osgi.identity="org.apache.aries.spifly.dynamic.bundle"]
    import: (&(osgi.wiring.package=org.objectweb.asm)(&(version>=9.6.0)(!(version>=10.0.0))))
     |
    export: osgi.wiring.package: org.objectweb.asm
  org.objectweb.asm [osgi.identity; type="osgi.bundle"; version:Version="9.9.1"; osgi.identity="org.objectweb.asm"]

Chain 2:
  org.apache.aries.spifly.dynamic.bundle [osgi.identity; type="osgi.bundle"; version:Version="1.3.7"; osgi.identity="org.apache.aries.spifly.dynamic.bundle"]
    import: (&(osgi.wiring.package=org.objectweb.asm.util)(&(version>=9.6.0)(!(version>=10.0.0))))
     |
    export: osgi.wiring.package=org.objectweb.asm.util; uses:=org.objectweb.asm
  org.objectweb.asm.util [osgi.identity; type="osgi.bundle"; version:Version="9.10.1"; osgi.identity="org.objectweb.asm.util"]
    import: (&(osgi.wiring.package=org.objectweb.asm)(&(version>=9.10.1)(!(version>=9.11.0))))
     |
    export: osgi.wiring.package: org.objectweb.asm
  org.objectweb.asm [osgi.identity; type="osgi.bundle"; version:Version="9.10.1"; osgi.identity="org.objectweb.asm"]                Unresolved requirement: Import-Package: org.slf4j.helpers; version="[2.0.0,3.0.0)"
                  -> Export-Package: org.slf4j.helpers; bundle-symbolic-name="slf4j.api"; bundle-version="2.0.18"; version="2.0.18"; uses:="org.slf4j,org.slf4j.event,org.slf4j.spi"
                Bundle was not resolved because of a uses constraint violation.
  org.apache.felix.resolver.reason.ReasonException: Uses constraint violation. Unable to resolve resource org.apache.aries.spifly.dynamic.bundle [osgi.identity; type="osgi.bundle"; version:Version="1.3.7"; osgi.identity="org.apache.aries.spifly.dynamic.bundle"] because it is exposed to package 'org.objectweb.asm' from resources org.objectweb.asm [osgi.identity; type="osgi.bundle"; version:Version="9.9.1"; osgi.identity="org.objectweb.asm"] and org.objectweb.asm [osgi.identity; type="osgi.bundle"; version:Version="9.10.1"; osgi.identity="org.objectweb.asm"] via two dependency chains.

Chain 1:
  org.apache.aries.spifly.dynamic.bundle [osgi.identity; type="osgi.bundle"; version:Version="1.3.7"; osgi.identity="org.apache.aries.spifly.dynamic.bundle"]
    import: (&(osgi.wiring.package=org.objectweb.asm)(&(version>=9.6.0)(!(version>=10.0.0))))
     |
    export: osgi.wiring.package: org.objectweb.asm
  org.objectweb.asm [osgi.identity; type="osgi.bundle"; version:Version="9.9.1"; osgi.identity="org.objectweb.asm"]

Chain 2:
  org.apache.aries.spifly.dynamic.bundle [osgi.identity; type="osgi.bundle"; version:Version="1.3.7"; osgi.identity="org.apache.aries.spifly.dynamic.bundle"]
    import: (&(osgi.wiring.package=org.objectweb.asm.util)(&(version>=9.6.0)(!(version>=10.0.0))))
     |
    export: osgi.wiring.package=org.objectweb.asm.util; uses:=org.objectweb.asm
  org.objectweb.asm.util [osgi.identity; type="osgi.bundle"; version:Version="9.10.1"; osgi.identity="org.objectweb.asm.util"]
    import: (&(osgi.wiring.package=org.objectweb.asm)(&(version>=9.10.1)(!(version>=9.11.0))))
     |
    export: osgi.wiring.package: org.objectweb.asm
  org.objectweb.asm [osgi.identity; type="osgi.bundle"; version:Version="9.10.1"; osgi.identity="org.objectweb.asm"]         Unresolved requirement: Require-Capability: osgi.extender; filter:="(&(osgi.extender=osgi.serviceloader.processor)(version>=1.0.0)(!(version>=2.0.0)))"
           -> Provide-Capability: osgi.extender; osgi.extender="osgi.serviceloader.processor"; version:Version="1.0.0"; uses:="org.apache.aries.spifly"


!ENTRY org.eclipse.oomph.setup.editor 2 0 2026-07-30 21:22:02.771
!MESSAGE Could not resolve module: org.eclipse.oomph.setup.editor [797]
  Unresolved requirement: Require-Bundle: org.eclipse.jface.text; bundle-version="[3.5.0,4.0.0)"
    -> Bundle-SymbolicName: org.eclipse.jface.text; bundle-version="3.30.0.v20251218-1237"
       org.eclipse.jface.text [513]
         Unresolved requirement: Require-Bundle: org.eclipse.jface; bundle-version="[3.39.0,4.0.0)"
           -> Bundle-SymbolicName: org.eclipse.jface; bundle-version="3.39.0.v20260103-1533"; singleton:="true"
              org.eclipse.jface [510]
                Unresolved requirement: Require-Capability: eclipse.swt; filter:="(image.format=svg)"
                  -> Provide-Capability: eclipse.swt; image.format="svg"; version:Version="1.0.0"
                     org.eclipse.swt.svg [842]
                       Unresolved requirement: Fragment-Host: org.eclipse.swt
                       Unresolved requirement: Fragment-Host: org.eclipse.swt
                       Unresolved requirement: Fragment-Host: org.eclipse.swt
                       Unresolved requirement: Fragment-Host: org.eclipse.swt
                       Unresolved requirement: Fragment-Host: org.eclipse.swt
                       Unresolved requirement: Import-Package: com.github.weisj.jsvg; version="[2.1.0,3.0.0)"
                         -> Export-Package: com.github.weisj.jsvg; bundle-symbolic-name="com.github.weisj.jsvg"; bundle-version="2.1.0"; version="2.1.0"; uses:="com.github.weisj.jsvg.renderer,com.github.weisj.jsvg.renderer.animation,com.github.weisj.jsvg.renderer.output,com.github.weisj.jsvg.view,javax.swing"
                            com.github.weisj.jsvg [21]
                              Unresolved requirement: Require-Capability: osgi.serviceloader; osgi.serviceloader="com.github.weisj.jsvg.logging.LogManager"; filter:="(osgi.serviceloader=com.github.weisj.jsvg.logging.LogManager)"
                                -> Provide-Capability: osgi.serviceloader; osgi.serviceloader="com.github.weisj.jsvg.logging.LogManager"; register:="org.eclipse.swt.svg.logging.JVSGLoggerLogManager"
                              Unresolved requirement: Require-Capability: osgi.extender; filter:="(&(osgi.extender=osgi.serviceloader.processor)(version>=1.0.0)(!(version>=2.0.0)))"
                                -> Provide-Capability: osgi.extender; osgi.extender="osgi.serviceloader.processor"; version:Version="1.0.0"; uses:="org.apache.aries.spifly"
                                   org.apache.aries.spifly.dynamic.bundle [97]
                                     Bundle was not resolved because of a uses constraint violation.
  org.apache.felix.resolver.reason.ReasonException: Uses constraint violation. Unable to resolve resource org.apache.aries.spifly.dynamic.bundle [osgi.identity; type="osgi.bundle"; version:Version="1.3.7"; osgi.identity="org.apache.aries.spifly.dynamic.bundle"] because it is exposed to package 'org.objectweb.asm' from resources org.objectweb.asm [osgi.identity; type="osgi.bundle"; version:Version="9.9.1"; osgi.identity="org.objectweb.asm"] and org.objectweb.asm [osgi.identity; type="osgi.bundle"; version:Version="9.10.1"; osgi.identity="org.objectweb.asm"] via two dependency chains.

Chain 1:
  org.apache.aries.spifly.dynamic.bundle [osgi.identity; type="osgi.bundle"; version:Version="1.3.7"; osgi.identity="org.apache.aries.spifly.dynamic.bundle"]
    import: (&(osgi.wiring.package=org.objectweb.asm)(&(version>=9.6.0)(!(version>=10.0.0))))
     |
    export: osgi.wiring.package: org.objectweb.asm
  org.objectweb.asm [osgi.identity; type="osgi.bundle"; version:Version="9.9.1"; osgi.identity="org.objectweb.asm"]

Chain 2:
  org.apache.aries.spifly.dynamic.bundle [osgi.identity; type="osgi.bundle"; version:Version="1.3.7"; osgi.identity="org.apache.aries.spifly.dynamic.bundle"]
    import: (&(osgi.wiring.package=org.objectweb.asm.util)(&(version>=9.6.0)(!(version>=10.0.0))))
     |
    export: osgi.wiring.package=org.objectweb.asm.util; uses:=org.objectweb.asm
  org.objectweb.asm.util [osgi.identity; type="osgi.bundle"; version:Version="9.10.1"; osgi.identity="org.objectweb.asm.util"]
    import: (&(osgi.wiring.package=org.objectweb.asm)(&(version>=9.10.1)(!(version>=9.11.0))))
     |
    export: osgi.wiring.package: org.objectweb.asm
  org.objectweb.asm [osgi.identity; type="osgi.bundle"; version:Version="9.10.1"; osgi.identity="org.objectweb.asm"]                       Unresolved requirement: Import-Package: com.github.weisj.jsvg.logging; version="[2.1.0,3.0.0)"
                         -> Export-Package: com.github.weisj.jsvg.logging; bundle-symbolic-name="com.github.weisj.jsvg"; bundle-version="2.1.0"; version="2.1.0"
                       Unresolved requirement: Import-Package: com.github.weisj.jsvg.parser; version="[2.1.0,3.0.0)"
                         -> Export-Package: com.github.weisj.jsvg.parser; bundle-symbolic-name="com.github.weisj.jsvg"; bundle-version="2.1.0"; version="2.1.0"; uses:="com.github.weisj.jsvg,com.github.weisj.jsvg.paint,com.github.weisj.jsvg.parser.css,com.github.weisj.jsvg.parser.impl,com.github.weisj.jsvg.parser.resources,javax.xml.stream"
                       Unresolved requirement: Import-Package: com.github.weisj.jsvg.view; version="[2.1.0,3.0.0)"
                         -> Export-Package: com.github.weisj.jsvg.view; bundle-symbolic-name="com.github.weisj.jsvg"; bundle-version="2.1.0"; version="2.1.0"
         Unresolved requirement: Require-Capability: eclipse.swt; filter:="(image.format=svg)"
           -> Provide-Capability: eclipse.swt; image.format="svg"; version:Version="1.0.0"


!ENTRY org.eclipse.wst.internet.cache 2 0 2026-07-30 21:22:02.775
!MESSAGE Could not resolve module: org.eclipse.wst.internet.cache [926]
  Unresolved requirement: Require-Bundle: org.eclipse.ui; bundle-version="[3.4.0,4.0.0)"
    -> Bundle-SymbolicName: org.eclipse.ui; bundle-version="3.208.0.v20251219-1043"; singleton:="true"
       org.eclipse.ui [866]
         Unresolved requirement: Require-Bundle: org.eclipse.jface; bundle-version="[3.34.0,4.0.0)"; visibility:="reexport"
           -> Bundle-SymbolicName: org.eclipse.jface; bundle-version="3.39.0.v20260103-1533"; singleton:="true"
              org.eclipse.jface [510]
                Unresolved requirement: Require-Capability: eclipse.swt; filter:="(image.format=svg)"
                  -> Provide-Capability: eclipse.swt; image.format="svg"; version:Version="1.0.0"
                     org.eclipse.swt.svg [842]
                       Unresolved requirement: Fragment-Host: org.eclipse.swt
                       Unresolved requirement: Fragment-Host: org.eclipse.swt
                       Unresolved requirement: Fragment-Host: org.eclipse.swt
                       Unresolved requirement: Fragment-Host: org.eclipse.swt
                       Unresolved requirement: Fragment-Host: org.eclipse.swt
                       Unresolved requirement: Import-Package: com.github.weisj.jsvg; version="[2.1.0,3.0.0)"
                         -> Export-Package: com.github.weisj.jsvg; bundle-symbolic-name="com.github.weisj.jsvg"; bundle-version="2.1.0"; version="2.1.0"; uses:="com.github.weisj.jsvg.renderer,com.github.weisj.jsvg.renderer.animation,com.github.weisj.jsvg.renderer.output,com.github.weisj.jsvg.view,javax.swing"
                            com.github.weisj.jsvg [21]
                              Unresolved requirement: Require-Capability: osgi.serviceloader; osgi.serviceloader="com.github.weisj.jsvg.logging.LogManager"; filter:="(osgi.serviceloader=com.github.weisj.jsvg.logging.LogManager)"
                                -> Provide-Capability: osgi.serviceloader; osgi.serviceloader="com.github.weisj.jsvg.logging.LogManager"; register:="org.eclipse.swt.svg.logging.JVSGLoggerLogManager"
                              Unresolved requirement: Require-Capability: osgi.extender; filter:="(&(osgi.extender=osgi.serviceloader.processor)(version>=1.0.0)(!(version>=2.0.0)))"
                                -> Provide-Capability: osgi.extender; osgi.extender="osgi.serviceloader.processor"; version:Version="1.0.0"; uses:="org.apache.aries.spifly"
                                   org.apache.aries.spifly.dynamic.bundle [97]
                                     Bundle was not resolved because of a uses constraint violation.
  org.apache.felix.resolver.reason.ReasonException: Uses constraint violation. Unable to resolve resource org.apache.aries.spifly.dynamic.bundle [osgi.identity; type="osgi.bundle"; version:Version="1.3.7"; osgi.identity="org.apache.aries.spifly.dynamic.bundle"] because it is exposed to package 'org.objectweb.asm' from resources org.objectweb.asm [osgi.identity; type="osgi.bundle"; version:Version="9.9.1"; osgi.identity="org.objectweb.asm"] and org.objectweb.asm [osgi.identity; type="osgi.bundle"; version:Version="9.10.1"; osgi.identity="org.objectweb.asm"] via two dependency chains.

Chain 1:
  org.apache.aries.spifly.dynamic.bundle [osgi.identity; type="osgi.bundle"; version:Version="1.3.7"; osgi.identity="org.apache.aries.spifly.dynamic.bundle"]
    import: (&(osgi.wiring.package=org.objectweb.asm)(&(version>=9.6.0)(!(version>=10.0.0))))
     |
    export: osgi.wiring.package: org.objectweb.asm
  org.objectweb.asm [osgi.identity; type="osgi.bundle"; version:Version="9.9.1"; osgi.identity="org.objectweb.asm"]

Chain 2:
  org.apache.aries.spifly.dynamic.bundle [osgi.identity; type="osgi.bundle"; version:Version="1.3.7"; osgi.identity="org.apache.aries.spifly.dynamic.bundle"]
    import: (&(osgi.wiring.package=org.objectweb.asm.util)(&(version>=9.6.0)(!(version>=10.0.0))))
     |
    export: osgi.wiring.package=org.objectweb.asm.util; uses:=org.objectweb.asm
  org.objectweb.asm.util [osgi.identity; type="osgi.bundle"; version:Version="9.10.1"; osgi.identity="org.objectweb.asm.util"]
    import: (&(osgi.wiring.package=org.objectweb.asm)(&(version>=9.10.1)(!(version>=9.11.0))))
     |
    export: osgi.wiring.package: org.objectweb.asm
  org.objectweb.asm [osgi.identity; type="osgi.bundle"; version:Version="9.10.1"; osgi.identity="org.objectweb.asm"]                       Unresolved requirement: Import-Package: com.github.weisj.jsvg.logging; version="[2.1.0,3.0.0)"
                         -> Export-Package: com.github.weisj.jsvg.logging; bundle-symbolic-name="com.github.weisj.jsvg"; bundle-version="2.1.0"; version="2.1.0"
                       Unresolved requirement: Import-Package: com.github.weisj.jsvg.parser; version="[2.1.0,3.0.0)"
                         -> Export-Package: com.github.weisj.jsvg.parser; bundle-symbolic-name="com.github.weisj.jsvg"; bundle-version="2.1.0"; version="2.1.0"; uses:="com.github.weisj.jsvg,com.github.weisj.jsvg.paint,com.github.weisj.jsvg.parser.css,com.github.weisj.jsvg.parser.impl,com.github.weisj.jsvg.parser.resources,javax.xml.stream"
                       Unresolved requirement: Import-Package: com.github.weisj.jsvg.view; version="[2.1.0,3.0.0)"
                         -> Export-Package: com.github.weisj.jsvg.view; bundle-symbolic-name="com.github.weisj.jsvg"; bundle-version="2.1.0"; version="2.1.0"
         Unresolved requirement: Require-Bundle: org.eclipse.ui.workbench; bundle-version="[3.130.0,4.0.0)"; visibility:="reexport"
           -> Bundle-SymbolicName: org.eclipse.ui.workbench; bundle-version="3.138.0.v20260103-1852"; singleton:="true"
              org.eclipse.ui.workbench [889]
                Unresolved requirement: Import-Package: org.eclipse.e4.ui.internal.workbench.renderers.swt
                  -> Export-Package: org.eclipse.e4.ui.internal.workbench.renderers.swt; bundle-symbolic-name="org.eclipse.e4.ui.workbench.renderers.swt"; bundle-version="0.17.0.v20251218-1448"; version="0.0.0"; x-friends:="org.eclipse.ui.workbench"
                     org.eclipse.e4.ui.workbench.renderers.swt [344]
                       Unresolved requirement: Require-Bundle: org.eclipse.e4.ui.bindings; bundle-version="0.9.0"
                         -> Bundle-SymbolicName: org.eclipse.e4.ui.bindings; bundle-version="0.15.0.v20251216-1230"; singleton:="true"
                            org.eclipse.e4.ui.bindings [330]
                              Unresolved requirement: Import-Package: org.eclipse.jface.window
                                -> Export-Package: org.eclipse.jface.window; bundle-symbolic-name="org.eclipse.jface"; bundle-version="3.39.0.v20260103-1533"; version="0.0.0"
                              Unresolved requirement: Import-Package: org.eclipse.jface.bindings.keys
                                -> Export-Package: org.eclipse.jface.bindings.keys; bundle-symbolic-name="org.eclipse.jface"; bundle-version="3.39.0.v20260103-1533"; version="0.0.0"
                              Unresolved requirement: Import-Package: org.eclipse.jface.bindings
                                -> Export-Package: org.eclipse.jface.bindings; bundle-symbolic-name="org.eclipse.jface"; bundle-version="3.39.0.v20260103-1533"; version="0.0.0"
                              Unresolved requirement: Import-Package: org.eclipse.jface.dialogs
                                -> Export-Package: org.eclipse.jface.dialogs; bundle-symbolic-name="org.eclipse.jface"; bundle-version="3.39.0.v20260103-1533"; version="0.0.0"
                       Unresolved requirement: Require-Bundle: org.eclipse.e4.ui.css.swt; bundle-version="0.11.0"
                         -> Bundle-SymbolicName: org.eclipse.e4.ui.css.swt; bundle-version="0.16.0.v20251216-1230"; singleton:="true"
                            org.eclipse.e4.ui.css.swt [332]
                              Unresolved requirement: Import-Package: org.eclipse.jface.resource
                                -> Export-Package: org.eclipse.jface.resource; bundle-symbolic-name="org.eclipse.jface"; bundle-version="3.39.0.v20260103-1533"; version="0.0.0"
                       Unresolved requirement: Require-Bundle: org.eclipse.e4.ui.workbench.swt; bundle-version="0.9.0"
                         -> Bundle-SymbolicName: org.eclipse.e4.ui.workbench.swt; bundle-version="0.18.0.v20251223-1034"; singleton:="true"
                            org.eclipse.e4.ui.workbench.swt [345]
                              Unresolved requirement: Require-Capability: eclipse.swt; filter:="(image.format=svg)"
                                -> Provide-Capability: eclipse.swt; image.format="svg"; version:Version="1.0.0"
                              Unresolved requirement: Require-Bundle: org.eclipse.e4.ui.css.swt; bundle-version="0.13.100"
                                -> Bundle-SymbolicName: org.eclipse.e4.ui.css.swt; bundle-version="0.16.0.v20251216-1230"; singleton:="true"
                              Unresolved requirement: Require-Bundle: org.eclipse.jface.databinding; bundle-version="[1.3.0,2.0.0)"
                                -> Bundle-SymbolicName: org.eclipse.jface.databinding; bundle-version="1.16.0.v20251216-1230"
                                   org.eclipse.jface.databinding [511]
                                     Unresolved requirement: Require-Bundle: org.eclipse.jface; bundle-version="[3.2.0,4.0.0)"
                                       -> Bundle-SymbolicName: org.eclipse.jface; bundle-version="3.39.0.v20260103-1533"; singleton:="true"
                              Unresolved requirement: Require-Bundle: org.eclipse.e4.ui.dialogs; bundle-version="1.1.600"
                                -> Bundle-SymbolicName: org.eclipse.e4.ui.dialogs; bundle-version="1.7.0.v20251222-0947"
                                   org.eclipse.e4.ui.dialogs [335]
                                     Unresolved requirement: Require-Capability: eclipse.swt; filter:="(image.format=svg)"
                                       -> Provide-Capability: eclipse.swt; image.format="svg"; version:Version="1.0.0"
                                     Unresolved requirement: Require-Bundle: org.eclipse.jface; bundle-version="3.39.0"
                                       -> Bundle-SymbolicName: org.eclipse.jface; bundle-version="3.39.0.v20260103-1533"; singleton:="true"
                              Unresolved requirement: Require-Bundle: org.eclipse.e4.ui.bindings; bundle-version="0.9.0"
                                -> Bundle-SymbolicName: org.eclipse.e4.ui.bindings; bundle-version="0.15.0.v20251216-1230"; singleton:="true"
                              Unresolved requirement: Require-Bundle: org.eclipse.jface; bundle-version="[3.39.0,4.0.0)"
                                -> Bundle-SymbolicName: org.eclipse.jface; bundle-version="3.39.0.v20260103-1533"; singleton:="true"
                              Unresolved requirement: Require-Bundle: org.eclipse.e4.ui.css.swt.theme; bundle-version="0.12.0"
                                -> Bundle-SymbolicName: org.eclipse.e4.ui.css.swt.theme; bundle-version="0.15.0.v20251216-1230"; singleton:="true"
                                   org.eclipse.e4.ui.css.swt.theme [333]
                                     Unresolved requirement: Require-Bundle: org.eclipse.e4.ui.css.swt; bundle-version="0.13.100"
                                       -> Bundle-SymbolicName: org.eclipse.e4.ui.css.swt; bundle-version="0.16.0.v20251216-1230"; singleton:="true"
                       Unresolved requirement: Require-Bundle: org.eclipse.jface; bundle-version="[3.15.0,4.0.0)"
                         -> Bundle-SymbolicName: org.eclipse.jface; bundle-version="3.39.0.v20260103-1533"; singleton:="true"
                       Unresolved requirement: Require-Capability: eclipse.swt; filter:="(image.format=svg)"
                         -> Provide-Capability: eclipse.swt; image.format="svg"; version:Version="1.0.0"
                Unresolved requirement: Import-Package: org.eclipse.e4.ui.workbench.renderers.swt
                  -> Export-Package: org.eclipse.e4.ui.workbench.renderers.swt; bundle-symbolic-name="org.eclipse.e4.ui.workbench.renderers.swt"; bundle-version="0.17.0.v20251218-1448"; version="0.0.0"; x-friends:="org.eclipse.e4.ui.workbench.addons.swt,org.eclipse.ui.workbench"
                Unresolved requirement: Import-Package: org.eclipse.e4.ui.internal.workbench.swt
                  -> Export-Package: org.eclipse.e4.ui.internal.workbench.swt; bundle-symbolic-name="org.eclipse.e4.ui.workbench.swt"; bundle-version="0.18.0.v20251223-1034"; version="0.0.0"; x-friends:="org.eclipse.e4.ui.workbench.addons.swt,  org.eclipse.e4.ui.workbench.renderers.swt,  org.eclipse.ui.workbench,  org.eclipse.e4.ui.bindings.tests"
         Unresolved requirement: Require-Capability: eclipse.swt; filter:="(image.format=svg)"
           -> Provide-Capability: eclipse.swt; image.format="svg"; version:Version="1.0.0"


!ENTRY de.sebthom.eclipse.previewer.markdown 2 0 2026-07-30 21:22:02.775
!MESSAGE Could not resolve module: de.sebthom.eclipse.previewer.markdown [43]
  Unresolved requirement: Require-Bundle: org.eclipse.platform; bundle-version="4.25.0"
    -> Bundle-SymbolicName: org.eclipse.platform; bundle-version="4.39.0.v20260103-1800"; singleton:="true"
       org.eclipse.platform [836]
         Unresolved requirement: Require-Bundle: org.eclipse.ui.intro; bundle-version="[3.2.0,4.0.0)"
           -> Bundle-SymbolicName: org.eclipse.ui.intro; bundle-version="3.8.0.v20251219-1227"; singleton:="true"
              org.eclipse.ui.intro [876]
                Unresolved requirement: Require-Bundle: org.eclipse.ui.forms; bundle-version="[3.5.0,4.0.0)"
                  -> Bundle-SymbolicName: org.eclipse.ui.forms; bundle-version="3.14.0.v20251218-0813"; singleton:="true"
                     org.eclipse.ui.forms [872]
                       Unresolved requirement: Require-Capability: eclipse.swt; filter:="(image.format=svg)"
                         -> Provide-Capability: eclipse.swt; image.format="svg"; version:Version="1.0.0"
                            org.eclipse.swt.svg [842]
                              Unresolved requirement: Fragment-Host: org.eclipse.swt
                              Unresolved requirement: Fragment-Host: org.eclipse.swt
                              Unresolved requirement: Fragment-Host: org.eclipse.swt
                              Unresolved requirement: Fragment-Host: org.eclipse.swt
                              Unresolved requirement: Fragment-Host: org.eclipse.swt
                              Unresolved requirement: Import-Package: com.github.weisj.jsvg; version="[2.1.0,3.0.0)"
                                -> Export-Package: com.github.weisj.jsvg; bundle-symbolic-name="com.github.weisj.jsvg"; bundle-version="2.1.0"; version="2.1.0"; uses:="com.github.weisj.jsvg.renderer,com.github.weisj.jsvg.renderer.animation,com.github.weisj.jsvg.renderer.output,com.github.weisj.jsvg.view,javax.swing"
                                   com.github.weisj.jsvg [21]
                                     Unresolved requirement: Require-Capability: osgi.serviceloader; osgi.serviceloader="com.github.weisj.jsvg.logging.LogManager"; filter:="(osgi.serviceloader=com.github.weisj.jsvg.logging.LogManager)"
                                       -> Provide-Capability: osgi.serviceloader; osgi.serviceloader="com.github.weisj.jsvg.logging.LogManager"; register:="org.eclipse.swt.svg.logging.JVSGLoggerLogManager"
                                     Unresolved requirement: Require-Capability: osgi.extender; filter:="(&(osgi.extender=osgi.serviceloader.processor)(version>=1.0.0)(!(version>=2.0.0)))"
                                       -> Provide-Capability: osgi.extender; osgi.extender="osgi.serviceloader.processor"; version:Version="1.0.0"; uses:="org.apache.aries.spifly"
                                          org.apache.aries.spifly.dynamic.bundle [97]
                                            Bundle was not resolved because of a uses constraint violation.
  org.apache.felix.resolver.reason.ReasonException: Uses constraint violation. Unable to resolve resource org.apache.aries.spifly.dynamic.bundle [osgi.identity; type="osgi.bundle"; version:Version="1.3.7"; osgi.identity="org.apache.aries.spifly.dynamic.bundle"] because it is exposed to package 'org.objectweb.asm' from resources org.objectweb.asm [osgi.identity; type="osgi.bundle"; version:Version="9.9.1"; osgi.identity="org.objectweb.asm"] and org.objectweb.asm [osgi.identity; type="osgi.bundle"; version:Version="9.10.1"; osgi.identity="org.objectweb.asm"] via two dependency chains.

Chain 1:
  org.apache.aries.spifly.dynamic.bundle [osgi.identity; type="osgi.bundle"; version:Version="1.3.7"; osgi.identity="org.apache.aries.spifly.dynamic.bundle"]
    import: (&(osgi.wiring.package=org.objectweb.asm)(&(version>=9.6.0)(!(version>=10.0.0))))
     |
    export: osgi.wiring.package: org.objectweb.asm
  org.objectweb.asm [osgi.identity; type="osgi.bundle"; version:Version="9.9.1"; osgi.identity="org.objectweb.asm"]

Chain 2:
  org.apache.aries.spifly.dynamic.bundle [osgi.identity; type="osgi.bundle"; version:Version="1.3.7"; osgi.identity="org.apache.aries.spifly.dynamic.bundle"]
    import: (&(osgi.wiring.package=org.objectweb.asm.util)(&(version>=9.6.0)(!(version>=10.0.0))))
     |
    export: osgi.wiring.package=org.objectweb.asm.util; uses:=org.objectweb.asm
  org.objectweb.asm.util [osgi.identity; type="osgi.bundle"; version:Version="9.10.1"; osgi.identity="org.objectweb.asm.util"]
    import: (&(osgi.wiring.package=org.objectweb.asm)(&(version>=9.10.1)(!(version>=9.11.0))))
     |
    export: osgi.wiring.package: org.objectweb.asm
  org.objectweb.asm [osgi.identity; type="osgi.bundle"; version:Version="9.10.1"; osgi.identity="org.objectweb.asm"]                              Unresolved requirement: Import-Package: com.github.weisj.jsvg.logging; version="[2.1.0,3.0.0)"
                                -> Export-Package: com.github.weisj.jsvg.logging; bundle-symbolic-name="com.github.weisj.jsvg"; bundle-version="2.1.0"; version="2.1.0"
                              Unresolved requirement: Import-Package: com.github.weisj.jsvg.parser; version="[2.1.0,3.0.0)"
                                -> Export-Package: com.github.weisj.jsvg.parser; bundle-symbolic-name="com.github.weisj.jsvg"; bundle-version="2.1.0"; version="2.1.0"; uses:="com.github.weisj.jsvg,com.github.weisj.jsvg.paint,com.github.weisj.jsvg.parser.css,com.github.weisj.jsvg.parser.impl,com.github.weisj.jsvg.parser.resources,javax.xml.stream"
                              Unresolved requirement: Import-Package: com.github.weisj.jsvg.view; version="[2.1.0,3.0.0)"
                                -> Export-Package: com.github.weisj.jsvg.view; bundle-symbolic-name="com.github.weisj.jsvg"; bundle-version="2.1.0"; version="2.1.0"
                       Unresolved requirement: Require-Bundle: org.eclipse.jface; bundle-version="[3.18.0,4.0.0)"
                         -> Bundle-SymbolicName: org.eclipse.jface; bundle-version="3.39.0.v20260103-1533"; singleton:="true"
                            org.eclipse.jface [510]
                              Unresolved requirement: Require-Capability: eclipse.swt; filter:="(image.format=svg)"
                                -> Provide-Capability: eclipse.swt; image.format="svg"; version:Version="1.0.0"
                       Unresolved requirement: Require-Bundle: org.eclipse.e4.ui.css.swt; bundle-version="0.16.0"
                         -> Bundle-SymbolicName: org.eclipse.e4.ui.css.swt; bundle-version="0.16.0.v20251216-1230"; singleton:="true"
                            org.eclipse.e4.ui.css.swt [332]
                              Unresolved requirement: Import-Package: org.eclipse.jface.resource
                                -> Export-Package: org.eclipse.jface.resource; bundle-symbolic-name="org.eclipse.jface"; bundle-version="3.39.0.v20260103-1533"; version="0.0.0"
                Unresolved requirement: Require-Capability: eclipse.swt; filter:="(image.format=svg)"
                  -> Provide-Capability: eclipse.swt; image.format="svg"; version:Version="1.0.0"
                Unresolved requirement: Require-Bundle: org.eclipse.ui; bundle-version="[3.6.0,4.0.0)"
                  -> Bundle-SymbolicName: org.eclipse.ui; bundle-version="3.208.0.v20251219-1043"; singleton:="true"
                     org.eclipse.ui [866]
                       Unresolved requirement: Require-Bundle: org.eclipse.jface; bundle-version="[3.34.0,4.0.0)"; visibility:="reexport"
                         -> Bundle-SymbolicName: org.eclipse.jface; bundle-version="3.39.0.v20260103-1533"; singleton:="true"
                       Unresolved requirement: Require-Bundle: org.eclipse.ui.workbench; bundle-version="[3.130.0,4.0.0)"; visibility:="reexport"
                         -> Bundle-SymbolicName: org.eclipse.ui.workbench; bundle-version="3.138.0.v20260103-1852"; singleton:="true"
                            org.eclipse.ui.workbench [889]
                              Unresolved requirement: Import-Package: org.eclipse.e4.ui.internal.workbench.renderers.swt
                                -> Export-Package: org.eclipse.e4.ui.internal.workbench.renderers.swt; bundle-symbolic-name="org.eclipse.e4.ui.workbench.renderers.swt"; bundle-version="0.17.0.v20251218-1448"; version="0.0.0"; x-friends:="org.eclipse.ui.workbench"
                                   org.eclipse.e4.ui.workbench.renderers.swt [344]
                                     Unresolved requirement: Require-Bundle: org.eclipse.e4.ui.bindings; bundle-version="0.9.0"
                                       -> Bundle-SymbolicName: org.eclipse.e4.ui.bindings; bundle-version="0.15.0.v20251216-1230"; singleton:="true"
                                          org.eclipse.e4.ui.bindings [330]
                                            Unresolved requirement: Import-Package: org.eclipse.jface.window
                                              -> Export-Package: org.eclipse.jface.window; bundle-symbolic-name="org.eclipse.jface"; bundle-version="3.39.0.v20260103-1533"; version="0.0.0"
                                            Unresolved requirement: Import-Package: org.eclipse.jface.bindings.keys
                                              -> Export-Package: org.eclipse.jface.bindings.keys; bundle-symbolic-name="org.eclipse.jface"; bundle-version="3.39.0.v20260103-1533"; version="0.0.0"
                                            Unresolved requirement: Import-Package: org.eclipse.jface.bindings
                                              -> Export-Package: org.eclipse.jface.bindings; bundle-symbolic-name="org.eclipse.jface"; bundle-version="3.39.0.v20260103-1533"; version="0.0.0"
                                            Unresolved requirement: Import-Package: org.eclipse.jface.dialogs
                                              -> Export-Package: org.eclipse.jface.dialogs; bundle-symbolic-name="org.eclipse.jface"; bundle-version="3.39.0.v20260103-1533"; version="0.0.0"
                                     Unresolved requirement: Require-Bundle: org.eclipse.e4.ui.css.swt; bundle-version="0.11.0"
                                       -> Bundle-SymbolicName: org.eclipse.e4.ui.css.swt; bundle-version="0.16.0.v20251216-1230"; singleton:="true"
                                     Unresolved requirement: Require-Bundle: org.eclipse.e4.ui.workbench.swt; bundle-version="0.9.0"
                                       -> Bundle-SymbolicName: org.eclipse.e4.ui.workbench.swt; bundle-version="0.18.0.v20251223-1034"; singleton:="true"
                                          org.eclipse.e4.ui.workbench.swt [345]
                                            Unresolved requirement: Require-Capability: eclipse.swt; filter:="(image.format=svg)"
                                              -> Provide-Capability: eclipse.swt; image.format="svg"; version:Version="1.0.0"
                                            Unresolved requirement: Require-Bundle: org.eclipse.e4.ui.css.swt; bundle-version="0.13.100"
                                              -> Bundle-SymbolicName: org.eclipse.e4.ui.css.swt; bundle-version="0.16.0.v20251216-1230"; singleton:="true"
                                            Unresolved requirement: Require-Bundle: org.eclipse.jface.databinding; bundle-version="[1.3.0,2.0.0)"
                                              -> Bundle-SymbolicName: org.eclipse.jface.databinding; bundle-version="1.16.0.v20251216-1230"
                                                 org.eclipse.jface.databinding [511]
                                                   Unresolved requirement: Require-Bundle: org.eclipse.jface; bundle-version="[3.2.0,4.0.0)"
                                                     -> Bundle-SymbolicName: org.eclipse.jface; bundle-version="3.39.0.v20260103-1533"; singleton:="true"
                                            Unresolved requirement: Require-Bundle: org.eclipse.e4.ui.dialogs; bundle-version="1.1.600"
                                              -> Bundle-SymbolicName: org.eclipse.e4.ui.dialogs; bundle-version="1.7.0.v20251222-0947"
                                                 org.eclipse.e4.ui.dialogs [335]
                                                   Unresolved requirement: Require-Capability: eclipse.swt; filter:="(image.format=svg)"
                                                     -> Provide-Capability: eclipse.swt; image.format="svg"; version:Version="1.0.0"
                                                   Unresolved requirement: Require-Bundle: org.eclipse.jface; bundle-version="3.39.0"
                                                     -> Bundle-SymbolicName: org.eclipse.jface; bundle-version="3.39.0.v20260103-1533"; singleton:="true"
                                            Unresolved requirement: Require-Bundle: org.eclipse.e4.ui.bindings; bundle-version="0.9.0"
                                              -> Bundle-SymbolicName: org.eclipse.e4.ui.bindings; bundle-version="0.15.0.v20251216-1230"; singleton:="true"
                                            Unresolved requirement: Require-Bundle: org.eclipse.jface; bundle-version="[3.39.0,4.0.0)"
                                              -> Bundle-SymbolicName: org.eclipse.jface; bundle-version="3.39.0.v20260103-1533"; singleton:="true"
                                            Unresolved requirement: Require-Bundle: org.eclipse.e4.ui.css.swt.theme; bundle-version="0.12.0"
                                              -> Bundle-SymbolicName: org.eclipse.e4.ui.css.swt.theme; bundle-version="0.15.0.v20251216-1230"; singleton:="true"
                                                 org.eclipse.e4.ui.css.swt.theme [333]
                                                   Unresolved requirement: Require-Bundle: org.eclipse.e4.ui.css.swt; bundle-version="0.13.100"
                                                     -> Bundle-SymbolicName: org.eclipse.e4.ui.css.swt; bundle-version="0.16.0.v20251216-1230"; singleton:="true"
                                     Unresolved requirement: Require-Bundle: org.eclipse.jface; bundle-version="[3.15.0,4.0.0)"
                                       -> Bundle-SymbolicName: org.eclipse.jface; bundle-version="3.39.0.v20260103-1533"; singleton:="true"
                                     Unresolved requirement: Require-Capability: eclipse.swt; filter:="(image.format=svg)"
                                       -> Provide-Capability: eclipse.swt; image.format="svg"; version:Version="1.0.0"
                              Unresolved requirement: Import-Package: org.eclipse.e4.ui.workbench.renderers.swt
                                -> Export-Package: org.eclipse.e4.ui.workbench.renderers.swt; bundle-symbolic-name="org.eclipse.e4.ui.workbench.renderers.swt"; bundle-version="0.17.0.v20251218-1448"; version="0.0.0"; x-friends:="org.eclipse.e4.ui.workbench.addons.swt,org.eclipse.ui.workbench"
                              Unresolved requirement: Import-Package: org.eclipse.e4.ui.internal.workbench.swt
                                -> Export-Package: org.eclipse.e4.ui.internal.workbench.swt; bundle-symbolic-name="org.eclipse.e4.ui.workbench.swt"; bundle-version="0.18.0.v20251223-1034"; version="0.0.0"; x-friends:="org.eclipse.e4.ui.workbench.addons.swt,  org.eclipse.e4.ui.workbench.renderers.swt,  org.eclipse.ui.workbench,  org.eclipse.e4.ui.bindings.tests"
                       Unresolved requirement: Require-Capability: eclipse.swt; filter:="(image.format=svg)"
                         -> Provide-Capability: eclipse.swt; image.format="svg"; version:Version="1.0.0"
         Unresolved requirement: Require-Capability: eclipse.swt; filter:="(image.format=svg)"
           -> Provide-Capability: eclipse.swt; image.format="svg"; version:Version="1.0.0"
  Unresolved requirement: Require-Bundle: org.eclipse.ui
    -> Bundle-SymbolicName: org.eclipse.ui; bundle-version="3.208.0.v20251219-1043"; singleton:="true"


!ENTRY org.eclipse.wst.xsl.exslt.ui 2 0 2026-07-30 21:22:02.775
!MESSAGE Could not resolve module: org.eclipse.wst.xsl.exslt.ui [1009]
  Unresolved requirement: Require-Bundle: org.eclipse.ui
    -> Bundle-SymbolicName: org.eclipse.ui; bundle-version="3.208.0.v20251219-1043"; singleton:="true"
       org.eclipse.ui [866]
         Unresolved requirement: Require-Bundle: org.eclipse.jface; bundle-version="[3.34.0,4.0.0)"; visibility:="reexport"
           -> Bundle-SymbolicName: org.eclipse.jface; bundle-version="3.39.0.v20260103-1533"; singleton:="true"
              org.eclipse.jface [510]
                Unresolved requirement: Require-Capability: eclipse.swt; filter:="(image.format=svg)"
                  -> Provide-Capability: eclipse.swt; image.format="svg"; version:Version="1.0.0"
                     org.eclipse.swt.svg [842]
                       Unresolved requirement: Fragment-Host: org.eclipse.swt
                       Unresolved requirement: Fragment-Host: org.eclipse.swt
                       Unresolved requirement: Fragment-Host: org.eclipse.swt
                       Unresolved requirement: Fragment-Host: org.eclipse.swt
                       Unresolved requirement: Fragment-Host: org.eclipse.swt
                       Unresolved requirement: Import-Package: com.github.weisj.jsvg; version="[2.1.0,3.0.0)"
                         -> Export-Package: com.github.weisj.jsvg; bundle-symbolic-name="com.github.weisj.jsvg"; bundle-version="2.1.0"; version="2.1.0"; uses:="com.github.weisj.jsvg.renderer,com.github.weisj.jsvg.renderer.animation,com.github.weisj.jsvg.renderer.output,com.github.weisj.jsvg.view,javax.swing"
                            com.github.weisj.jsvg [21]
                              Unresolved requirement: Require-Capability: osgi.serviceloader; osgi.serviceloader="com.github.weisj.jsvg.logging.LogManager"; filter:="(osgi.serviceloader=com.github.weisj.jsvg.logging.LogManager)"
                                -> Provide-Capability: osgi.serviceloader; osgi.serviceloader="com.github.weisj.jsvg.logging.LogManager"; register:="org.eclipse.swt.svg.logging.JVSGLoggerLogManager"
                              Unresolved requirement: Require-Capability: osgi.extender; filter:="(&(osgi.extender=osgi.serviceloader.processor)(version>=1.0.0)(!(version>=2.0.0)))"
                                -> Provide-Capability: osgi.extender; osgi.extender="osgi.serviceloader.processor"; version:Version="1.0.0"; uses:="org.apache.aries.spifly"
                                   org.apache.aries.spifly.dynamic.bundle [97]
                                     Bundle was not resolved because of a uses constraint violation.
  org.apache.felix.resolver.reason.ReasonException: Uses constraint violation. Unable to resolve resource org.apache.aries.spifly.dynamic.bundle [osgi.identity; type="osgi.bundle"; version:Version="1.3.7"; osgi.identity="org.apache.aries.spifly.dynamic.bundle"] because it is exposed to package 'org.objectweb.asm' from resources org.objectweb.asm [osgi.identity; type="osgi.bundle"; version:Version="9.9.1"; osgi.identity="org.objectweb.asm"] and org.objectweb.asm [osgi.identity; type="osgi.bundle"; version:Version="9.10.1"; osgi.identity="org.objectweb.asm"] via two dependency chains.

Chain 1:
  org.apache.aries.spifly.dynamic.bundle [osgi.identity; type="osgi.bundle"; version:Version="1.3.7"; osgi.identity="org.apache.aries.spifly.dynamic.bundle"]
    import: (&(osgi.wiring.package=org.objectweb.asm)(&(version>=9.6.0)(!(version>=10.0.0))))
     |
    export: osgi.wiring.package: org.objectweb.asm
  org.objectweb.asm [osgi.identity; type="osgi.bundle"; version:Version="9.9.1"; osgi.identity="org.objectweb.asm"]

Chain 2:
  org.apache.aries.spifly.dynamic.bundle [osgi.identity; type="osgi.bundle"; version:Version="1.3.7"; osgi.identity="org.apache.aries.spifly.dynamic.bundle"]
    import: (&(osgi.wiring.package=org.objectweb.asm.util)(&(version>=9.6.0)(!(version>=10.0.0))))
     |
    export: osgi.wiring.package=org.objectweb.asm.util; uses:=org.objectweb.asm
  org.objectweb.asm.util [osgi.identity; type="osgi.bundle"; version:Version="9.10.1"; osgi.identity="org.objectweb.asm.util"]
    import: (&(osgi.wiring.package=org.objectweb.asm)(&(version>=9.10.1)(!(version>=9.11.0))))
     |
    export: osgi.wiring.package: org.objectweb.asm
  org.objectweb.asm [osgi.identity; type="osgi.bundle"; version:Version="9.10.1"; osgi.identity="org.objectweb.asm"]                       Unresolved requirement: Import-Package: com.github.weisj.jsvg.logging; version="[2.1.0,3.0.0)"
                         -> Export-Package: com.github.weisj.jsvg.logging; bundle-symbolic-name="com.github.weisj.jsvg"; bundle-version="2.1.0"; version="2.1.0"
                       Unresolved requirement: Import-Package: com.github.weisj.jsvg.parser; version="[2.1.0,3.0.0)"
                         -> Export-Package: com.github.weisj.jsvg.parser; bundle-symbolic-name="com.github.weisj.jsvg"; bundle-version="2.1.0"; version="2.1.0"; uses:="com.github.weisj.jsvg,com.github.weisj.jsvg.paint,com.github.weisj.jsvg.parser.css,com.github.weisj.jsvg.parser.impl,com.github.weisj.jsvg.parser.resources,javax.xml.stream"
                       Unresolved requirement: Import-Package: com.github.weisj.jsvg.view; version="[2.1.0,3.0.0)"
                         -> Export-Package: com.github.weisj.jsvg.view; bundle-symbolic-name="com.github.weisj.jsvg"; bundle-version="2.1.0"; version="2.1.0"
         Unresolved requirement: Require-Bundle: org.eclipse.ui.workbench; bundle-version="[3.130.0,4.0.0)"; visibility:="reexport"
           -> Bundle-SymbolicName: org.eclipse.ui.workbench; bundle-version="3.138.0.v20260103-1852"; singleton:="true"
              org.eclipse.ui.workbench [889]
                Unresolved requirement: Import-Package: org.eclipse.e4.ui.internal.workbench.renderers.swt
                  -> Export-Package: org.eclipse.e4.ui.internal.workbench.renderers.swt; bundle-symbolic-name="org.eclipse.e4.ui.workbench.renderers.swt"; bundle-version="0.17.0.v20251218-1448"; version="0.0.0"; x-friends:="org.eclipse.ui.workbench"
                     org.eclipse.e4.ui.workbench.renderers.swt [344]
                       Unresolved requirement: Require-Bundle: org.eclipse.e4.ui.bindings; bundle-version="0.9.0"
                         -> Bundle-SymbolicName: org.eclipse.e4.ui.bindings; bundle-version="0.15.0.v20251216-1230"; singleton:="true"
                            org.eclipse.e4.ui.bindings [330]
                              Unresolved requirement: Import-Package: org.eclipse.jface.window
                                -> Export-Package: org.eclipse.jface.window; bundle-symbolic-name="org.eclipse.jface"; bundle-version="3.39.0.v20260103-1533"; version="0.0.0"
                              Unresolved requirement: Import-Package: org.eclipse.jface.bindings.keys
                                -> Export-Package: org.eclipse.jface.bindings.keys; bundle-symbolic-name="org.eclipse.jface"; bundle-version="3.39.0.v20260103-1533"; version="0.0.0"
                              Unresolved requirement: Import-Package: org.eclipse.jface.bindings
                                -> Export-Package: org.eclipse.jface.bindings; bundle-symbolic-name="org.eclipse.jface"; bundle-version="3.39.0.v20260103-1533"; version="0.0.0"
                              Unresolved requirement: Import-Package: org.eclipse.jface.dialogs
                                -> Export-Package: org.eclipse.jface.dialogs; bundle-symbolic-name="org.eclipse.jface"; bundle-version="3.39.0.v20260103-1533"; version="0.0.0"
                       Unresolved requirement: Require-Bundle: org.eclipse.e4.ui.css.swt; bundle-version="0.11.0"
                         -> Bundle-SymbolicName: org.eclipse.e4.ui.css.swt; bundle-version="0.16.0.v20251216-1230"; singleton:="true"
                            org.eclipse.e4.ui.css.swt [332]
                              Unresolved requirement: Import-Package: org.eclipse.jface.resource
                                -> Export-Package: org.eclipse.jface.resource; bundle-symbolic-name="org.eclipse.jface"; bundle-version="3.39.0.v20260103-1533"; version="0.0.0"
                       Unresolved requirement: Require-Bundle: org.eclipse.e4.ui.workbench.swt; bundle-version="0.9.0"
                         -> Bundle-SymbolicName: org.eclipse.e4.ui.workbench.swt; bundle-version="0.18.0.v20251223-1034"; singleton:="true"
                            org.eclipse.e4.ui.workbench.swt [345]
                              Unresolved requirement: Require-Capability: eclipse.swt; filter:="(image.format=svg)"
                                -> Provide-Capability: eclipse.swt; image.format="svg"; version:Version="1.0.0"
                              Unresolved requirement: Require-Bundle: org.eclipse.e4.ui.css.swt; bundle-version="0.13.100"
                                -> Bundle-SymbolicName: org.eclipse.e4.ui.css.swt; bundle-version="0.16.0.v20251216-1230"; singleton:="true"
                              Unresolved requirement: Require-Bundle: org.eclipse.jface.databinding; bundle-version="[1.3.0,2.0.0)"
                                -> Bundle-SymbolicName: org.eclipse.jface.databinding; bundle-version="1.16.0.v20251216-1230"
                                   org.eclipse.jface.databinding [511]
                                     Unresolved requirement: Require-Bundle: org.eclipse.jface; bundle-version="[3.2.0,4.0.0)"
                                       -> Bundle-SymbolicName: org.eclipse.jface; bundle-version="3.39.0.v20260103-1533"; singleton:="true"
                              Unresolved requirement: Require-Bundle: org.eclipse.e4.ui.dialogs; bundle-version="1.1.600"
                                -> Bundle-SymbolicName: org.eclipse.e4.ui.dialogs; bundle-version="1.7.0.v20251222-0947"
                                   org.eclipse.e4.ui.dialogs [335]
                                     Unresolved requirement: Require-Capability: eclipse.swt; filter:="(image.format=svg)"
                                       -> Provide-Capability: eclipse.swt; image.format="svg"; version:Version="1.0.0"
                                     Unresolved requirement: Require-Bundle: org.eclipse.jface; bundle-version="3.39.0"
                                       -> Bundle-SymbolicName: org.eclipse.jface; bundle-version="3.39.0.v20260103-1533"; singleton:="true"
                              Unresolved requirement: Require-Bundle: org.eclipse.e4.ui.bindings; bundle-version="0.9.0"
                                -> Bundle-SymbolicName: org.eclipse.e4.ui.bindings; bundle-version="0.15.0.v20251216-1230"; singleton:="true"
                              Unresolved requirement: Require-Bundle: org.eclipse.jface; bundle-version="[3.39.0,4.0.0)"
                                -> Bundle-SymbolicName: org.eclipse.jface; bundle-version="3.39.0.v20260103-1533"; singleton:="true"
                              Unresolved requirement: Require-Bundle: org.eclipse.e4.ui.css.swt.theme; bundle-version="0.12.0"
                                -> Bundle-SymbolicName: org.eclipse.e4.ui.css.swt.theme; bundle-version="0.15.0.v20251216-1230"; singleton:="true"
                                   org.eclipse.e4.ui.css.swt.theme [333]
                                     Unresolved requirement: Require-Bundle: org.eclipse.e4.ui.css.swt; bundle-version="0.13.100"
                                       -> Bundle-SymbolicName: org.eclipse.e4.ui.css.swt; bundle-version="0.16.0.v20251216-1230"; singleton:="true"
                       Unresolved requirement: Require-Bundle: org.eclipse.jface; bundle-version="[3.15.0,4.0.0)"
                         -> Bundle-SymbolicName: org.eclipse.jface; bundle-version="3.39.0.v20260103-1533"; singleton:="true"
                       Unresolved requirement: Require-Capability: eclipse.swt; filter:="(image.format=svg)"
                         -> Provide-Capability: eclipse.swt; image.format="svg"; version:Version="1.0.0"
                Unresolved requirement: Import-Package: org.eclipse.e4.ui.workbench.renderers.swt
                  -> Export-Package: org.eclipse.e4.ui.workbench.renderers.swt; bundle-symbolic-name="org.eclipse.e4.ui.workbench.renderers.swt"; bundle-version="0.17.0.v20251218-1448"; version="0.0.0"; x-friends:="org.eclipse.e4.ui.workbench.addons.swt,org.eclipse.ui.workbench"
                Unresolved requirement: Import-Package: org.eclipse.e4.ui.internal.workbench.swt
                  -> Export-Package: org.eclipse.e4.ui.internal.workbench.swt; bundle-symbolic-name="org.eclipse.e4.ui.workbench.swt"; bundle-version="0.18.0.v20251223-1034"; version="0.0.0"; x-friends:="org.eclipse.e4.ui.workbench.addons.swt,  org.eclipse.e4.ui.workbench.renderers.swt,  org.eclipse.ui.workbench,  org.eclipse.e4.ui.bindings.tests"
         Unresolved requirement: Require-Capability: eclipse.swt; filter:="(image.format=svg)"
           -> Provide-Capability: eclipse.swt; image.format="svg"; version:Version="1.0.0"


!ENTRY org.eclipse.epp.package.common 2 0 2026-07-30 21:22:02.775
!MESSAGE Could not resolve module: org.eclipse.epp.package.common [403]
  Unresolved requirement: Require-Bundle: org.eclipse.ui
    -> Bundle-SymbolicName: org.eclipse.ui; bundle-version="3.208.0.v20251219-1043"; singleton:="true"
       org.eclipse.ui [866]
         Unresolved requirement: Require-Bundle: org.eclipse.jface; bundle-version="[3.34.0,4.0.0)"; visibility:="reexport"
           -> Bundle-SymbolicName: org.eclipse.jface; bundle-version="3.39.0.v20260103-1533"; singleton:="true"
              org.eclipse.jface [510]
                Unresolved requirement: Require-Capability: eclipse.swt; filter:="(image.format=svg)"
                  -> Provide-Capability: eclipse.swt; image.format="svg"; version:Version="1.0.0"
                     org.eclipse.swt.svg [842]
                       Unresolved requirement: Fragment-Host: org.eclipse.swt
                       Unresolved requirement: Fragment-Host: org.eclipse.swt
                       Unresolved requirement: Fragment-Host: org.eclipse.swt
                       Unresolved requirement: Fragment-Host: org.eclipse.swt
                       Unresolved requirement: Fragment-Host: org.eclipse.swt
                       Unresolved requirement: Import-Package: com.github.weisj.jsvg; version="[2.1.0,3.0.0)"
                         -> Export-Package: com.github.weisj.jsvg; bundle-symbolic-name="com.github.weisj.jsvg"; bundle-version="2.1.0"; version="2.1.0"; uses:="com.github.weisj.jsvg.renderer,com.github.weisj.jsvg.renderer.animation,com.github.weisj.jsvg.renderer.output,com.github.weisj.jsvg.view,javax.swing"
                            com.github.weisj.jsvg [21]
                              Unresolved requirement: Require-Capability: osgi.serviceloader; osgi.serviceloader="com.github.weisj.jsvg.logging.LogManager"; filter:="(osgi.serviceloader=com.github.weisj.jsvg.logging.LogManager)"
                                -> Provide-Capability: osgi.serviceloader; osgi.serviceloader="com.github.weisj.jsvg.logging.LogManager"; register:="org.eclipse.swt.svg.logging.JVSGLoggerLogManager"
                              Unresolved requirement: Require-Capability: osgi.extender; filter:="(&(osgi.extender=osgi.serviceloader.processor)(version>=1.0.0)(!(version>=2.0.0)))"
                                -> Provide-Capability: osgi.extender; osgi.extender="osgi.serviceloader.processor"; version:Version="1.0.0"; uses:="org.apache.aries.spifly"
                                   org.apache.aries.spifly.dynamic.bundle [97]
                                     Bundle was not resolved because of a uses constraint violation.
  org.apache.felix.resolver.reason.ReasonException: Uses constraint violation. Unable to resolve resource org.apache.aries.spifly.dynamic.bundle [osgi.identity; type="osgi.bundle"; version:Version="1.3.7"; osgi.identity="org.apache.aries.spifly.dynamic.bundle"] because it is exposed to package 'org.objectweb.asm' from resources org.objectweb.asm [osgi.identity; type="osgi.bundle"; version:Version="9.9.1"; osgi.identity="org.objectweb.asm"] and org.objectweb.asm [osgi.identity; type="osgi.bundle"; version:Version="9.10.1"; osgi.identity="org.objectweb.asm"] via two dependency chains.

Chain 1:
  org.apache.aries.spifly.dynamic.bundle [osgi.identity; type="osgi.bundle"; version:Version="1.3.7"; osgi.identity="org.apache.aries.spifly.dynamic.bundle"]
    import: (&(osgi.wiring.package=org.objectweb.asm)(&(version>=9.6.0)(!(version>=10.0.0))))
     |
    export: osgi.wiring.package: org.objectweb.asm
  org.objectweb.asm [osgi.identity; type="osgi.bundle"; version:Version="9.9.1"; osgi.identity="org.objectweb.asm"]

Chain 2:
  org.apache.aries.spifly.dynamic.bundle [osgi.identity; type="osgi.bundle"; version:Version="1.3.7"; osgi.identity="org.apache.aries.spifly.dynamic.bundle"]
    import: (&(osgi.wiring.package=org.objectweb.asm.util)(&(version>=9.6.0)(!(version>=10.0.0))))
     |
    export: osgi.wiring.package=org.objectweb.asm.util; uses:=org.objectweb.asm
  org.objectweb.asm.util [osgi.identity; type="osgi.bundle"; version:Version="9.10.1"; osgi.identity="org.objectweb.asm.util"]
    import: (&(osgi.wiring.package=org.objectweb.asm)(&(version>=9.10.1)(!(version>=9.11.0))))
     |
    export: osgi.wiring.package: org.objectweb.asm
  org.objectweb.asm [osgi.identity; type="osgi.bundle"; version:Version="9.10.1"; osgi.identity="org.objectweb.asm"]                       Unresolved requirement: Import-Package: com.github.weisj.jsvg.logging; version="[2.1.0,3.0.0)"
                         -> Export-Package: com.github.weisj.jsvg.logging; bundle-symbolic-name="com.github.weisj.jsvg"; bundle-version="2.1.0"; version="2.1.0"
                       Unresolved requirement: Import-Package: com.github.weisj.jsvg.parser; version="[2.1.0,3.0.0)"
                         -> Export-Package: com.github.weisj.jsvg.parser; bundle-symbolic-name="com.github.weisj.jsvg"; bundle-version="2.1.0"; version="2.1.0"; uses:="com.github.weisj.jsvg,com.github.weisj.jsvg.paint,com.github.weisj.jsvg.parser.css,com.github.weisj.jsvg.parser.impl,com.github.weisj.jsvg.parser.resources,javax.xml.stream"
                       Unresolved requirement: Import-Package: com.github.weisj.jsvg.view; version="[2.1.0,3.0.0)"
                         -> Export-Package: com.github.weisj.jsvg.view; bundle-symbolic-name="com.github.weisj.jsvg"; bundle-version="2.1.0"; version="2.1.0"
         Unresolved requirement: Require-Bundle: org.eclipse.ui.workbench; bundle-version="[3.130.0,4.0.0)"; visibility:="reexport"
           -> Bundle-SymbolicName: org.eclipse.ui.workbench; bundle-version="3.138.0.v20260103-1852"; singleton:="true"
              org.eclipse.ui.workbench [889]
                Unresolved requirement: Import-Package: org.eclipse.e4.ui.internal.workbench.renderers.swt
                  -> Export-Package: org.eclipse.e4.ui.internal.workbench.renderers.swt; bundle-symbolic-name="org.eclipse.e4.ui.workbench.renderers.swt"; bundle-version="0.17.0.v20251218-1448"; version="0.0.0"; x-friends:="org.eclipse.ui.workbench"
                     org.eclipse.e4.ui.workbench.renderers.swt [344]
                       Unresolved requirement: Require-Bundle: org.eclipse.e4.ui.bindings; bundle-version="0.9.0"
                         -> Bundle-SymbolicName: org.eclipse.e4.ui.bindings; bundle-version="0.15.0.v20251216-1230"; singleton:="true"
                            org.eclipse.e4.ui.bindings [330]
                              Unresolved requirement: Import-Package: org.eclipse.jface.window
                                -> Export-Package: org.eclipse.jface.window; bundle-symbolic-name="org.eclipse.jface"; bundle-version="3.39.0.v20260103-1533"; version="0.0.0"
                              Unresolved requirement: Import-Package: org.eclipse.jface.bindings.keys
                                -> Export-Package: org.eclipse.jface.bindings.keys; bundle-symbolic-name="org.eclipse.jface"; bundle-version="3.39.0.v20260103-1533"; version="0.0.0"
                              Unresolved requirement: Import-Package: org.eclipse.jface.bindings
                                -> Export-Package: org.eclipse.jface.bindings; bundle-symbolic-name="org.eclipse.jface"; bundle-version="3.39.0.v20260103-1533"; version="0.0.0"
                              Unresolved requirement: Import-Package: org.eclipse.jface.dialogs
                                -> Export-Package: org.eclipse.jface.dialogs; bundle-symbolic-name="org.eclipse.jface"; bundle-version="3.39.0.v20260103-1533"; version="0.0.0"
                       Unresolved requirement: Require-Bundle: org.eclipse.e4.ui.css.swt; bundle-version="0.11.0"
                         -> Bundle-SymbolicName: org.eclipse.e4.ui.css.swt; bundle-version="0.16.0.v20251216-1230"; singleton:="true"
                            org.eclipse.e4.ui.css.swt [332]
                              Unresolved requirement: Import-Package: org.eclipse.jface.resource
                                -> Export-Package: org.eclipse.jface.resource; bundle-symbolic-name="org.eclipse.jface"; bundle-version="3.39.0.v20260103-1533"; version="0.0.0"
                       Unresolved requirement: Require-Bundle: org.eclipse.e4.ui.workbench.swt; bundle-version="0.9.0"
                         -> Bundle-SymbolicName: org.eclipse.e4.ui.workbench.swt; bundle-version="0.18.0.v20251223-1034"; singleton:="true"
                            org.eclipse.e4.ui.workbench.swt [345]
                              Unresolved requirement: Require-Capability: eclipse.swt; filter:="(image.format=svg)"
                                -> Provide-Capability: eclipse.swt; image.format="svg"; version:Version="1.0.0"
                              Unresolved requirement: Require-Bundle: org.eclipse.e4.ui.css.swt; bundle-version="0.13.100"
                                -> Bundle-SymbolicName: org.eclipse.e4.ui.css.swt; bundle-version="0.16.0.v20251216-1230"; singleton:="true"
                              Unresolved requirement: Require-Bundle: org.eclipse.jface.databinding; bundle-version="[1.3.0,2.0.0)"
                                -> Bundle-SymbolicName: org.eclipse.jface.databinding; bundle-version="1.16.0.v20251216-1230"
                                   org.eclipse.jface.databinding [511]
                                     Unresolved requirement: Require-Bundle: org.eclipse.jface; bundle-version="[3.2.0,4.0.0)"
                                       -> Bundle-SymbolicName: org.eclipse.jface; bundle-version="3.39.0.v20260103-1533"; singleton:="true"
                              Unresolved requirement: Require-Bundle: org.eclipse.e4.ui.dialogs; bundle-version="1.1.600"
                                -> Bundle-SymbolicName: org.eclipse.e4.ui.dialogs; bundle-version="1.7.0.v20251222-0947"
                                   org.eclipse.e4.ui.dialogs [335]
                                     Unresolved requirement: Require-Capability: eclipse.swt; filter:="(image.format=svg)"
                                       -> Provide-Capability: eclipse.swt; image.format="svg"; version:Version="1.0.0"
                                     Unresolved requirement: Require-Bundle: org.eclipse.jface; bundle-version="3.39.0"
                                       -> Bundle-SymbolicName: org.eclipse.jface; bundle-version="3.39.0.v20260103-1533"; singleton:="true"
                              Unresolved requirement: Require-Bundle: org.eclipse.e4.ui.bindings; bundle-version="0.9.0"
                                -> Bundle-SymbolicName: org.eclipse.e4.ui.bindings; bundle-version="0.15.0.v20251216-1230"; singleton:="true"
                              Unresolved requirement: Require-Bundle: org.eclipse.jface; bundle-version="[3.39.0,4.0.0)"
                                -> Bundle-SymbolicName: org.eclipse.jface; bundle-version="3.39.0.v20260103-1533"; singleton:="true"
                              Unresolved requirement: Require-Bundle: org.eclipse.e4.ui.css.swt.theme; bundle-version="0.12.0"
                                -> Bundle-SymbolicName: org.eclipse.e4.ui.css.swt.theme; bundle-version="0.15.0.v20251216-1230"; singleton:="true"
                                   org.eclipse.e4.ui.css.swt.theme [333]
                                     Unresolved requirement: Require-Bundle: org.eclipse.e4.ui.css.swt; bundle-version="0.13.100"
                                       -> Bundle-SymbolicName: org.eclipse.e4.ui.css.swt; bundle-version="0.16.0.v20251216-1230"; singleton:="true"
                       Unresolved requirement: Require-Bundle: org.eclipse.jface; bundle-version="[3.15.0,4.0.0)"
                         -> Bundle-SymbolicName: org.eclipse.jface; bundle-version="3.39.0.v20260103-1533"; singleton:="true"
                       Unresolved requirement: Require-Capability: eclipse.swt; filter:="(image.format=svg)"
                         -> Provide-Capability: eclipse.swt; image.format="svg"; version:Version="1.0.0"
                Unresolved requirement: Import-Package: org.eclipse.e4.ui.workbench.renderers.swt
                  -> Export-Package: org.eclipse.e4.ui.workbench.renderers.swt; bundle-symbolic-name="org.eclipse.e4.ui.workbench.renderers.swt"; bundle-version="0.17.0.v20251218-1448"; version="0.0.0"; x-friends:="org.eclipse.e4.ui.workbench.addons.swt,org.eclipse.ui.workbench"
                Unresolved requirement: Import-Package: org.eclipse.e4.ui.internal.workbench.swt
                  -> Export-Package: org.eclipse.e4.ui.internal.workbench.swt; bundle-symbolic-name="org.eclipse.e4.ui.workbench.swt"; bundle-version="0.18.0.v20251223-1034"; version="0.0.0"; x-friends:="org.eclipse.e4.ui.workbench.addons.swt,  org.eclipse.e4.ui.workbench.renderers.swt,  org.eclipse.ui.workbench,  org.eclipse.e4.ui.bindings.tests"
         Unresolved requirement: Require-Capability: eclipse.swt; filter:="(image.format=svg)"
           -> Provide-Capability: eclipse.swt; image.format="svg"; version:Version="1.0.0"
  Unresolved requirement: Require-Bundle: org.eclipse.platform
    -> Bundle-SymbolicName: org.eclipse.platform; bundle-version="4.39.0.v20260103-1800"; singleton:="true"
       org.eclipse.platform [836]
         Unresolved requirement: Require-Bundle: org.eclipse.ui.intro; bundle-version="[3.2.0,4.0.0)"
           -> Bundle-SymbolicName: org.eclipse.ui.intro; bundle-version="3.8.0.v20251219-1227"; singleton:="true"
              org.eclipse.ui.intro [876]
                Unresolved requirement: Require-Bundle: org.eclipse.ui.forms; bundle-version="[3.5.0,4.0.0)"
                  -> Bundle-SymbolicName: org.eclipse.ui.forms; bundle-version="3.14.0.v20251218-0813"; singleton:="true"
                     org.eclipse.ui.forms [872]
                       Unresolved requirement: Require-Capability: eclipse.swt; filter:="(image.format=svg)"
                         -> Provide-Capability: eclipse.swt; image.format="svg"; version:Version="1.0.0"
                       Unresolved requirement: Require-Bundle: org.eclipse.jface; bundle-version="[3.18.0,4.0.0)"
                         -> Bundle-SymbolicName: org.eclipse.jface; bundle-version="3.39.0.v20260103-1533"; singleton:="true"
                       Unresolved requirement: Require-Bundle: org.eclipse.e4.ui.css.swt; bundle-version="0.16.0"
                         -> Bundle-SymbolicName: org.eclipse.e4.ui.css.swt; bundle-version="0.16.0.v20251216-1230"; singleton:="true"
                Unresolved requirement: Require-Capability: eclipse.swt; filter:="(image.format=svg)"
                  -> Provide-Capability: eclipse.swt; image.format="svg"; version:Version="1.0.0"
                Unresolved requirement: Require-Bundle: org.eclipse.ui; bundle-version="[3.6.0,4.0.0)"
                  -> Bundle-SymbolicName: org.eclipse.ui; bundle-version="3.208.0.v20251219-1043"; singleton:="true"
         Unresolved requirement: Require-Capability: eclipse.swt; filter:="(image.format=svg)"
           -> Provide-Capability: eclipse.swt; image.format="svg"; version:Version="1.0.0"


!ENTRY org.eclipse.ui.editors 2 0 2026-07-30 21:22:02.791
!MESSAGE Could not resolve module: org.eclipse.ui.editors [870]
  Unresolved requirement: Require-Bundle: org.eclipse.ui; bundle-version="[3.208.0,4.0.0)"
    -> Bundle-SymbolicName: org.eclipse.ui; bundle-version="3.208.0.v20251219-1043"; singleton:="true"
       org.eclipse.ui [866]
         Unresolved requirement: Require-Bundle: org.eclipse.jface; bundle-version="[3.34.0,4.0.0)"; visibility:="reexport"
           -> Bundle-SymbolicName: org.eclipse.jface; bundle-version="3.39.0.v20260103-1533"; singleton:="true"
              org.eclipse.jface [510]
                Unresolved requirement: Require-Capability: eclipse.swt; filter:="(image.format=svg)"
                  -> Provide-Capability: eclipse.swt; image.format="svg"; version:Version="1.0.0"
                     org.eclipse.swt.svg [842]
                       Unresolved requirement: Fragment-Host: org.eclipse.swt
                       Unresolved requirement: Fragment-Host: org.eclipse.swt
                       Unresolved requirement: Fragment-Host: org.eclipse.swt
                       Unresolved requirement: Fragment-Host: org.eclipse.swt
                       Unresolved requirement: Fragment-Host: org.eclipse.swt
                       Unresolved requirement: Import-Package: com.github.weisj.jsvg; version="[2.1.0,3.0.0)"
                         -> Export-Package: com.github.weisj.jsvg; bundle-symbolic-name="com.github.weisj.jsvg"; bundle-version="2.1.0"; version="2.1.0"; uses:="com.github.weisj.jsvg.renderer,com.github.weisj.jsvg.renderer.animation,com.github.weisj.jsvg.renderer.output,com.github.weisj.jsvg.view,javax.swing"
                            com.github.weisj.jsvg [21]
                              Unresolved requirement: Require-Capability: osgi.serviceloader; osgi.serviceloader="com.github.weisj.jsvg.logging.LogManager"; filter:="(osgi.serviceloader=com.github.weisj.jsvg.logging.LogManager)"
                                -> Provide-Capability: osgi.serviceloader; osgi.serviceloader="com.github.weisj.jsvg.logging.LogManager"; register:="org.eclipse.swt.svg.logging.JVSGLoggerLogManager"
                              Unresolved requirement: Require-Capability: osgi.extender; filter:="(&(osgi.extender=osgi.serviceloader.processor)(version>=1.0.0)(!(version>=2.0.0)))"
                                -> Provide-Capability: osgi.extender; osgi.extender="osgi.serviceloader.processor"; version:Version="1.0.0"; uses:="org.apache.aries.spifly"
                                   org.apache.aries.spifly.dynamic.bundle [97]
                                     Bundle was not resolved because of a uses constraint violation.
  org.apache.felix.resolver.reason.ReasonException: Uses constraint violation. Unable to resolve resource org.apache.aries.spifly.dynamic.bundle [osgi.identity; type="osgi.bundle"; version:Version="1.3.7"; osgi.identity="org.apache.aries.spifly.dynamic.bundle"] because it is exposed to package 'org.objectweb.asm' from resources org.objectweb.asm [osgi.identity; type="osgi.bundle"; version:Version="9.9.1"; osgi.identity="org.objectweb.asm"] and org.objectweb.asm [osgi.identity; type="osgi.bundle"; version:Version="9.10.1"; osgi.identity="org.objectweb.asm"] via two dependency chains.

Chain 1:
  org.apache.aries.spifly.dynamic.bundle [osgi.identity; type="osgi.bundle"; version:Version="1.3.7"; osgi.identity="org.apache.aries.spifly.dynamic.bundle"]
    import: (&(osgi.wiring.package=org.objectweb.asm)(&(version>=9.6.0)(!(version>=10.0.0))))
     |
    export: osgi.wiring.package: org.objectweb.asm
  org.objectweb.asm [osgi.identity; type="osgi.bundle"; version:Version="9.9.1"; osgi.identity="org.objectweb.asm"]

Chain 2:
  org.apache.aries.spifly.dynamic.bundle [osgi.identity; type="osgi.bundle"; version:Version="1.3.7"; osgi.identity="org.apache.aries.spifly.dynamic.bundle"]
    import: (&(osgi.wiring.package=org.objectweb.asm.util)(&(version>=9.6.0)(!(version>=10.0.0))))
     |
    export: osgi.wiring.package=org.objectweb.asm.util; uses:=org.objectweb.asm
  org.objectweb.asm.util [osgi.identity; type="osgi.bundle"; version:Version="9.10.1"; osgi.identity="org.objectweb.asm.util"]
    import: (&(osgi.wiring.package=org.objectweb.asm)(&(version>=9.10.1)(!(version>=9.11.0))))
     |
    export: osgi.wiring.package: org.objectweb.asm
  org.objectweb.asm [osgi.identity; type="osgi.bundle"; version:Version="9.10.1"; osgi.identity="org.objectweb.asm"]                       Unresolved requirement: Import-Package: com.github.weisj.jsvg.logging; version="[2.1.0,3.0.0)"
                         -> Export-Package: com.github.weisj.jsvg.logging; bundle-symbolic-name="com.github.weisj.jsvg"; bundle-version="2.1.0"; version="2.1.0"
                       Unresolved requirement: Import-Package: com.github.weisj.jsvg.parser; version="[2.1.0,3.0.0)"
                         -> Export-Package: com.github.weisj.jsvg.parser; bundle-symbolic-name="com.github.weisj.jsvg"; bundle-version="2.1.0"; version="2.1.0"; uses:="com.github.weisj.jsvg,com.github.weisj.jsvg.paint,com.github.weisj.jsvg.parser.css,com.github.weisj.jsvg.parser.impl,com.github.weisj.jsvg.parser.resources,javax.xml.stream"
                       Unresolved requirement: Import-Package: com.github.weisj.jsvg.view; version="[2.1.0,3.0.0)"
                         -> Export-Package: com.github.weisj.jsvg.view; bundle-symbolic-name="com.github.weisj.jsvg"; bundle-version="2.1.0"; version="2.1.0"
         Unresolved requirement: Require-Bundle: org.eclipse.ui.workbench; bundle-version="[3.130.0,4.0.0)"; visibility:="reexport"
           -> Bundle-SymbolicName: org.eclipse.ui.workbench; bundle-version="3.138.0.v20260103-1852"; singleton:="true"
              org.eclipse.ui.workbench [889]
                Unresolved requirement: Import-Package: org.eclipse.e4.ui.internal.workbench.renderers.swt
                  -> Export-Package: org.eclipse.e4.ui.internal.workbench.renderers.swt; bundle-symbolic-name="org.eclipse.e4.ui.workbench.renderers.swt"; bundle-version="0.17.0.v20251218-1448"; version="0.0.0"; x-friends:="org.eclipse.ui.workbench"
                     org.eclipse.e4.ui.workbench.renderers.swt [344]
                       Unresolved requirement: Require-Bundle: org.eclipse.e4.ui.bindings; bundle-version="0.9.0"
                         -> Bundle-SymbolicName: org.eclipse.e4.ui.bindings; bundle-version="0.15.0.v20251216-1230"; singleton:="true"
                            org.eclipse.e4.ui.bindings [330]
                              Unresolved requirement: Import-Package: org.eclipse.jface.window
                                -> Export-Package: org.eclipse.jface.window; bundle-symbolic-name="org.eclipse.jface"; bundle-version="3.39.0.v20260103-1533"; version="0.0.0"
                              Unresolved requirement: Import-Package: org.eclipse.jface.bindings.keys
                                -> Export-Package: org.eclipse.jface.bindings.keys; bundle-symbolic-name="org.eclipse.jface"; bundle-version="3.39.0.v20260103-1533"; version="0.0.0"
                              Unresolved requirement: Import-Package: org.eclipse.jface.bindings
                                -> Export-Package: org.eclipse.jface.bindings; bundle-symbolic-name="org.eclipse.jface"; bundle-version="3.39.0.v20260103-1533"; version="0.0.0"
                              Unresolved requirement: Import-Package: org.eclipse.jface.dialogs
                                -> Export-Package: org.eclipse.jface.dialogs; bundle-symbolic-name="org.eclipse.jface"; bundle-version="3.39.0.v20260103-1533"; version="0.0.0"
                       Unresolved requirement: Require-Bundle: org.eclipse.e4.ui.css.swt; bundle-version="0.11.0"
                         -> Bundle-SymbolicName: org.eclipse.e4.ui.css.swt; bundle-version="0.16.0.v20251216-1230"; singleton:="true"
                            org.eclipse.e4.ui.css.swt [332]
                              Unresolved requirement: Import-Package: org.eclipse.jface.resource
                                -> Export-Package: org.eclipse.jface.resource; bundle-symbolic-name="org.eclipse.jface"; bundle-version="3.39.0.v20260103-1533"; version="0.0.0"
                       Unresolved requirement: Require-Bundle: org.eclipse.e4.ui.workbench.swt; bundle-version="0.9.0"
                         -> Bundle-SymbolicName: org.eclipse.e4.ui.workbench.swt; bundle-version="0.18.0.v20251223-1034"; singleton:="true"
                            org.eclipse.e4.ui.workbench.swt [345]
                              Unresolved requirement: Require-Capability: eclipse.swt; filter:="(image.format=svg)"
                                -> Provide-Capability: eclipse.swt; image.format="svg"; version:Version="1.0.0"
                              Unresolved requirement: Require-Bundle: org.eclipse.e4.ui.css.swt; bundle-version="0.13.100"
                                -> Bundle-SymbolicName: org.eclipse.e4.ui.css.swt; bundle-version="0.16.0.v20251216-1230"; singleton:="true"
                              Unresolved requirement: Require-Bundle: org.eclipse.jface.databinding; bundle-version="[1.3.0,2.0.0)"
                                -> Bundle-SymbolicName: org.eclipse.jface.databinding; bundle-version="1.16.0.v20251216-1230"
                                   org.eclipse.jface.databinding [511]
                                     Unresolved requirement: Require-Bundle: org.eclipse.jface; bundle-version="[3.2.0,4.0.0)"
                                       -> Bundle-SymbolicName: org.eclipse.jface; bundle-version="3.39.0.v20260103-1533"; singleton:="true"
                              Unresolved requirement: Require-Bundle: org.eclipse.e4.ui.dialogs; bundle-version="1.1.600"
                                -> Bundle-SymbolicName: org.eclipse.e4.ui.dialogs; bundle-version="1.7.0.v20251222-0947"
                                   org.eclipse.e4.ui.dialogs [335]
                                     Unresolved requirement: Require-Capability: eclipse.swt; filter:="(image.format=svg)"
                                       -> Provide-Capability: eclipse.swt; image.format="svg"; version:Version="1.0.0"
                                     Unresolved requirement: Require-Bundle: org.eclipse.jface; bundle-version="3.39.0"
                                       -> Bundle-SymbolicName: org.eclipse.jface; bundle-version="3.39.0.v20260103-1533"; singleton:="true"
                              Unresolved requirement: Require-Bundle: org.eclipse.e4.ui.bindings; bundle-version="0.9.0"
                                -> Bundle-SymbolicName: org.eclipse.e4.ui.bindings; bundle-version="0.15.0.v20251216-1230"; singleton:="true"
                              Unresolved requirement: Require-Bundle: org.eclipse.jface; bundle-version="[3.39.0,4.0.0)"
                                -> Bundle-SymbolicName: org.eclipse.jface; bundle-version="3.39.0.v20260103-1533"; singleton:="true"
                              Unresolved requirement: Require-Bundle: org.eclipse.e4.ui.css.swt.theme; bundle-version="0.12.0"
                                -> Bundle-SymbolicName: org.eclipse.e4.ui.css.swt.theme; bundle-version="0.15.0.v20251216-1230"; singleton:="true"
                                   org.eclipse.e4.ui.css.swt.theme [333]
                                     Unresolved requirement: Require-Bundle: org.eclipse.e4.ui.css.swt; bundle-version="0.13.100"
                                       -> Bundle-SymbolicName: org.eclipse.e4.ui.css.swt; bundle-version="0.16.0.v20251216-1230"; singleton:="true"
                       Unresolved requirement: Require-Bundle: org.eclipse.jface; bundle-version="[3.15.0,4.0.0)"
                         -> Bundle-SymbolicName: org.eclipse.jface; bundle-version="3.39.0.v20260103-1533"; singleton:="true"
                       Unresolved requirement: Require-Capability: eclipse.swt; filter:="(image.format=svg)"
                         -> Provide-Capability: eclipse.swt; image.format="svg"; version:Version="1.0.0"
                Unresolved requirement: Import-Package: org.eclipse.e4.ui.workbench.renderers.swt
                  -> Export-Package: org.eclipse.e4.ui.workbench.renderers.swt; bundle-symbolic-name="org.eclipse.e4.ui.workbench.renderers.swt"; bundle-version="0.17.0.v20251218-1448"; version="0.0.0"; x-friends:="org.eclipse.e4.ui.workbench.addons.swt,org.eclipse.ui.workbench"
                Unresolved requirement: Import-Package: org.eclipse.e4.ui.internal.workbench.swt
                  -> Export-Package: org.eclipse.e4.ui.internal.workbench.swt; bundle-symbolic-name="org.eclipse.e4.ui.workbench.swt"; bundle-version="0.18.0.v20251223-1034"; version="0.0.0"; x-friends:="org.eclipse.e4.ui.workbench.addons.swt,  org.eclipse.e4.ui.workbench.renderers.swt,  org.eclipse.ui.workbench,  org.eclipse.e4.ui.bindings.tests"
         Unresolved requirement: Require-Capability: eclipse.swt; filter:="(image.format=svg)"
           -> Provide-Capability: eclipse.swt; image.format="svg"; version:Version="1.0.0"
  Unresolved requirement: Require-Bundle: org.eclipse.ui.ide; bundle-version="[3.21.0,4.0.0)"
    -> Bundle-SymbolicName: org.eclipse.ui.ide; bundle-version="3.23.0.v20260103-1639"; singleton:="true"
       org.eclipse.ui.ide [874]
         Unresolved requirement: Require-Bundle: org.eclipse.jface.text; bundle-version="[3.24.0,4.0.0)"
           -> Bundle-SymbolicName: org.eclipse.jface.text; bundle-version="3.30.0.v20251218-1237"
              org.eclipse.jface.text [513]
                Unresolved requirement: Require-Bundle: org.eclipse.jface; bundle-version="[3.39.0,4.0.0)"
                  -> Bundle-SymbolicName: org.eclipse.jface; bundle-version="3.39.0.v20260103-1533"; singleton:="true"
                Unresolved requirement: Require-Capability: eclipse.swt; filter:="(image.format=svg)"
                  -> Provide-Capability: eclipse.swt; image.format="svg"; version:Version="1.0.0"
         Unresolved requirement: Require-Bundle: org.eclipse.ui.navigator; bundle-version="3.12.0"
           -> Bundle-SymbolicName: org.eclipse.ui.navigator; bundle-version="3.14.0.v20260103-1533"; singleton:="true"
              org.eclipse.ui.navigator [880]
                Unresolved requirement: Require-Bundle: org.eclipse.ui; bundle-version="[3.208.0,4.0.0)"
                  -> Bundle-SymbolicName: org.eclipse.ui; bundle-version="3.208.0.v20251219-1043"; singleton:="true"
         Unresolved requirement: Require-Capability: eclipse.swt; filter:="(image.format=svg)"
           -> Provide-Capability: eclipse.swt; image.format="svg"; version:Version="1.0.0"
         Unresolved requirement: Require-Bundle: org.eclipse.ui; bundle-version="[3.208.0,4.0.0)"
           -> Bundle-SymbolicName: org.eclipse.ui; bundle-version="3.208.0.v20251219-1043"; singleton:="true"


!ENTRY org.eclipse.wst.ws 2 0 2026-07-30 21:22:02.796
!MESSAGE Could not resolve module: org.eclipse.wst.ws [977]
  Unresolved requirement: Require-Bundle: org.eclipse.wst.server.core; bundle-version="[1.0.102,2.0.0)"
    -> Bundle-SymbolicName: org.eclipse.wst.server.core; bundle-version="1.11.0.v202311141839"; singleton:="true"
       org.eclipse.wst.server.core [956]
         Unresolved requirement: Require-Bundle: org.eclipse.wst.server.discovery; bundle-version="[1.0.0,2.0.0)"
           -> Bundle-SymbolicName: org.eclipse.wst.server.discovery; bundle-version="1.3.600.v202405150145"; singleton:="true"
              org.eclipse.wst.server.discovery [957]
                Unresolved requirement: Require-Bundle: org.eclipse.ui; bundle-version="[3.5.0,4.0.0)"
                  -> Bundle-SymbolicName: org.eclipse.ui; bundle-version="3.208.0.v20251219-1043"; singleton:="true"
                     org.eclipse.ui [866]
                       Unresolved requirement: Require-Bundle: org.eclipse.jface; bundle-version="[3.34.0,4.0.0)"; visibility:="reexport"
                         -> Bundle-SymbolicName: org.eclipse.jface; bundle-version="3.39.0.v20260103-1533"; singleton:="true"
                            org.eclipse.jface [510]
                              Unresolved requirement: Require-Capability: eclipse.swt; filter:="(image.format=svg)"
                                -> Provide-Capability: eclipse.swt; image.format="svg"; version:Version="1.0.0"
                                   org.eclipse.swt.svg [842]
                                     Unresolved requirement: Fragment-Host: org.eclipse.swt
                                     Unresolved requirement: Fragment-Host: org.eclipse.swt
                                     Unresolved requirement: Fragment-Host: org.eclipse.swt
                                     Unresolved requirement: Fragment-Host: org.eclipse.swt
                                     Unresolved requirement: Fragment-Host: org.eclipse.swt
                                     Unresolved requirement: Import-Package: com.github.weisj.jsvg; version="[2.1.0,3.0.0)"
                                       -> Export-Package: com.github.weisj.jsvg; bundle-symbolic-name="com.github.weisj.jsvg"; bundle-version="2.1.0"; version="2.1.0"; uses:="com.github.weisj.jsvg.renderer,com.github.weisj.jsvg.renderer.animation,com.github.weisj.jsvg.renderer.output,com.github.weisj.jsvg.view,javax.swing"
                                          com.github.weisj.jsvg [21]
                                            Unresolved requirement: Require-Capability: osgi.serviceloader; osgi.serviceloader="com.github.weisj.jsvg.logging.LogManager"; filter:="(osgi.serviceloader=com.github.weisj.jsvg.logging.LogManager)"
                                              -> Provide-Capability: osgi.serviceloader; osgi.serviceloader="com.github.weisj.jsvg.logging.LogManager"; register:="org.eclipse.swt.svg.logging.JVSGLoggerLogManager"
                                            Unresolved requirement: Require-Capability: osgi.extender; filter:="(&(osgi.extender=osgi.serviceloader.processor)(version>=1.0.0)(!(version>=2.0.0)))"
                                              -> Provide-Capability: osgi.extender; osgi.extender="osgi.serviceloader.processor"; version:Version="1.0.0"; uses:="org.apache.aries.spifly"
                                                 org.apache.aries.spifly.dynamic.bundle [97]
                                                   Bundle was not resolved because of a uses constraint violation.
  org.apache.felix.resolver.reason.ReasonException: Uses constraint violation. Unable to resolve resource org.apache.aries.spifly.dynamic.bundle [osgi.identity; type="osgi.bundle"; version:Version="1.3.7"; osgi.identity="org.apache.aries.spifly.dynamic.bundle"] because it is exposed to package 'org.objectweb.asm' from resources org.objectweb.asm [osgi.identity; type="osgi.bundle"; version:Version="9.9.1"; osgi.identity="org.objectweb.asm"] and org.objectweb.asm [osgi.identity; type="osgi.bundle"; version:Version="9.10.1"; osgi.identity="org.objectweb.asm"] via two dependency chains.

Chain 1:
  org.apache.aries.spifly.dynamic.bundle [osgi.identity; type="osgi.bundle"; version:Version="1.3.7"; osgi.identity="org.apache.aries.spifly.dynamic.bundle"]
    import: (&(osgi.wiring.package=org.objectweb.asm)(&(version>=9.6.0)(!(version>=10.0.0))))
     |
    export: osgi.wiring.package: org.objectweb.asm
  org.objectweb.asm [osgi.identity; type="osgi.bundle"; version:Version="9.9.1"; osgi.identity="org.objectweb.asm"]

Chain 2:
  org.apache.aries.spifly.dynamic.bundle [osgi.identity; type="osgi.bundle"; version:Version="1.3.7"; osgi.identity="org.apache.aries.spifly.dynamic.bundle"]
    import: (&(osgi.wiring.package=org.objectweb.asm.util)(&(version>=9.6.0)(!(version>=10.0.0))))
     |
    export: osgi.wiring.package=org.objectweb.asm.util; uses:=org.objectweb.asm
  org.objectweb.asm.util [osgi.identity; type="osgi.bundle"; version:Version="9.10.1"; osgi.identity="org.objectweb.asm.util"]
    import: (&(osgi.wiring.package=org.objectweb.asm)(&(version>=9.10.1)(!(version>=9.11.0))))
     |
    export: osgi.wiring.package: org.objectweb.asm
  org.objectweb.asm [osgi.identity; type="osgi.bundle"; version:Version="9.10.1"; osgi.identity="org.objectweb.asm"]                                     Unresolved requirement: Import-Package: com.github.weisj.jsvg.logging; version="[2.1.0,3.0.0)"
                                       -> Export-Package: com.github.weisj.jsvg.logging; bundle-symbolic-name="com.github.weisj.jsvg"; bundle-version="2.1.0"; version="2.1.0"
                                     Unresolved requirement: Import-Package: com.github.weisj.jsvg.parser; version="[2.1.0,3.0.0)"
                                       -> Export-Package: com.github.weisj.jsvg.parser; bundle-symbolic-name="com.github.weisj.jsvg"; bundle-version="2.1.0"; version="2.1.0"; uses:="com.github.weisj.jsvg,com.github.weisj.jsvg.paint,com.github.weisj.jsvg.parser.css,com.github.weisj.jsvg.parser.impl,com.github.weisj.jsvg.parser.resources,javax.xml.stream"
                                     Unresolved requirement: Import-Package: com.github.weisj.jsvg.view; version="[2.1.0,3.0.0)"
                                       -> Export-Package: com.github.weisj.jsvg.view; bundle-symbolic-name="com.github.weisj.jsvg"; bundle-version="2.1.0"; version="2.1.0"
                       Unresolved requirement: Require-Bundle: org.eclipse.ui.workbench; bundle-version="[3.130.0,4.0.0)"; visibility:="reexport"
                         -> Bundle-SymbolicName: org.eclipse.ui.workbench; bundle-version="3.138.0.v20260103-1852"; singleton:="true"
                            org.eclipse.ui.workbench [889]
                              Unresolved requirement: Import-Package: org.eclipse.e4.ui.internal.workbench.renderers.swt
                                -> Export-Package: org.eclipse.e4.ui.internal.workbench.renderers.swt; bundle-symbolic-name="org.eclipse.e4.ui.workbench.renderers.swt"; bundle-version="0.17.0.v20251218-1448"; version="0.0.0"; x-friends:="org.eclipse.ui.workbench"
                                   org.eclipse.e4.ui.workbench.renderers.swt [344]
                                     Unresolved requirement: Require-Bundle: org.eclipse.e4.ui.bindings; bundle-version="0.9.0"
                                       -> Bundle-SymbolicName: org.eclipse.e4.ui.bindings; bundle-version="0.15.0.v20251216-1230"; singleton:="true"
                                          org.eclipse.e4.ui.bindings [330]
                                            Unresolved requirement: Import-Package: org.eclipse.jface.window
                                              -> Export-Package: org.eclipse.jface.window; bundle-symbolic-name="org.eclipse.jface"; bundle-version="3.39.0.v20260103-1533"; version="0.0.0"
                                            Unresolved requirement: Import-Package: org.eclipse.jface.bindings.keys
                                              -> Export-Package: org.eclipse.jface.bindings.keys; bundle-symbolic-name="org.eclipse.jface"; bundle-version="3.39.0.v20260103-1533"; version="0.0.0"
                                            Unresolved requirement: Import-Package: org.eclipse.jface.bindings
                                              -> Export-Package: org.eclipse.jface.bindings; bundle-symbolic-name="org.eclipse.jface"; bundle-version="3.39.0.v20260103-1533"; version="0.0.0"
                                            Unresolved requirement: Import-Package: org.eclipse.jface.dialogs
                                              -> Export-Package: org.eclipse.jface.dialogs; bundle-symbolic-name="org.eclipse.jface"; bundle-version="3.39.0.v20260103-1533"; version="0.0.0"
                                     Unresolved requirement: Require-Bundle: org.eclipse.e4.ui.css.swt; bundle-version="0.11.0"
                                       -> Bundle-SymbolicName: org.eclipse.e4.ui.css.swt; bundle-version="0.16.0.v20251216-1230"; singleton:="true"
                                          org.eclipse.e4.ui.css.swt [332]
                                            Unresolved requirement: Import-Package: org.eclipse.jface.resource
                                              -> Export-Package: org.eclipse.jface.resource; bundle-symbolic-name="org.eclipse.jface"; bundle-version="3.39.0.v20260103-1533"; version="0.0.0"
                                     Unresolved requirement: Require-Bundle: org.eclipse.e4.ui.workbench.swt; bundle-version="0.9.0"
                                       -> Bundle-SymbolicName: org.eclipse.e4.ui.workbench.swt; bundle-version="0.18.0.v20251223-1034"; singleton:="true"
                                          org.eclipse.e4.ui.workbench.swt [345]
                                            Unresolved requirement: Require-Capability: eclipse.swt; filter:="(image.format=svg)"
                                              -> Provide-Capability: eclipse.swt; image.format="svg"; version:Version="1.0.0"
                                            Unresolved requirement: Require-Bundle: org.eclipse.e4.ui.css.swt; bundle-version="0.13.100"
                                              -> Bundle-SymbolicName: org.eclipse.e4.ui.css.swt; bundle-version="0.16.0.v20251216-1230"; singleton:="true"
                                            Unresolved requirement: Require-Bundle: org.eclipse.jface.databinding; bundle-version="[1.3.0,2.0.0)"
                                              -> Bundle-SymbolicName: org.eclipse.jface.databinding; bundle-version="1.16.0.v20251216-1230"
                                                 org.eclipse.jface.databinding [511]
                                                   Unresolved requirement: Require-Bundle: org.eclipse.jface; bundle-version="[3.2.0,4.0.0)"
                                                     -> Bundle-SymbolicName: org.eclipse.jface; bundle-version="3.39.0.v20260103-1533"; singleton:="true"
                                            Unresolved requirement: Require-Bundle: org.eclipse.e4.ui.dialogs; bundle-version="1.1.600"
                                              -> Bundle-SymbolicName: org.eclipse.e4.ui.dialogs; bundle-version="1.7.0.v20251222-0947"
                                                 org.eclipse.e4.ui.dialogs [335]
                                                   Unresolved requirement: Require-Capability: eclipse.swt; filter:="(image.format=svg)"
                                                     -> Provide-Capability: eclipse.swt; image.format="svg"; version:Version="1.0.0"
                                                   Unresolved requirement: Require-Bundle: org.eclipse.jface; bundle-version="3.39.0"
                                                     -> Bundle-SymbolicName: org.eclipse.jface; bundle-version="3.39.0.v20260103-1533"; singleton:="true"
                                            Unresolved requirement: Require-Bundle: org.eclipse.e4.ui.bindings; bundle-version="0.9.0"
                                              -> Bundle-SymbolicName: org.eclipse.e4.ui.bindings; bundle-version="0.15.0.v20251216-1230"; singleton:="true"
                                            Unresolved requirement: Require-Bundle: org.eclipse.jface; bundle-version="[3.39.0,4.0.0)"
                                              -> Bundle-SymbolicName: org.eclipse.jface; bundle-version="3.39.0.v20260103-1533"; singleton:="true"
                                            Unresolved requirement: Require-Bundle: org.eclipse.e4.ui.css.swt.theme; bundle-version="0.12.0"
                                              -> Bundle-SymbolicName: org.eclipse.e4.ui.css.swt.theme; bundle-version="0.15.0.v20251216-1230"; singleton:="true"
                                                 org.eclipse.e4.ui.css.swt.theme [333]
                                                   Unresolved requirement: Require-Bundle: org.eclipse.e4.ui.css.swt; bundle-version="0.13.100"
                                                     -> Bundle-SymbolicName: org.eclipse.e4.ui.css.swt; bundle-version="0.16.0.v20251216-1230"; singleton:="true"
                                     Unresolved requirement: Require-Bundle: org.eclipse.jface; bundle-version="[3.15.0,4.0.0)"
                                       -> Bundle-SymbolicName: org.eclipse.jface; bundle-version="3.39.0.v20260103-1533"; singleton:="true"
                                     Unresolved requirement: Require-Capability: eclipse.swt; filter:="(image.format=svg)"
                                       -> Provide-Capability: eclipse.swt; image.format="svg"; version:Version="1.0.0"
                              Unresolved requirement: Import-Package: org.eclipse.e4.ui.workbench.renderers.swt
                                -> Export-Package: org.eclipse.e4.ui.workbench.renderers.swt; bundle-symbolic-name="org.eclipse.e4.ui.workbench.renderers.swt"; bundle-version="0.17.0.v20251218-1448"; version="0.0.0"; x-friends:="org.eclipse.e4.ui.workbench.addons.swt,org.eclipse.ui.workbench"
                              Unresolved requirement: Import-Package: org.eclipse.e4.ui.internal.workbench.swt
                                -> Export-Package: org.eclipse.e4.ui.internal.workbench.swt; bundle-symbolic-name="org.eclipse.e4.ui.workbench.swt"; bundle-version="0.18.0.v20251223-1034"; version="0.0.0"; x-friends:="org.eclipse.e4.ui.workbench.addons.swt,  org.eclipse.e4.ui.workbench.renderers.swt,  org.eclipse.ui.workbench,  org.eclipse.e4.ui.bindings.tests"
                       Unresolved requirement: Require-Capability: eclipse.swt; filter:="(image.format=svg)"
                         -> Provide-Capability: eclipse.swt; image.format="svg"; version:Version="1.0.0"
                Unresolved requirement: Require-Bundle: org.eclipse.equinox.p2.ui; bundle-version="[2.0.0,3.0.0)"
                  -> Bundle-SymbolicName: org.eclipse.equinox.p2.ui; bundle-version="2.8.1000.v20251111-1030"; singleton:="true"
                     org.eclipse.equinox.p2.ui [444]
                       Unresolved requirement: Import-Package: org.eclipse.e4.ui.progress
                         -> Export-Package: org.eclipse.e4.ui.progress; bundle-symbolic-name="org.eclipse.e4.ui.progress"; bundle-version="0.5.0.v20251217-1052"; version="0.0.0"
                            org.eclipse.e4.ui.progress [338]
                              Unresolved requirement: Require-Bundle: org.eclipse.jface; bundle-version="3.39.0"
                                -> Bundle-SymbolicName: org.eclipse.jface; bundle-version="3.39.0.v20260103-1533"; singleton:="true"
                              Unresolved requirement: Require-Bundle: org.eclipse.e4.ui.workbench.swt
                                -> Bundle-SymbolicName: org.eclipse.e4.ui.workbench.swt; bundle-version="0.18.0.v20251223-1034"; singleton:="true"
                              Unresolved requirement: Require-Capability: eclipse.swt; filter:="(image.format=svg)"
                                -> Provide-Capability: eclipse.swt; image.format="svg"; version:Version="1.0.0"


!ENTRY org.eclipse.egit.ui 2 0 2026-07-30 21:22:02.798
!MESSAGE Could not resolve module: org.eclipse.egit.ui [365]
  Unresolved requirement: Import-Package: org.eclipse.jgit.lib.internal; version="[7.6.0,7.7.0)"
    -> Export-Package: org.eclipse.jgit.lib.internal; bundle-symbolic-name="org.eclipse.jgit"; bundle-version="7.6.0.202601071437-m1"; version="7.6.0"; x-friends:="org.eclipse.jgit.test,  org.eclipse.jgit.pgm,  org.eclipse.egit.ui"
       org.eclipse.jgit [514]
         Unresolved requirement: Import-Package: org.slf4j; version="[1.7.0,3.0.0)"
           -> Export-Package: org.slf4j; bundle-symbolic-name="slf4j.api"; bundle-version="2.0.18"; version="1.7.36"
              slf4j.api [1093]
                Unresolved requirement: Require-Capability: osgi.serviceloader; osgi.serviceloader="org.slf4j.spi.SLF4JServiceProvider"; filter:="(osgi.serviceloader=org.slf4j.spi.SLF4JServiceProvider)"
                  -> Provide-Capability: osgi.serviceloader; osgi.serviceloader="org.slf4j.spi.SLF4JServiceProvider"; register:="ch.qos.logback.classic.spi.LogbackServiceProvider"
                     ch.qos.logback.classic [14]
                       Unresolved requirement: Import-Package: org.slf4j; version="[2.0.0,3.0.0)"
                         -> Export-Package: org.slf4j; bundle-symbolic-name="slf4j.api"; bundle-version="2.0.18"; version="2.0.18"; uses:="org.slf4j.event,org.slf4j.helpers,org.slf4j.spi"
                       Unresolved requirement: Import-Package: org.slf4j.event; version="[2.0.0,3.0.0)"
                         -> Export-Package: org.slf4j.event; bundle-symbolic-name="slf4j.api"; bundle-version="2.0.18"; version="2.0.18"; uses:="org.slf4j,org.slf4j.helpers"
                       Unresolved requirement: Import-Package: org.slf4j.spi; version="[2.0.0,3.0.0)"
                         -> Export-Package: org.slf4j.spi; bundle-symbolic-name="slf4j.api"; bundle-version="2.0.18"; version="2.0.18"; uses:="org.slf4j,org.slf4j.event,org.slf4j.helpers"
                       Unresolved requirement: Require-Capability: osgi.extender; filter:="(&(osgi.extender=osgi.serviceloader.registrar)(version>=1.0.0)(!(version>=2.0.0)))"
                         -> Provide-Capability: osgi.extender; osgi.extender="osgi.serviceloader.registrar"; version:Version="1.0.0"
                            org.apache.aries.spifly.dynamic.bundle [97]
                              Bundle was not resolved because of a uses constraint violation.
  org.apache.felix.resolver.reason.ReasonException: Uses constraint violation. Unable to resolve resource org.apache.aries.spifly.dynamic.bundle [osgi.identity; type="osgi.bundle"; version:Version="1.3.7"; osgi.identity="org.apache.aries.spifly.dynamic.bundle"] because it is exposed to package 'org.objectweb.asm' from resources org.objectweb.asm [osgi.identity; type="osgi.bundle"; version:Version="9.9.1"; osgi.identity="org.objectweb.asm"] and org.objectweb.asm [osgi.identity; type="osgi.bundle"; version:Version="9.10.1"; osgi.identity="org.objectweb.asm"] via two dependency chains.

Chain 1:
  org.apache.aries.spifly.dynamic.bundle [osgi.identity; type="osgi.bundle"; version:Version="1.3.7"; osgi.identity="org.apache.aries.spifly.dynamic.bundle"]
    import: (&(osgi.wiring.package=org.objectweb.asm)(&(version>=9.6.0)(!(version>=10.0.0))))
     |
    export: osgi.wiring.package: org.objectweb.asm
  org.objectweb.asm [osgi.identity; type="osgi.bundle"; version:Version="9.9.1"; osgi.identity="org.objectweb.asm"]

Chain 2:
  org.apache.aries.spifly.dynamic.bundle [osgi.identity; type="osgi.bundle"; version:Version="1.3.7"; osgi.identity="org.apache.aries.spifly.dynamic.bundle"]
    import: (&(osgi.wiring.package=org.objectweb.asm.util)(&(version>=9.6.0)(!(version>=10.0.0))))
     |
    export: osgi.wiring.package=org.objectweb.asm.util; uses:=org.objectweb.asm
  org.objectweb.asm.util [osgi.identity; type="osgi.bundle"; version:Version="9.10.1"; osgi.identity="org.objectweb.asm.util"]
    import: (&(osgi.wiring.package=org.objectweb.asm)(&(version>=9.10.1)(!(version>=9.11.0))))
     |
    export: osgi.wiring.package: org.objectweb.asm
  org.objectweb.asm [osgi.identity; type="osgi.bundle"; version:Version="9.10.1"; osgi.identity="org.objectweb.asm"]                       Unresolved requirement: Import-Package: org.slf4j.helpers; version="[2.0.0,3.0.0)"
                         -> Export-Package: org.slf4j.helpers; bundle-symbolic-name="slf4j.api"; bundle-version="2.0.18"; version="2.0.18"; uses:="org.slf4j,org.slf4j.event,org.slf4j.spi"
                       Bundle was not resolved because of a uses constraint violation.
  org.apache.felix.resolver.reason.ReasonException: Uses constraint violation. Unable to resolve resource org.apache.aries.spifly.dynamic.bundle [osgi.identity; type="osgi.bundle"; version:Version="1.3.7"; osgi.identity="org.apache.aries.spifly.dynamic.bundle"] because it is exposed to package 'org.objectweb.asm' from resources org.objectweb.asm [osgi.identity; type="osgi.bundle"; version:Version="9.9.1"; osgi.identity="org.objectweb.asm"] and org.objectweb.asm [osgi.identity; type="osgi.bundle"; version:Version="9.10.1"; osgi.identity="org.objectweb.asm"] via two dependency chains.

Chain 1:
  org.apache.aries.spifly.dynamic.bundle [osgi.identity; type="osgi.bundle"; version:Version="1.3.7"; osgi.identity="org.apache.aries.spifly.dynamic.bundle"]
    import: (&(osgi.wiring.package=org.objectweb.asm)(&(version>=9.6.0)(!(version>=10.0.0))))
     |
    export: osgi.wiring.package: org.objectweb.asm
  org.objectweb.asm [osgi.identity; type="osgi.bundle"; version:Version="9.9.1"; osgi.identity="org.objectweb.asm"]

Chain 2:
  org.apache.aries.spifly.dynamic.bundle [osgi.identity; type="osgi.bundle"; version:Version="1.3.7"; osgi.identity="org.apache.aries.spifly.dynamic.bundle"]
    import: (&(osgi.wiring.package=org.objectweb.asm.util)(&(version>=9.6.0)(!(version>=10.0.0))))
     |
    export: osgi.wiring.package=org.objectweb.asm.util; uses:=org.objectweb.asm
  org.objectweb.asm.util [osgi.identity; type="osgi.bundle"; version:Version="9.10.1"; osgi.identity="org.objectweb.asm.util"]
    import: (&(osgi.wiring.package=org.objectweb.asm)(&(version>=9.10.1)(!(version>=9.11.0))))
     |
    export: osgi.wiring.package: org.objectweb.asm
  org.objectweb.asm [osgi.identity; type="osgi.bundle"; version:Version="9.10.1"; osgi.identity="org.objectweb.asm"]                Unresolved requirement: Require-Capability: osgi.extender; filter:="(&(osgi.extender=osgi.serviceloader.processor)(version>=1.0.0)(!(version>=2.0.0)))"
                  -> Provide-Capability: osgi.extender; osgi.extender="osgi.serviceloader.processor"; version:Version="1.0.0"; uses:="org.apache.aries.spifly"
  Unresolved requirement: Import-Package: org.eclipse.jgit.errors; version="[7.6.0,7.7.0)"
    -> Export-Package: org.eclipse.jgit.errors; bundle-symbolic-name="org.eclipse.jgit"; bundle-version="7.6.0.202601071437-m1"; version="7.6.0"; uses:="org.eclipse.jgit.transport,  org.eclipse.jgit.dircache,  org.eclipse.jgit.lib"
  Unresolved requirement: Import-Package: org.eclipse.jgit.transport; version="[7.6.0,7.7.0)"
    -> Export-Package: org.eclipse.jgit.transport; bundle-symbolic-name="org.eclipse.jgit"; bundle-version="7.6.0.202601071437-m1"; version="7.6.0"; uses:="javax.crypto,  org.eclipse.jgit.hooks,  org.eclipse.jgit.util.io,  org.eclipse.jgit.lib,  org.eclipse.jgit.transport.http,  org.eclipse.jgit.revwalk,  org.eclipse.jgit.treewalk,  org.eclipse.jgit.util,  org.eclipse.jgit.internal.storage.pack,  org.eclipse.jgit.transport.resolver,  org.eclipse.jgit.storage.pack,  org.eclipse.jgit.errors"
  Unresolved requirement: Import-Package: org.eclipse.egit.core.internal.rebase; version="[7.6.0,7.7.0)"
    -> Export-Package: org.eclipse.egit.core.internal.rebase; bundle-symbolic-name="org.eclipse.egit.core"; bundle-version="7.6.0.202603022253-r"; version="7.6.0"; x-friends:="org.eclipse.egit.ui"
       org.eclipse.egit.core [360]
         Unresolved requirement: Import-Package: org.eclipse.jgit.dircache; version="[7.6.0,7.7.0)"
           -> Export-Package: org.eclipse.jgit.dircache; bundle-symbolic-name="org.eclipse.jgit"; bundle-version="7.6.0.202601071437-m1"; version="7.6.0"; uses:="org.eclipse.jgit.events,  org.eclipse.jgit.lib,  org.eclipse.jgit.attributes,  org.eclipse.jgit.treewalk,  org.eclipse.jgit.util"
         Unresolved requirement: Import-Package: org.eclipse.jgit.merge; version="[7.6.0,7.7.0)"
           -> Export-Package: org.eclipse.jgit.merge; bundle-symbolic-name="org.eclipse.jgit"; bundle-version="7.6.0.202601071437-m1"; version="7.6.0"; uses:="org.eclipse.jgit.dircache,  org.eclipse.jgit.lib,  org.eclipse.jgit.revwalk,  org.eclipse.jgit.diff,  org.eclipse.jgit.treewalk,  org.eclipse.jgit.util,  org.eclipse.jgit.api,  org.eclipse.jgit.attributes"
         Unresolved requirement: Import-Package: org.eclipse.jgit.transport.sshd.agent; version="[7.6.0,7.7.0)"
           -> Export-Package: org.eclipse.jgit.transport.sshd.agent; bundle-symbolic-name="org.eclipse.jgit.ssh.apache"; bundle-version="7.6.0.202603022253-r"; version="7.6.0"
              org.eclipse.jgit.ssh.apache [518]
                Unresolved requirement: Import-Package: org.apache.sshd.common.helpers; version="[2.17.1,2.18.0)"
                  -> Export-Package: org.apache.sshd.common.helpers; bundle-symbolic-name="org.apache.sshd.osgi"; bundle-version="2.17.1"; version="2.17.1"; uses:="org.apache.sshd.agent,org.apache.sshd.common,org.apache.sshd.common.channel,org.apache.sshd.common.channel.throttle,org.apache.sshd.common.file,org.apache.sshd.common.forward,org.apache.sshd.common.io,org.apache.sshd.common.kex,org.apache.sshd.common.random,org.apache.sshd.common.session,org.apache.sshd.common.session.helpers,org.apache.sshd.server.forward"
                     org.apache.sshd.osgi [134]
                       Unresolved requirement: Import-Package: org.slf4j.helpers; version="[1.7.0,3.0.0)"
                         -> Export-Package: org.slf4j.helpers; bundle-symbolic-name="slf4j.api"; bundle-version="2.0.18"; version="2.0.18"; uses:="org.slf4j,org.slf4j.event,org.slf4j.spi"
                       Unresolved requirement: Import-Package: org.slf4j.event; version="[1.7.0,3.0.0)"
                         -> Export-Package: org.slf4j.event; bundle-symbolic-name="slf4j.api"; bundle-version="2.0.18"; version="2.0.18"; uses:="org.slf4j,org.slf4j.helpers"
                       Unresolved requirement: Import-Package: org.slf4j; version="[1.7.0,3.0.0)"
                         -> Export-Package: org.slf4j; bundle-symbolic-name="slf4j.api"; bundle-version="2.0.18"; version="1.7.36"
                Unresolved requirement: Import-Package: org.slf4j; version="[1.7.0,3.0.0)"
                  -> Export-Package: org.slf4j; bundle-symbolic-name="slf4j.api"; bundle-version="2.0.18"; version="1.7.36"
                Unresolved requirement: Import-Package: org.apache.sshd.client.config.keys; version="[2.17.1,2.18.0)"
                  -> Export-Package: org.apache.sshd.client.config.keys; bundle-symbolic-name="org.apache.sshd.osgi"; bundle-version="2.17.1"; version="2.17.1"; uses:="org.apache.sshd.common,org.apache.sshd.common.config.keys,org.apache.sshd.common.keyprovider,org.apache.sshd.common.session,org.apache.sshd.common.util.io"
                Unresolved requirement: Import-Package: org.apache.sshd.client.keyverifier; version="[2.17.1,2.18.0)"
                  -> Export-Package: org.apache.sshd.client.keyverifier; bundle-symbolic-name="org.apache.sshd.osgi"; bundle-version="2.17.1"; version="2.17.1"; uses:="org.apache.sshd.client.config.hosts,org.apache.sshd.client.session,org.apache.sshd.common,org.apache.sshd.common.config.keys,org.apache.sshd.common.mac,org.apache.sshd.common.util.io,org.apache.sshd.common.util.logging,org.apache.sshd.common.util.net"
                Unresolved requirement: Import-Package: org.apache.sshd.common.forward; version="[2.17.1,2.18.0)"
                  -> Export-Package: org.apache.sshd.common.forward; bundle-symbolic-name="org.apache.sshd.osgi"; bundle-version="2.17.1"; version="2.17.1"; uses:="org.apache.sshd.client.channel,org.apache.sshd.client.future,org.apache.sshd.common,org.apache.sshd.common.channel,org.apache.sshd.common.io,org.apache.sshd.common.session,org.apache.sshd.common.util,org.apache.sshd.common.util.buffer,org.apache.sshd.common.util.closeable,org.apache.sshd.common.util.io.functors,org.apache.sshd.common.util.logging,org.apache.sshd.common.util.net"
                Unresolved requirement: Import-Package: org.apache.sshd.common.compression; version="[2.17.1,2.18.0)"
                  -> Export-Package: org.apache.sshd.common.compression; bundle-symbolic-name="org.apache.sshd.osgi"; bundle-version="2.17.1"; version="2.17.1"; uses:="org.apache.sshd.common,org.apache.sshd.common.config,org.apache.sshd.common.util.buffer"
                Unresolved requirement: Import-Package: org.apache.sshd.common.config.keys; version="[2.17.1,2.18.0)"
                  -> Export-Package: org.apache.sshd.common.config.keys; bundle-symbolic-name="org.apache.sshd.osgi"; bundle-version="2.17.1"; version="2.17.1"; uses:="org.apache.sshd.common,org.apache.sshd.common.config.keys.u2f,org.apache.sshd.common.digest,org.apache.sshd.common.keyprovider,org.apache.sshd.common.session,org.apache.sshd.common.util.io.output,org.apache.sshd.common.util.io.resource"
                Unresolved requirement: Import-Package: org.apache.sshd.common.util.security; version="[2.17.1,2.18.0)"
                  -> Export-Package: org.apache.sshd.common.util.security; bundle-symbolic-name="org.apache.sshd.osgi"; bundle-version="2.17.1"; version="2.17.1"; uses:="javax.crypto,org.apache.sshd.common,org.apache.sshd.common.config.keys,org.apache.sshd.common.config.keys.loader,org.apache.sshd.common.random,org.apache.sshd.common.session,org.apache.sshd.common.signature,org.apache.sshd.common.util.buffer,org.apache.sshd.common.util.logging,org.apache.sshd.common.util.security.eddsa.generic,org.apache.sshd.server.keyprovider"
                Unresolved requirement: Import-Package: org.apache.sshd.common.config.keys.u2f; version="[2.17.1,2.18.0)"
                  -> Export-Package: org.apache.sshd.common.config.keys.u2f; bundle-symbolic-name="org.apache.sshd.osgi"; bundle-version="2.17.1"; version="2.17.1"; uses:="org.apache.sshd.common.config.keys"
                Unresolved requirement: Import-Package: org.apache.sshd.sftp; version="[2.17.1,2.18.0)"
                  -> Export-Package: org.apache.sshd.sftp; bundle-symbolic-name="org.apache.sshd.sftp"; bundle-version="2.17.1"; version="2.17.1"; uses:="org.apache.sshd.common"
                     org.apache.sshd.sftp [135]
                       Unresolved requirement: Import-Package: org.apache.sshd.common.file.util; version="[2.17.1,2.18.0)"
                         -> Export-Package: org.apache.sshd.common.file.util; bundle-symbolic-name="org.apache.sshd.osgi"; bundle-version="2.17.1"; version="2.17.1"; uses:="org.slf4j"
                       Unresolved requirement: Import-Package: org.apache.sshd.client; version="[2.17.1,2.18.0)"
                         -> Export-Package: org.apache.sshd.client; bundle-symbolic-name="org.apache.sshd.osgi"; bundle-version="2.17.1"; version="2.17.1"; uses:="org.apache.sshd.client.auth,org.apache.sshd.client.auth.hostbased,org.apache.sshd.client.auth.keyboard,org.apache.sshd.client.auth.password,org.apache.sshd.client.auth.pubkey,org.apache.sshd.client.config.hosts,org.apache.sshd.client.config.keys,org.apache.sshd.client.future,org.apache.sshd.client.keyverifier,org.apache.sshd.client.session,org.apache.sshd.client.simple,org.apache.sshd.common,org.apache.sshd.common.auth,org.apache.sshd.common.channel,org.apache.sshd.common.compression,org.apache.sshd.common.config.keys,org.apache.sshd.common.future,org.apache.sshd.common.helpers,org.apache.sshd.common.io,org.apache.sshd.common.kex,org.apache.sshd.common.kex.extension,org.apache.sshd.common.keyprovider,org.apache.sshd.common.session,org.apache.sshd.common.signature"
                       Unresolved requirement: Import-Package: org.apache.sshd.common.session; version="[2.17.1,2.18.0)"
                         -> Export-Package: org.apache.sshd.common.session; bundle-symbolic-name="org.apache.sshd.osgi"; bundle-version="2.17.1"; version="2.17.1"; uses:="org.apache.sshd.agent.common,org.apache.sshd.common,org.apache.sshd.common.auth,org.apache.sshd.common.channel,org.apache.sshd.common.channel.throttle,org.apache.sshd.common.cipher,org.apache.sshd.common.compression,org.apache.sshd.common.forward,org.apache.sshd.common.future,org.apache.sshd.common.io,org.apache.sshd.common.kex,org.apache.sshd.common.mac,org.apache.sshd.common.session.helpers,org.apache.sshd.common.util,org.apache.sshd.common.util.buffer,org.apache.sshd.common.util.logging,org.apache.sshd.common.util.net,org.apache.sshd.server.x11"
                       Unresolved requirement: Import-Package: org.apache.sshd.common.util.threads; version="[2.17.1,2.18.0)"
                         -> Export-Package: org.apache.sshd.common.util.threads; bundle-symbolic-name="org.apache.sshd.osgi"; bundle-version="2.17.1"; version="2.17.1"; uses:="org.apache.sshd.common,org.apache.sshd.common.future,org.apache.sshd.common.util.closeable,org.apache.sshd.common.util.io.functors,org.apache.sshd.common.util.logging"
                       Unresolved requirement: Import-Package: org.apache.sshd.server.command; version="[2.17.1,2.18.0)"
                         -> Export-Package: org.apache.sshd.server.command; bundle-symbolic-name="org.apache.sshd.osgi"; bundle-version="2.17.1"; version="2.17.1"; uses:="org.apache.sshd.common.file,org.apache.sshd.common.io,org.apache.sshd.common.session,org.apache.sshd.common.util.logging,org.apache.sshd.common.util.threads,org.apache.sshd.server,org.apache.sshd.server.channel,org.apache.sshd.server.session"
                       Unresolved requirement: Import-Package: org.apache.sshd.common.file; version="[2.17.1,2.18.0)"
                         -> Export-Package: org.apache.sshd.common.file; bundle-symbolic-name="org.apache.sshd.osgi"; bundle-version="2.17.1"; version="2.17.1"; uses:="org.apache.sshd.common.session"
                       Unresolved requirement: Import-Package: org.apache.sshd.server; version="[2.17.1,2.18.0)"
                         -> Export-Package: org.apache.sshd.server; bundle-symbolic-name="org.apache.sshd.osgi"; bundle-version="2.17.1"; version="2.17.1"; uses:="org.apache.sshd.common,org.apache.sshd.common.auth,org.apache.sshd.common.channel,org.apache.sshd.common.cipher,org.apache.sshd.common.compression,org.apache.sshd.common.helpers,org.apache.sshd.common.io,org.apache.sshd.common.kex,org.apache.sshd.common.kex.extension,org.apache.sshd.common.keyprovider,org.apache.sshd.common.session,org.apache.sshd.common.session.helpers,org.apache.sshd.common.signature,org.apache.sshd.common.util,org.apache.sshd.common.util.logging,org.apache.sshd.server.auth,org.apache.sshd.server.auth.gss,org.apache.sshd.server.auth.hostbased,org.apache.sshd.server.auth.keyboard,org.apache.sshd.server.auth.password,org.apache.sshd.server.auth.pubkey,org.apache.sshd.server.command,org.apache.sshd.server.session,org.apache.sshd.server.shell,org.apache.sshd.server.subsystem"
                       Unresolved requirement: Import-Package: org.apache.sshd.common.util.io; version="[2.17.1,2.18.0)"
                         -> Export-Package: org.apache.sshd.common.util.io; bundle-symbolic-name="org.apache.sshd.osgi"; bundle-version="2.17.1"; version="2.17.1"; uses:="org.apache.sshd.common.util.functors,org.apache.sshd.common.util.io.resource,org.apache.sshd.common.util.logging"
                       Unresolved requirement: Import-Package: org.slf4j; version="[1.7.0,3.0.0)"
                         -> Export-Package: org.slf4j; bundle-symbolic-name="slf4j.api"; bundle-version="2.0.18"; version="1.7.36"
                       Unresolved requirement: Import-Package: org.apache.sshd.server.channel; version="[2.17.1,2.18.0)"
                         -> Export-Package: org.apache.sshd.server.channel; bundle-symbolic-name="org.apache.sshd.osgi"; bundle-version="2.17.1"; version="2.17.1"; uses:="org.apache.sshd.client.future,org.apache.sshd.common,org.apache.sshd.common.channel,org.apache.sshd.common.future,org.apache.sshd.common.io,org.apache.sshd.common.session,org.apache.sshd.common.util.buffer,org.apache.sshd.common.util.closeable,org.apache.sshd.common.util.logging,org.apache.sshd.common.util.threads,org.apache.sshd.server,org.apache.sshd.server.command,org.apache.sshd.server.session"
                       Unresolved requirement: Import-Package: org.apache.sshd.client.simple; version="[2.17.1,2.18.0)"
                         -> Export-Package: org.apache.sshd.client.simple; bundle-symbolic-name="org.apache.sshd.osgi"; bundle-version="2.17.1"; version="2.17.1"; uses:="org.apache.sshd.client.future,org.apache.sshd.client.session,org.apache.sshd.common.util.logging"
                       Unresolved requirement: Import-Package: org.apache.sshd.server.config; version="[2.17.1,2.18.0)"
                         -> Export-Package: org.apache.sshd.server.config; bundle-symbolic-name="org.apache.sshd.osgi"; bundle-version="2.17.1"; version="2.17.1"; uses:="org.apache.sshd.common,org.apache.sshd.server,org.apache.sshd.server.forward"
                       Unresolved requirement: Import-Package: org.apache.sshd.common.util.buffer; version="[2.17.1,2.18.0)"
                         -> Export-Package: org.apache.sshd.common.util.buffer; bundle-symbolic-name="org.apache.sshd.osgi"; bundle-version="2.17.1"; version="2.17.1"; uses:="org.apache.sshd.common,org.apache.sshd.common.config.keys,org.apache.sshd.common.util,org.apache.sshd.common.util.buffer.keys,org.apache.sshd.common.util.logging"
                       Unresolved requirement: Import-Package: org.apache.sshd.common.util.io.functors; version="[2.17.1,2.18.0)"
                         -> Export-Package: org.apache.sshd.common.util.io.functors; bundle-symbolic-name="org.apache.sshd.osgi"; bundle-version="2.17.1"; version="2.17.1"
                       Unresolved requirement: Import-Package: org.apache.sshd.server.subsystem; version="[2.17.1,2.18.0)"
                         -> Export-Package: org.apache.sshd.server.subsystem; bundle-symbolic-name="org.apache.sshd.osgi"; bundle-version="2.17.1"; version="2.17.1"; uses:="org.apache.sshd.common,org.apache.sshd.server.channel,org.apache.sshd.server.command"
                       Unresolved requirement: Import-Package: org.apache.sshd.common.random; version="[2.17.1,2.18.0)"
                         -> Export-Package: org.apache.sshd.common.random; bundle-symbolic-name="org.apache.sshd.osgi"; bundle-version="2.17.1"; version="2.17.1"; uses:="org.apache.sshd.common"
                       Unresolved requirement: Import-Package: org.apache.sshd.common.util.functors; version="[2.17.1,2.18.0)"
                         -> Export-Package: org.apache.sshd.common.util.functors; bundle-symbolic-name="org.apache.sshd.osgi"; bundle-version="2.17.1"; version="2.17.1"
                       Unresolved requirement: Import-Package: org.apache.sshd.common.io; version="[2.17.1,2.18.0)"
                         -> Export-Package: org.apache.sshd.common.io; bundle-symbolic-name="org.apache.sshd.osgi"; bundle-version="2.17.1"; version="2.17.1"; uses:="org.apache.sshd.common,org.apache.sshd.common.future,org.apache.sshd.common.util,org.apache.sshd.common.util.buffer,org.apache.sshd.common.util.closeable,org.apache.sshd.common.util.logging,org.apache.sshd.common.util.net,org.apache.sshd.common.util.threads"
                       Unresolved requirement: Import-Package: org.apache.sshd.common.channel; version="[2.17.1,2.18.0)"
                         -> Export-Package: org.apache.sshd.common.channel; bundle-symbolic-name="org.apache.sshd.osgi"; bundle-version="2.17.1"; version="2.17.1"; uses:="org.apache.sshd.client.future,org.apache.sshd.common,org.apache.sshd.common.channel.exception,org.apache.sshd.common.channel.throttle,org.apache.sshd.common.future,org.apache.sshd.common.io,org.apache.sshd.common.session,org.apache.sshd.common.util,org.apache.sshd.common.util.buffer,org.apache.sshd.common.util.closeable,org.apache.sshd.common.util.io.functors,org.apache.sshd.common.util.logging,org.apache.sshd.common.util.threads,org.slf4j"
                       Unresolved requirement: Import-Package: org.apache.sshd.common.util.io.output; version="[2.17.1,2.18.0)"
                         -> Export-Package: org.apache.sshd.common.util.io.output; bundle-symbolic-name="org.apache.sshd.osgi"; bundle-version="2.17.1"; version="2.17.1"; uses:="org.apache.sshd.common,org.apache.sshd.common.util.io,org.slf4j"
                       Unresolved requirement: Import-Package: org.apache.sshd.common.future; version="[2.17.1,2.18.0)"
                         -> Export-Package: org.apache.sshd.common.future; bundle-symbolic-name="org.apache.sshd.osgi"; bundle-version="2.17.1"; version="2.17.1"; uses:="org.apache.sshd.common.io,org.apache.sshd.common.util,org.apache.sshd.common.util.buffer,org.apache.sshd.common.util.logging"
                       Unresolved requirement: Import-Package: org.apache.sshd.common.util.logging; version="[2.17.1,2.18.0)"
                         -> Export-Package: org.apache.sshd.common.util.logging; bundle-symbolic-name="org.apache.sshd.osgi"; bundle-version="2.17.1"; version="2.17.1"; uses:="org.slf4j,org.slf4j.event,org.slf4j.helpers"
                       Unresolved requirement: Import-Package: org.apache.sshd.common.digest; version="[2.17.1,2.18.0)"
                         -> Export-Package: org.apache.sshd.common.digest; bundle-symbolic-name="org.apache.sshd.osgi"; bundle-version="2.17.1"; version="2.17.1"; uses:="org.apache.sshd.common"
                       Unresolved requirement: Import-Package: org.apache.sshd.client.channel; version="[2.17.1,2.18.0)"
                         -> Export-Package: org.apache.sshd.client.channel; bundle-symbolic-name="org.apache.sshd.osgi"; bundle-version="2.17.1"; version="2.17.1"; uses:="org.apache.sshd.client.future,org.apache.sshd.client.session,org.apache.sshd.common,org.apache.sshd.common.channel,org.apache.sshd.common.io,org.apache.sshd.common.session,org.apache.sshd.common.util,org.apache.sshd.common.util.buffer,org.apache.sshd.common.util.net,org.apache.sshd.common.util.threads"
                       Unresolved requirement: Import-Package: org.apache.sshd.common.util.closeable; version="[2.17.1,2.18.0)"
                         -> Export-Package: org.apache.sshd.common.util.closeable; bundle-symbolic-name="org.apache.sshd.osgi"; bundle-version="2.17.1"; version="2.17.1"; uses:="org.apache.sshd.common,org.apache.sshd.common.future,org.apache.sshd.common.util,org.apache.sshd.common.util.logging"
                       Unresolved requirement: Import-Package: org.apache.sshd.common.session.helpers; version="[2.17.1,2.18.0)"
                         -> Export-Package: org.apache.sshd.common.session.helpers; bundle-symbolic-name="org.apache.sshd.osgi"; bundle-version="2.17.1"; version="2.17.1"; uses:="org.apache.sshd.agent.common,org.apache.sshd.common,org.apache.sshd.common.channel,org.apache.sshd.common.channel.throttle,org.apache.sshd.common.cipher,org.apache.sshd.common.compression,org.apache.sshd.common.digest,org.apache.sshd.common.forward,org.apache.sshd.common.future,org.apache.sshd.common.io,org.apache.sshd.common.kex,org.apache.sshd.common.mac,org.apache.sshd.common.random,org.apache.sshd.common.session,org.apache.sshd.common.util,org.apache.sshd.common.util.buffer,org.apache.sshd.common.util.closeable,org.apache.sshd.common.util.io.functors,org.apache.sshd.common.util.logging,org.apache.sshd.common.util.net,org.apache.sshd.server.x11,org.slf4j"
                       Unresolved requirement: Import-Package: org.apache.sshd.client.future; version="[2.17.1,2.18.0)"
                         -> Export-Package: org.apache.sshd.client.future; bundle-symbolic-name="org.apache.sshd.osgi"; bundle-version="2.17.1"; version="2.17.1"; uses:="org.apache.sshd.client.session,org.apache.sshd.common.future,org.apache.sshd.common.session"
                       Unresolved requirement: Import-Package: org.apache.sshd.common.util.io.input; version="[2.17.1,2.18.0)"
                         -> Export-Package: org.apache.sshd.common.util.io.input; bundle-symbolic-name="org.apache.sshd.osgi"; bundle-version="2.17.1"; version="2.17.1"
                       Unresolved requirement: Import-Package: org.apache.sshd.client.subsystem; version="[2.17.1,2.18.0)"
                         -> Export-Package: org.apache.sshd.client.subsystem; bundle-symbolic-name="org.apache.sshd.osgi"; bundle-version="2.17.1"; version="2.17.1"; uses:="org.apache.sshd.client.channel,org.apache.sshd.client.session,org.apache.sshd.common,org.apache.sshd.common.session,org.apache.sshd.common.util.logging"
                       Unresolved requirement: Import-Package: org.apache.sshd.common.config; version="[2.17.1,2.18.0)"
                         -> Export-Package: org.apache.sshd.common.config; bundle-symbolic-name="org.apache.sshd.osgi"; bundle-version="2.17.1"; version="2.17.1"; uses:="org.apache.sshd.common,org.apache.sshd.common.cipher,org.apache.sshd.common.compression,org.apache.sshd.common.helpers,org.apache.sshd.common.kex,org.apache.sshd.common.mac,org.apache.sshd.common.signature"
                       Unresolved requirement: Import-Package: org.apache.sshd.common.util; version="[2.17.1,2.18.0)"
                         -> Export-Package: org.apache.sshd.common.util; bundle-symbolic-name="org.apache.sshd.osgi"; bundle-version="2.17.1"; version="2.17.1"; uses:="org.apache.sshd.common.util.functors"
                       Unresolved requirement: Import-Package: org.apache.sshd.core; version="[2.17.1,2.18.0)"
                         -> Export-Package: org.apache.sshd.core; bundle-symbolic-name="org.apache.sshd.osgi"; bundle-version="2.17.1"; version="2.17.1"; uses:="org.apache.sshd.common,org.apache.sshd.server.auth"
                       Unresolved requirement: Import-Package: org.apache.sshd.common; version="[2.17.1,2.18.0)"
                         -> Export-Package: org.apache.sshd.common; bundle-symbolic-name="org.apache.sshd.osgi"; bundle-version="2.17.1"; version="2.17.1"; uses:="org.apache.sshd.agent,org.apache.sshd.common.channel,org.apache.sshd.common.channel.throttle,org.apache.sshd.common.cipher,org.apache.sshd.common.compression,org.apache.sshd.common.file,org.apache.sshd.common.forward,org.apache.sshd.common.future,org.apache.sshd.common.helpers,org.apache.sshd.common.io,org.apache.sshd.common.kex,org.apache.sshd.common.kex.extension,org.apache.sshd.common.mac,org.apache.sshd.common.random,org.apache.sshd.common.session,org.apache.sshd.common.signature,org.apache.sshd.common.util,org.apache.sshd.common.util.buffer,org.apache.sshd.server.forward"
                       Unresolved requirement: Import-Package: org.apache.sshd.common.auth; version="[2.17.1,2.18.0)"
                         -> Export-Package: org.apache.sshd.common.auth; bundle-symbolic-name="org.apache.sshd.osgi"; bundle-version="2.17.1"; version="2.17.1"; uses:="org.apache.sshd.common,org.apache.sshd.common.session,org.apache.sshd.common.util.logging"
                       Unresolved requirement: Import-Package: org.apache.sshd.client.session; version="[2.17.1,2.18.0)"
                         -> Export-Package: org.apache.sshd.client.session; bundle-symbolic-name="org.apache.sshd.osgi"; bundle-version="2.17.1"; version="2.17.1"; uses:="org.apache.sshd.agent.common,org.apache.sshd.client,org.apache.sshd.client.auth,org.apache.sshd.client.auth.hostbased,org.apache.sshd.client.auth.keyboard,org.apache.sshd.client.auth.password,org.apache.sshd.client.auth.pubkey,org.apache.sshd.client.channel,org.apache.sshd.client.config.hosts,org.apache.sshd.client.future,org.apache.sshd.client.keyverifier,org.apache.sshd.client.session.forward,org.apache.sshd.common,org.apache.sshd.common.auth,org.apache.sshd.common.channel,org.apache.sshd.common.forward,org.apache.sshd.common.future,org.apache.sshd.common.io,org.apache.sshd.common.kex,org.apache.sshd.common.keyprovider,org.apache.sshd.common.session,org.apache.sshd.common.session.helpers,org.apache.sshd.common.util.buffer,org.apache.sshd.common.util.closeable,org.apache.sshd.common.util.net,org.apache.sshd.server.x11"
                       Unresolved requirement: Import-Package: org.apache.sshd.server.session; version="[2.17.1,2.18.0)"
                         -> Export-Package: org.apache.sshd.server.session; bundle-symbolic-name="org.apache.sshd.osgi"; bundle-version="2.17.1"; version="2.17.1"; uses:="org.apache.sshd.common,org.apache.sshd.common.auth,org.apache.sshd.common.io,org.apache.sshd.common.kex,org.apache.sshd.common.keyprovider,org.apache.sshd.common.session,org.apache.sshd.common.session.helpers,org.apache.sshd.common.util.buffer,org.apache.sshd.common.util.closeable,org.apache.sshd.server,org.apache.sshd.server.auth,org.apache.sshd.server.auth.gss,org.apache.sshd.server.auth.hostbased,org.apache.sshd.server.auth.keyboard,org.apache.sshd.server.auth.password,org.apache.sshd.server.auth.pubkey"
                Unresolved requirement: Import-Package: org.apache.sshd.sftp.client; version="[2.17.1,2.18.0)"
                  -> Export-Package: org.apache.sshd.sftp.client; bundle-symbolic-name="org.apache.sshd.sftp"; bundle-version="2.17.1"; version="2.17.1"; uses:="org.apache.sshd.client.session,org.apache.sshd.client.subsystem,org.apache.sshd.common,org.apache.sshd.common.io,org.apache.sshd.common.util.buffer,org.apache.sshd.sftp.client.extensions,org.apache.sshd.sftp.client.fs"
                Unresolved requirement: Import-Package: org.eclipse.jgit.api.errors; version="[7.6.0,7.7.0)"
                  -> Export-Package: org.eclipse.jgit.api.errors; bundle-symbolic-name="org.eclipse.jgit"; bundle-version="7.6.0.202601071437-m1"; version="7.6.0"; uses:="org.eclipse.jgit.lib,  org.eclipse.jgit.errors"
                Unresolved requirement: Import-Package: org.apache.sshd.client.auth.pubkey; version="[2.17.1,2.18.0)"
                  -> Export-Package: org.apache.sshd.client.auth.pubkey; bundle-symbolic-name="org.apache.sshd.osgi"; bundle-version="2.17.1"; version="2.17.1"; uses:="org.apache.sshd.agent,org.apache.sshd.client.auth,org.apache.sshd.client.session,org.apache.sshd.common,org.apache.sshd.common.auth,org.apache.sshd.common.session,org.apache.sshd.common.signature,org.apache.sshd.common.util.buffer"
                Unresolved requirement: Import-Package: org.apache.sshd.common.mac; version="[2.17.1,2.18.0)"
                  -> Export-Package: org.apache.sshd.common.mac; bundle-symbolic-name="org.apache.sshd.osgi"; bundle-version="2.17.1"; version="2.17.1"; uses:="org.apache.sshd.common,org.apache.sshd.common.config"
                Unresolved requirement: Import-Package: org.apache.sshd.common.util.closeable; version="[2.17.1,2.18.0)"
                  -> Export-Package: org.apache.sshd.common.util.closeable; bundle-symbolic-name="org.apache.sshd.osgi"; bundle-version="2.17.1"; version="2.17.1"; uses:="org.apache.sshd.common,org.apache.sshd.common.future,org.apache.sshd.common.util,org.apache.sshd.common.util.logging"
                Unresolved requirement: Import-Package: org.apache.sshd.common.channel; version="[2.17.1,2.18.0)"
                  -> Export-Package: org.apache.sshd.common.channel; bundle-symbolic-name="org.apache.sshd.osgi"; bundle-version="2.17.1"; version="2.17.1"; uses:="org.apache.sshd.client.future,org.apache.sshd.common,org.apache.sshd.common.channel.exception,org.apache.sshd.common.channel.throttle,org.apache.sshd.common.future,org.apache.sshd.common.io,org.apache.sshd.common.session,org.apache.sshd.common.util,org.apache.sshd.common.util.buffer,org.apache.sshd.common.util.closeable,org.apache.sshd.common.util.io.functors,org.apache.sshd.common.util.logging,org.apache.sshd.common.util.threads,org.slf4j"
                Unresolved requirement: Import-Package: org.apache.sshd.common.session; version="[2.17.1,2.18.0)"
                  -> Export-Package: org.apache.sshd.common.session; bundle-symbolic-name="org.apache.sshd.osgi"; bundle-version="2.17.1"; version="2.17.1"; uses:="org.apache.sshd.agent.common,org.apache.sshd.common,org.apache.sshd.common.auth,org.apache.sshd.common.channel,org.apache.sshd.common.channel.throttle,org.apache.sshd.common.cipher,org.apache.sshd.common.compression,org.apache.sshd.common.forward,org.apache.sshd.common.future,org.apache.sshd.common.io,org.apache.sshd.common.kex,org.apache.sshd.common.mac,org.apache.sshd.common.session.helpers,org.apache.sshd.common.util,org.apache.sshd.common.util.buffer,org.apache.sshd.common.util.logging,org.apache.sshd.common.util.net,org.apache.sshd.server.x11"
                Unresolved requirement: Import-Package: org.apache.sshd.client.future; version="[2.17.1,2.18.0)"
                  -> Export-Package: org.apache.sshd.client.future; bundle-symbolic-name="org.apache.sshd.osgi"; bundle-version="2.17.1"; version="2.17.1"; uses:="org.apache.sshd.client.session,org.apache.sshd.common.future,org.apache.sshd.common.session"
                Unresolved requirement: Import-Package: org.apache.sshd.client.session; version="[2.17.1,2.18.0)"
                  -> Export-Package: org.apache.sshd.client.session; bundle-symbolic-name="org.apache.sshd.osgi"; bundle-version="2.17.1"; version="2.17.1"; uses:="org.apache.sshd.agent.common,org.apache.sshd.client,org.apache.sshd.client.auth,org.apache.sshd.client.auth.hostbased,org.apache.sshd.client.auth.keyboard,org.apache.sshd.client.auth.password,org.apache.sshd.client.auth.pubkey,org.apache.sshd.client.channel,org.apache.sshd.client.config.hosts,org.apache.sshd.client.future,org.apache.sshd.client.keyverifier,org.apache.sshd.client.session.forward,org.apache.sshd.common,org.apache.sshd.common.auth,org.apache.sshd.common.channel,org.apache.sshd.common.forward,org.apache.sshd.common.future,org.apache.sshd.common.io,org.apache.sshd.common.kex,org.apache.sshd.common.keyprovider,org.apache.sshd.common.session,org.apache.sshd.common.session.helpers,org.apache.sshd.common.util.buffer,org.apache.sshd.common.util.closeable,org.apache.sshd.common.util.net,org.apache.sshd.server.x11"
                Unresolved requirement: Import-Package: org.eclipse.jgit.internal.storage.file; version="[7.6.0,7.7.0)"
                  -> Export-Package: org.eclipse.jgit.internal.storage.file; bundle-symbolic-name="org.eclipse.jgit"; bundle-version="7.6.0.202601071437-m1"; version="7.6.0"; x-friends:="org.eclipse.jgit.test,  org.eclipse.jgit.junit,  org.eclipse.jgit.junit.http,  org.eclipse.jgit.http.server,  org.eclipse.jgit.lfs,  org.eclipse.jgit.lfs.test,  org.eclipse.jgit.pgm,  org.eclipse.jgit.pgm.test,  org.eclipse.jgit.ssh.apache,  org.eclipse.jgit.ssh.apache.test,  org.eclipse.jgit.ssh.jsch.test"
                Unresolved requirement: Import-Package: org.apache.sshd.common.random; version="[2.17.1,2.18.0)"
                  -> Export-Package: org.apache.sshd.common.random; bundle-symbolic-name="org.apache.sshd.osgi"; bundle-version="2.17.1"; version="2.17.1"; uses:="org.apache.sshd.common"
                Unresolved requirement: Import-Package: org.apache.sshd.client.session.forward; version="[2.17.1,2.18.0)"
                  -> Export-Package: org.apache.sshd.client.session.forward; bundle-symbolic-name="org.apache.sshd.osgi"; bundle-version="2.17.1"; version="2.17.1"; uses:="org.apache.sshd.client.session,org.apache.sshd.common.session,org.apache.sshd.common.util.net"
                Unresolved requirement: Import-Package: org.apache.sshd.common; version="[2.17.1,2.18.0)"
                  -> Export-Package: org.apache.sshd.common; bundle-symbolic-name="org.apache.sshd.osgi"; bundle-version="2.17.1"; version="2.17.1"; uses:="org.apache.sshd.agent,org.apache.sshd.common.channel,org.apache.sshd.common.channel.throttle,org.apache.sshd.common.cipher,org.apache.sshd.common.compression,org.apache.sshd.common.file,org.apache.sshd.common.forward,org.apache.sshd.common.future,org.apache.sshd.common.helpers,org.apache.sshd.common.io,org.apache.sshd.common.kex,org.apache.sshd.common.kex.extension,org.apache.sshd.common.mac,org.apache.sshd.common.random,org.apache.sshd.common.session,org.apache.sshd.common.signature,org.apache.sshd.common.util,org.apache.sshd.common.util.buffer,org.apache.sshd.server.forward"
                Unresolved requirement: Import-Package: org.eclipse.jgit.lib; version="[7.6.0,7.7.0)"
                  -> Export-Package: org.eclipse.jgit.lib; bundle-symbolic-name="org.eclipse.jgit"; bundle-version="7.6.0.202601071437-m1"; version="7.6.0"; uses:="org.eclipse.jgit.transport,  org.eclipse.jgit.util.sha1,  org.eclipse.jgit.dircache,  org.eclipse.jgit.revwalk,  org.eclipse.jgit.internal.storage.file,  org.eclipse.jgit.api,  org.eclipse.jgit.attributes,  org.eclipse.jgit.events,  com.googlecode.javaewah,  org.eclipse.jgit.treewalk.filter,  org.eclipse.jgit.treewalk,  org.eclipse.jgit.util,  org.eclipse.jgit.submodule,  org.eclipse.jgit.util.time"
                Unresolved requirement: Import-Package: org.apache.sshd.core; version="[2.17.1,2.18.0)"
                  -> Export-Package: org.apache.sshd.core; bundle-symbolic-name="org.apache.sshd.osgi"; bundle-version="2.17.1"; version="2.17.1"; uses:="org.apache.sshd.common,org.apache.sshd.server.auth"
                Unresolved requirement: Import-Package: org.apache.sshd.client.config.hosts; version="[2.17.1,2.18.0)"
                  -> Export-Package: org.apache.sshd.client.config.hosts; bundle-symbolic-name="org.apache.sshd.osgi"; bundle-version="2.17.1"; version="2.17.1"; uses:="org.apache.sshd.common,org.apache.sshd.common.auth,org.apache.sshd.common.config.keys,org.apache.sshd.common.mac,org.apache.sshd.common.util.io"
                Unresolved requirement: Import-Package: org.apache.sshd.common.keyprovider; version="[2.17.1,2.18.0)"
                  -> Export-Package: org.apache.sshd.common.keyprovider; bundle-symbolic-name="org.apache.sshd.osgi"; bundle-version="2.17.1"; version="2.17.1"; uses:="org.apache.sshd.common,org.apache.sshd.common.config.keys,org.apache.sshd.common.session,org.apache.sshd.common.util.io.resource,org.apache.sshd.common.util.logging"
                Unresolved requirement: Import-Package: org.apache.sshd.common.util.io.resource; version="[2.17.1,2.18.0)"
                  -> Export-Package: org.apache.sshd.common.util.io.resource; bundle-symbolic-name="org.apache.sshd.osgi"; bundle-version="2.17.1"; version="2.17.1"; uses:="org.apache.sshd.common"
                Unresolved requirement: Import-Package: org.apache.sshd.sftp.common; version="[2.17.1,2.18.0)"
                  -> Export-Package: org.apache.sshd.sftp.common; bundle-symbolic-name="org.apache.sshd.sftp"; bundle-version="2.17.1"; version="2.17.1"; uses:="org.apache.sshd.common,org.apache.sshd.common.util.buffer,org.apache.sshd.sftp.client"
                Unresolved requirement: Import-Package: org.apache.sshd.common.kex.extension; version="[2.17.1,2.18.0)"
                  -> Export-Package: org.apache.sshd.common.kex.extension; bundle-symbolic-name="org.apache.sshd.osgi"; bundle-version="2.17.1"; version="2.17.1"; uses:="org.apache.sshd.common,org.apache.sshd.common.kex,org.apache.sshd.common.session,org.apache.sshd.common.util.buffer,org.apache.sshd.common.util.logging"
                Unresolved requirement: Import-Package: org.apache.sshd.common.util.buffer.keys; version="[2.17.1,2.18.0)"
                  -> Export-Package: org.apache.sshd.common.util.buffer.keys; bundle-symbolic-name="org.apache.sshd.osgi"; bundle-version="2.17.1"; version="2.17.1"; uses:="org.apache.sshd.common.config.keys,org.apache.sshd.common.config.keys.u2f,org.apache.sshd.common.util.buffer"
                Unresolved requirement: Import-Package: org.eclipse.jgit.fnmatch; version="[7.6.0,7.7.0)"
                  -> Export-Package: org.eclipse.jgit.fnmatch; bundle-symbolic-name="org.eclipse.jgit"; bundle-version="7.6.0.202601071437-m1"; version="7.6.0"
                Unresolved requirement: Import-Package: org.apache.sshd.common.util.io.der; version="[2.17.1,2.18.0)"
                  -> Export-Package: org.apache.sshd.common.util.io.der; bundle-symbolic-name="org.apache.sshd.osgi"; bundle-version="2.17.1"; version="2.17.1"
                Unresolved requirement: Import-Package: org.apache.sshd.common.util.buffer; version="[2.17.1,2.18.0)"
                  -> Export-Package: org.apache.sshd.common.util.buffer; bundle-symbolic-name="org.apache.sshd.osgi"; bundle-version="2.17.1"; version="2.17.1"; uses:="org.apache.sshd.common,org.apache.sshd.common.config.keys,org.apache.sshd.common.util,org.apache.sshd.common.util.buffer.keys,org.apache.sshd.common.util.logging"
                Unresolved requirement: Import-Package: org.apache.sshd.common.config.keys.loader; version="[2.17.1,2.18.0)"
                  -> Export-Package: org.apache.sshd.common.config.keys.loader; bundle-symbolic-name="org.apache.sshd.osgi"; bundle-version="2.17.1"; version="2.17.1"; uses:="org.apache.sshd.common,org.apache.sshd.common.auth,org.apache.sshd.common.cipher,org.apache.sshd.common.config.keys,org.apache.sshd.common.session,org.apache.sshd.common.util.io,org.apache.sshd.common.util.io.resource,org.apache.sshd.common.util.logging"
                Unresolved requirement: Import-Package: org.apache.sshd.common.kex; version="[2.17.1,2.18.0)"
                  -> Export-Package: org.apache.sshd.common.kex; bundle-symbolic-name="org.apache.sshd.osgi"; bundle-version="2.17.1"; version="2.17.1"; uses:="javax.crypto,org.apache.sshd.common,org.apache.sshd.common.cipher,org.apache.sshd.common.compression,org.apache.sshd.common.config,org.apache.sshd.common.digest,org.apache.sshd.common.kex.extension,org.apache.sshd.common.keyprovider,org.apache.sshd.common.mac,org.apache.sshd.common.session,org.apache.sshd.common.signature,org.apache.sshd.common.util.buffer,org.apache.sshd.common.util.closeable"
                Unresolved requirement: Import-Package: org.apache.sshd.common.util.net; version="[2.17.1,2.18.0)"
                  -> Export-Package: org.apache.sshd.common.util.net; bundle-symbolic-name="org.apache.sshd.osgi"; bundle-version="2.17.1"; version="2.17.1"; uses:="org.apache.sshd.common.util.logging"
                Unresolved requirement: Import-Package: org.apache.sshd.common.util; version="[2.17.1,2.18.0)"
                  -> Export-Package: org.apache.sshd.common.util; bundle-symbolic-name="org.apache.sshd.osgi"; bundle-version="2.17.1"; version="2.17.1"; uses:="org.apache.sshd.common.util.functors"
                Unresolved requirement: Import-Package: org.eclipse.jgit.internal.transport.ssh; version="[7.6.0,7.7.0)"
                  -> Export-Package: org.eclipse.jgit.internal.transport.ssh; bundle-symbolic-name="org.eclipse.jgit"; bundle-version="7.6.0.202601071437-m1"; version="7.6.0"; x-friends:="org.eclipse.jgit.ssh.apache,  org.eclipse.jgit.ssh.jsch,  org.eclipse.jgit.test"
                Unresolved requirement: Import-Package: org.eclipse.jgit.errors; version="[7.6.0,7.7.0)"
                  -> Export-Package: org.eclipse.jgit.errors; bundle-symbolic-name="org.eclipse.jgit"; bundle-version="7.6.0.202601071437-m1"; version="7.6.0"; uses:="org.eclipse.jgit.transport,  org.eclipse.jgit.dircache,  org.eclipse.jgit.lib"
                Unresolved requirement: Import-Package: org.apache.sshd.server.auth; version="[2.17.1,2.18.0)"
                  -> Export-Package: org.apache.sshd.server.auth; bundle-symbolic-name="org.apache.sshd.osgi"; bundle-version="2.17.1"; version="2.17.1"; uses:="org.apache.sshd.common,org.apache.sshd.common.auth,org.apache.sshd.common.config,org.apache.sshd.common.session,org.apache.sshd.common.util.buffer,org.apache.sshd.common.util.logging,org.apache.sshd.server.session"
                Unresolved requirement: Import-Package: org.apache.sshd.common.digest; version="[2.17.1,2.18.0)"
                  -> Export-Package: org.apache.sshd.common.digest; bundle-symbolic-name="org.apache.sshd.osgi"; bundle-version="2.17.1"; version="2.17.1"; uses:="org.apache.sshd.common"
                Unresolved requirement: Import-Package: org.apache.sshd.common.util.io.functors; version="[2.17.1,2.18.0)"
                  -> Export-Package: org.apache.sshd.common.util.io.functors; bundle-symbolic-name="org.apache.sshd.osgi"; bundle-version="2.17.1"; version="2.17.1"
                Unresolved requirement: Import-Package: org.apache.sshd.common.config.keys.loader.openssh.kdf; version="[2.17.1,2.18.0)"
                  -> Export-Package: org.apache.sshd.common.config.keys.loader.openssh.kdf; bundle-symbolic-name="org.apache.sshd.osgi"; bundle-version="2.17.1"; version="2.17.1"; uses:="org.apache.sshd.common,org.apache.sshd.common.cipher,org.apache.sshd.common.config.keys.loader.openssh,org.apache.sshd.common.session"
                Unresolved requirement: Import-Package: org.apache.sshd.common.session.helpers; version="[2.17.1,2.18.0)"
                  -> Export-Package: org.apache.sshd.common.session.helpers; bundle-symbolic-name="org.apache.sshd.osgi"; bundle-version="2.17.1"; version="2.17.1"; uses:="org.apache.sshd.agent.common,org.apache.sshd.common,org.apache.sshd.common.channel,org.apache.sshd.common.channel.throttle,org.apache.sshd.common.cipher,org.apache.sshd.common.compression,org.apache.sshd.common.digest,org.apache.sshd.common.forward,org.apache.sshd.common.future,org.apache.sshd.common.io,org.apache.sshd.common.kex,org.apache.sshd.common.mac,org.apache.sshd.common.random,org.apache.sshd.common.session,org.apache.sshd.common.util,org.apache.sshd.common.util.buffer,org.apache.sshd.common.util.closeable,org.apache.sshd.common.util.io.functors,org.apache.sshd.common.util.logging,org.apache.sshd.common.util.net,org.apache.sshd.server.x11,org.slf4j"
                Unresolved requirement: Import-Package: org.eclipse.jgit.nls; version="[7.6.0,7.7.0)"
                  -> Export-Package: org.eclipse.jgit.nls; bundle-symbolic-name="org.eclipse.jgit"; bundle-version="7.6.0.202601071437-m1"; version="7.6.0"
                Unresolved requirement: Import-Package: org.apache.sshd.client.channel; version="[2.17.1,2.18.0)"
                  -> Export-Package: org.apache.sshd.client.channel; bundle-symbolic-name="org.apache.sshd.osgi"; bundle-version="2.17.1"; version="2.17.1"; uses:="org.apache.sshd.client.future,org.apache.sshd.client.session,org.apache.sshd.common,org.apache.sshd.common.channel,org.apache.sshd.common.io,org.apache.sshd.common.session,org.apache.sshd.common.util,org.apache.sshd.common.util.buffer,org.apache.sshd.common.util.net,org.apache.sshd.common.util.threads"
                Unresolved requirement: Import-Package: org.apache.sshd.common.util.io; version="[2.17.1,2.18.0)"
                  -> Export-Package: org.apache.sshd.common.util.io; bundle-symbolic-name="org.apache.sshd.osgi"; bundle-version="2.17.1"; version="2.17.1"; uses:="org.apache.sshd.common.util.functors,org.apache.sshd.common.util.io.resource,org.apache.sshd.common.util.logging"
                Unresolved requirement: Import-Package: org.apache.sshd.common.kex.extension.parser; version="[2.17.1,2.18.0)"
                  -> Export-Package: org.apache.sshd.common.kex.extension.parser; bundle-symbolic-name="org.apache.sshd.osgi"; bundle-version="2.17.1"; version="2.17.1"; uses:="org.apache.sshd.common.kex.extension,org.apache.sshd.common.util.buffer"
                Unresolved requirement: Import-Package: org.apache.sshd.common.auth; version="[2.17.1,2.18.0)"
                  -> Export-Package: org.apache.sshd.common.auth; bundle-symbolic-name="org.apache.sshd.osgi"; bundle-version="2.17.1"; version="2.17.1"; uses:="org.apache.sshd.common,org.apache.sshd.common.session,org.apache.sshd.common.util.logging"
                Unresolved requirement: Import-Package: org.apache.sshd.common.util.logging; version="[2.17.1,2.18.0)"
                  -> Export-Package: org.apache.sshd.common.util.logging; bundle-symbolic-name="org.apache.sshd.osgi"; bundle-version="2.17.1"; version="2.17.1"; uses:="org.slf4j,org.slf4j.event,org.slf4j.helpers"
                Unresolved requirement: Import-Package: org.apache.sshd.common.future; version="[2.17.1,2.18.0)"
                  -> Export-Package: org.apache.sshd.common.future; bundle-symbolic-name="org.apache.sshd.osgi"; bundle-version="2.17.1"; version="2.17.1"; uses:="org.apache.sshd.common.io,org.apache.sshd.common.util,org.apache.sshd.common.util.buffer,org.apache.sshd.common.util.logging"
                Unresolved requirement: Import-Package: org.apache.sshd.common.io; version="[2.17.1,2.18.0)"
                  -> Export-Package: org.apache.sshd.common.io; bundle-symbolic-name="org.apache.sshd.osgi"; bundle-version="2.17.1"; version="2.17.1"; uses:="org.apache.sshd.common,org.apache.sshd.common.future,org.apache.sshd.common.util,org.apache.sshd.common.util.buffer,org.apache.sshd.common.util.closeable,org.apache.sshd.common.util.logging,org.apache.sshd.common.util.net,org.apache.sshd.common.util.threads"
                Unresolved requirement: Import-Package: org.apache.sshd.client.auth.password; version="[2.17.1,2.18.0)"
                  -> Export-Package: org.apache.sshd.client.auth.password; bundle-symbolic-name="org.apache.sshd.osgi"; bundle-version="2.17.1"; version="2.17.1"; uses:="org.apache.sshd.client.auth,org.apache.sshd.client.session,org.apache.sshd.common.auth,org.apache.sshd.common.io,org.apache.sshd.common.session,org.apache.sshd.common.util.buffer"
                Unresolved requirement: Import-Package: org.apache.sshd.client; version="[2.17.1,2.18.0)"
                  -> Export-Package: org.apache.sshd.client; bundle-symbolic-name="org.apache.sshd.osgi"; bundle-version="2.17.1"; version="2.17.1"; uses:="org.apache.sshd.client.auth,org.apache.sshd.client.auth.hostbased,org.apache.sshd.client.auth.keyboard,org.apache.sshd.client.auth.password,org.apache.sshd.client.auth.pubkey,org.apache.sshd.client.config.hosts,org.apache.sshd.client.config.keys,org.apache.sshd.client.future,org.apache.sshd.client.keyverifier,org.apache.sshd.client.session,org.apache.sshd.client.simple,org.apache.sshd.common,org.apache.sshd.common.auth,org.apache.sshd.common.channel,org.apache.sshd.common.compression,org.apache.sshd.common.config.keys,org.apache.sshd.common.future,org.apache.sshd.common.helpers,org.apache.sshd.common.io,org.apache.sshd.common.kex,org.apache.sshd.common.kex.extension,org.apache.sshd.common.keyprovider,org.apache.sshd.common.session,org.apache.sshd.common.signature"
                Unresolved requirement: Import-Package: org.apache.sshd.client.auth.keyboard; version="[2.17.1,2.18.0)"
                  -> Export-Package: org.apache.sshd.client.auth.keyboard; bundle-symbolic-name="org.apache.sshd.osgi"; bundle-version="2.17.1"; version="2.17.1"; uses:="org.apache.sshd.client.auth,org.apache.sshd.client.session,org.apache.sshd.common.auth,org.apache.sshd.common.session,org.apache.sshd.common.util.buffer"
                Unresolved requirement: Import-Package: org.apache.sshd.agent; version="[2.17.1,2.18.0)"
                  -> Export-Package: org.apache.sshd.agent; bundle-symbolic-name="org.apache.sshd.osgi"; bundle-version="2.17.1"; version="2.17.1"; uses:="org.apache.sshd.common,org.apache.sshd.common.channel,org.apache.sshd.common.session,org.apache.sshd.common.util.buffer"
                Unresolved requirement: Import-Package: org.apache.sshd.common.cipher; version="[2.17.1,2.18.0)"
                  -> Export-Package: org.apache.sshd.common.cipher; bundle-symbolic-name="org.apache.sshd.osgi"; bundle-version="2.17.1"; version="2.17.1"; uses:="javax.crypto,javax.crypto.spec,org.apache.sshd.common,org.apache.sshd.common.config,org.apache.sshd.common.digest,org.apache.sshd.common.keyprovider,org.apache.sshd.common.mac"
                Unresolved requirement: Import-Package: org.apache.sshd.common.signature; version="[2.17.1,2.18.0)"
                  -> Export-Package: org.apache.sshd.common.signature; bundle-symbolic-name="org.apache.sshd.osgi"; bundle-version="2.17.1"; version="2.17.1"; uses:="org.apache.sshd.common,org.apache.sshd.common.config,org.apache.sshd.common.session"
                Unresolved requirement: Import-Package: org.eclipse.jgit.annotations; version="[7.6.0,7.7.0)"
                  -> Export-Package: org.eclipse.jgit.annotations; bundle-symbolic-name="org.eclipse.jgit"; bundle-version="7.6.0.202601071437-m1"; version="7.6.0"
                Unresolved requirement: Import-Package: org.eclipse.jgit.transport; version="[7.6.0,7.7.0)"
                  -> Export-Package: org.eclipse.jgit.transport; bundle-symbolic-name="org.eclipse.jgit"; bundle-version="7.6.0.202601071437-m1"; version="7.6.0"; uses:="javax.crypto,  org.eclipse.jgit.hooks,  org.eclipse.jgit.util.io,  org.eclipse.jgit.lib,  org.eclipse.jgit.transport.http,  org.eclipse.jgit.revwalk,  org.eclipse.jgit.treewalk,  org.eclipse.jgit.util,  org.eclipse.jgit.internal.storage.pack,  org.eclipse.jgit.transport.resolver,  org.eclipse.jgit.storage.pack,  org.eclipse.jgit.errors"
                Unresolved requirement: Import-Package: org.apache.sshd.client.auth; version="[2.17.1,2.18.0)"
                  -> Export-Package: org.apache.sshd.client.auth; bundle-symbolic-name="org.apache.sshd.osgi"; bundle-version="2.17.1"; version="2.17.1"; uses:="org.apache.sshd.client.auth.password,org.apache.sshd.client.session,org.apache.sshd.common,org.apache.sshd.common.auth,org.apache.sshd.common.config,org.apache.sshd.common.keyprovider,org.apache.sshd.common.session,org.apache.sshd.common.util.buffer,org.apache.sshd.common.util.logging"
                Unresolved requirement: Import-Package: org.eclipse.jgit.util; version="[7.6.0,7.7.0)"
                  -> Export-Package: org.eclipse.jgit.util; bundle-symbolic-name="org.eclipse.jgit"; bundle-version="7.6.0.202601071437-m1"; version="7.6.0"; uses:="org.eclipse.jgit.transport,  org.eclipse.jgit.hooks,  org.eclipse.jgit.revwalk,  org.eclipse.jgit.storage.file,  org.ietf.jgss,  org.eclipse.jgit.attributes,  javax.management,  org.eclipse.jgit.lib,  org.eclipse.jgit.transport.http,  org.eclipse.jgit.treewalk,  javax.net.ssl,  org.eclipse.jgit.util.time"
         Unresolved requirement: Import-Package: org.eclipse.jgit.events; version="[7.6.0,7.7.0)"
           -> Export-Package: org.eclipse.jgit.events; bundle-symbolic-name="org.eclipse.jgit"; bundle-version="7.6.0.202601071437-m1"; version="7.6.0"; uses:="org.eclipse.jgit.lib"
         Unresolved requirement: Import-Package: org.eclipse.jgit.signing.ssh; version="[7.6.0,7.7.0)"
           -> Export-Package: org.eclipse.jgit.signing.ssh; bundle-symbolic-name="org.eclipse.jgit.ssh.apache"; bundle-version="7.6.0.202603022253-r"; version="7.6.0"; uses:="org.eclipse.jgit.lib"
         Unresolved requirement: Import-Package: org.eclipse.jgit.transport.sshd; version="[7.6.0,7.7.0)"
           -> Export-Package: org.eclipse.jgit.transport.sshd; bundle-symbolic-name="org.eclipse.jgit.ssh.apache"; bundle-version="7.6.0.202603022253-r"; version="7.6.0"; uses:="org.eclipse.jgit.transport,  org.apache.sshd.client.config.hosts,  org.apache.sshd.common.keyprovider,  org.eclipse.jgit.util,  org.apache.sshd.client.session,  org.apache.sshd.client.keyverifier"
         Unresolved requirement: Import-Package: org.eclipse.jgit.storage.file; version="[7.6.0,7.7.0)"
           -> Export-Package: org.eclipse.jgit.storage.file; bundle-symbolic-name="org.eclipse.jgit"; bundle-version="7.6.0.202601071437-m1"; version="7.6.0"; uses:="org.eclipse.jgit.lib,  org.eclipse.jgit.util"
         Unresolved requirement: Import-Package: org.eclipse.jgit.transport; version="[7.6.0,7.7.0)"
           -> Export-Package: org.eclipse.jgit.transport; bundle-symbolic-name="org.eclipse.jgit"; bundle-version="7.6.0.202601071437-m1"; version="7.6.0"; uses:="javax.crypto,  org.eclipse.jgit.hooks,  org.eclipse.jgit.util.io,  org.eclipse.jgit.lib,  org.eclipse.jgit.transport.http,  org.eclipse.jgit.revwalk,  org.eclipse.jgit.treewalk,  org.eclipse.jgit.util,  org.eclipse.jgit.internal.storage.pack,  org.eclipse.jgit.transport.resolver,  org.eclipse.jgit.storage.pack,  org.eclipse.jgit.errors"
         Unresolved requirement: Import-Package: org.eclipse.jgit.annotations; version="[7.6.0,7.7.0)"
           -> Export-Package: org.eclipse.jgit.annotations; bundle-symbolic-name="org.eclipse.jgit"; bundle-version="7.6.0.202601071437-m1"; version="7.6.0"
         Unresolved requirement: Import-Package: org.eclipse.jgit.revwalk.filter; version="[7.6.0,7.7.0)"
           -> Export-Package: org.eclipse.jgit.revwalk.filter; bundle-symbolic-name="org.eclipse.jgit"; bundle-version="7.6.0.202601071437-m1"; version="7.6.0"; uses:="org.eclipse.jgit.revwalk,  org.eclipse.jgit.lib,  org.eclipse.jgit.util"
         Unresolved requirement: Import-Package: org.eclipse.jgit.errors; version="[7.6.0,7.7.0)"
           -> Export-Package: org.eclipse.jgit.errors; bundle-symbolic-name="org.eclipse.jgit"; bundle-version="7.6.0.202601071437-m1"; version="7.6.0"; uses:="org.eclipse.jgit.transport,  org.eclipse.jgit.dircache,  org.eclipse.jgit.lib"
         Unresolved requirement: Import-Package: org.eclipse.jgit.transport.http.apache; version="[7.6.0,7.7.0)"
           -> Export-Package: org.eclipse.jgit.transport.http.apache; bundle-symbolic-name="org.eclipse.jgit.http.apache"; bundle-version="7.6.0.202603022253-r"; version="7.6.0"; uses:="org.apache.http.client,  org.eclipse.jgit.transport.http,  org.apache.http.entity,  org.apache.http.client.methods,  javax.net.ssl,  org.eclipse.jgit.util,  org.apache.http"
              org.eclipse.jgit.http.apache [517]
                Unresolved requirement: Import-Package: org.apache.http.conn.params; version="[4.4.0,5.0.0)"
                  -> Export-Package: org.apache.http.conn.params; bundle-symbolic-name="org.apache.httpcomponents.httpclient"; bundle-version="4.5.14"; version="4.5.14"; uses:="org.apache.http,org.apache.http.conn.routing,org.apache.http.params"
                     org.apache.httpcomponents.httpclient [125]
                       Unresolved requirement: Import-Package: org.apache.commons.logging; version="[1.1.0,1.3.0)"
                         -> Export-Package: org.apache.commons.logging; bundle-symbolic-name="jcl.over.slf4j"; bundle-version="2.0.18"; version="1.2.0"
                            jcl.over.slf4j [71]
                              Unresolved requirement: Import-Package: org.slf4j.spi; version="[2.0.0,3.0.0)"
                                -> Export-Package: org.slf4j.spi; bundle-symbolic-name="slf4j.api"; bundle-version="2.0.18"; version="2.0.18"; uses:="org.slf4j,org.slf4j.event,org.slf4j.helpers"
                              Unresolved requirement: Import-Package: org.slf4j; version="[2.0.0,3.0.0)"
                                -> Export-Package: org.slf4j; bundle-symbolic-name="slf4j.api"; bundle-version="2.0.18"; version="2.0.18"; uses:="org.slf4j.event,org.slf4j.helpers,org.slf4j.spi"
                Unresolved requirement: Import-Package: org.apache.http.client; version="[4.4.0,5.0.0)"
                  -> Export-Package: org.apache.http.client; bundle-symbolic-name="org.apache.httpcomponents.httpclient"; bundle-version="4.5.14"; version="4.5.14"; uses:="org.apache.http,org.apache.http.auth,org.apache.http.client.methods,org.apache.http.conn,org.apache.http.conn.routing,org.apache.http.cookie,org.apache.http.params,org.apache.http.protocol"
                Unresolved requirement: Import-Package: org.apache.http.conn; version="[4.4.0,5.0.0)"
                  -> Export-Package: org.apache.http.conn; bundle-symbolic-name="org.apache.httpcomponents.httpclient"; bundle-version="4.5.14"; version="4.5.14"; uses:="javax.net.ssl,org.apache.http,org.apache.http.concurrent,org.apache.http.config,org.apache.http.conn.routing,org.apache.http.conn.scheme,org.apache.http.entity,org.apache.http.params,org.apache.http.protocol"
                Unresolved requirement: Import-Package: org.apache.http.conn.util; version="[4.4.0,5.0.0)"
                  -> Export-Package: org.apache.http.conn.util; bundle-symbolic-name="org.apache.httpcomponents.httpclient"; bundle-version="4.5.14"; version="4.5.14"
                Unresolved requirement: Import-Package: org.apache.http.client.methods; version="[4.4.0,5.0.0)"
                  -> Export-Package: org.apache.http.client.methods; bundle-symbolic-name="org.apache.httpcomponents.httpclient"; bundle-version="4.5.14"; version="4.5.14"; uses:="org.apache.http,org.apache.http.client.config,org.apache.http.concurrent,org.apache.http.conn,org.apache.http.message,org.apache.http.params"
                Unresolved requirement: Import-Package: org.apache.http.impl.client; version="[4.4.0,5.0.0)"
                  -> Export-Package: org.apache.http.impl.client; bundle-symbolic-name="org.apache.httpcomponents.httpclient"; bundle-version="4.5.14"; version="4.5.14"; uses:="javax.net.ssl,org.apache.commons.logging,org.apache.http,org.apache.http.auth,org.apache.http.client,org.apache.http.client.config,org.apache.http.client.entity,org.apache.http.client.methods,org.apache.http.concurrent,org.apache.http.config,org.apache.http.conn,org.apache.http.conn.routing,org.apache.http.conn.socket,org.apache.http.conn.ssl,org.apache.http.conn.util,org.apache.http.cookie,org.apache.http.impl,org.apache.http.impl.auth,org.apache.http.impl.execchain,org.apache.http.message,org.apache.http.params,org.apache.http.pool,org.apache.http.protocol"
                Unresolved requirement: Import-Package: org.apache.http.conn.scheme; version="[4.4.0,5.0.0)"
                  -> Export-Package: org.apache.http.conn.scheme; bundle-symbolic-name="org.apache.httpcomponents.httpclient"; bundle-version="4.5.14"; version="4.5.14"; uses:="org.apache.http,org.apache.http.conn,org.apache.http.params"
                Unresolved requirement: Import-Package: org.apache.http.conn.ssl; version="[4.4.0,5.0.0)"
                  -> Export-Package: org.apache.http.conn.ssl; bundle-symbolic-name="org.apache.httpcomponents.httpclient"; bundle-version="4.5.14"; version="4.5.14"; uses:="javax.net.ssl,org.apache.http,org.apache.http.conn,org.apache.http.conn.scheme,org.apache.http.conn.socket,org.apache.http.conn.util,org.apache.http.params,org.apache.http.protocol,org.apache.http.ssl"
                Unresolved requirement: Import-Package: org.eclipse.jgit.annotations; version="[7.6.0,7.7.0)"
                  -> Export-Package: org.eclipse.jgit.annotations; bundle-symbolic-name="org.eclipse.jgit"; bundle-version="7.6.0.202601071437-m1"; version="7.6.0"
                Unresolved requirement: Import-Package: org.apache.http.client.config; version="[4.4.0,5.0.0)"
                  -> Export-Package: org.apache.http.client.config; bundle-symbolic-name="org.apache.httpcomponents.httpclient"; bundle-version="4.5.14"; version="4.5.14"; uses:="org.apache.http"
                Unresolved requirement: Import-Package: org.eclipse.jgit.nls; version="[7.6.0,7.7.0)"
                  -> Export-Package: org.eclipse.jgit.nls; bundle-symbolic-name="org.eclipse.jgit"; bundle-version="7.6.0.202601071437-m1"; version="7.6.0"
                Unresolved requirement: Import-Package: org.eclipse.jgit.util; version="[7.6.0,7.7.0)"
                  -> Export-Package: org.eclipse.jgit.util; bundle-symbolic-name="org.eclipse.jgit"; bundle-version="7.6.0.202601071437-m1"; version="7.6.0"; uses:="org.eclipse.jgit.transport,  org.eclipse.jgit.hooks,  org.eclipse.jgit.revwalk,  org.eclipse.jgit.storage.file,  org.ietf.jgss,  org.eclipse.jgit.attributes,  javax.management,  org.eclipse.jgit.lib,  org.eclipse.jgit.transport.http,  org.eclipse.jgit.treewalk,  javax.net.ssl,  org.eclipse.jgit.util.time"
                Unresolved requirement: Import-Package: org.apache.http.impl.conn; version="[4.4.0,5.0.0)"
                  -> Export-Package: org.apache.http.impl.conn; bundle-symbolic-name="org.apache.httpcomponents.httpclient"; bundle-version="4.5.14"; version="4.5.14"; uses:="javax.net.ssl,org.apache.commons.logging,org.apache.http,org.apache.http.config,org.apache.http.conn,org.apache.http.conn.routing,org.apache.http.conn.scheme,org.apache.http.conn.socket,org.apache.http.entity,org.apache.http.impl,org.apache.http.impl.io,org.apache.http.io,org.apache.http.message,org.apache.http.params,org.apache.http.pool,org.apache.http.protocol,org.apache.http.util"
                Unresolved requirement: Import-Package: org.apache.http.client.params; version="[4.4.0,5.0.0)"
                  -> Export-Package: org.apache.http.client.params; bundle-symbolic-name="org.apache.httpcomponents.httpclient"; bundle-version="4.5.14"; version="4.5.14"; uses:="org.apache.http,org.apache.http.auth.params,org.apache.http.client.config,org.apache.http.conn.params,org.apache.http.cookie.params,org.apache.http.params"
                Unresolved requirement: Import-Package: org.apache.http.conn.socket; version="[4.4.0,5.0.0)"
                  -> Export-Package: org.apache.http.conn.socket; bundle-symbolic-name="org.apache.httpcomponents.httpclient"; bundle-version="4.5.14"; version="4.5.14"; uses:="org.apache.http,org.apache.http.protocol"
                Unresolved requirement: Import-Package: org.eclipse.jgit.transport.http; version="[7.6.0,7.7.0)"
                  -> Export-Package: org.eclipse.jgit.transport.http; bundle-symbolic-name="org.eclipse.jgit"; bundle-version="7.6.0.202601071437-m1"; version="7.6.0"; uses:="javax.net.ssl"
         Unresolved requirement: Import-Package: org.eclipse.jgit.lib; version="[7.6.0,7.7.0)"
           -> Export-Package: org.eclipse.jgit.lib; bundle-symbolic-name="org.eclipse.jgit"; bundle-version="7.6.0.202601071437-m1"; version="7.6.0"; uses:="org.eclipse.jgit.transport,  org.eclipse.jgit.util.sha1,  org.eclipse.jgit.dircache,  org.eclipse.jgit.revwalk,  org.eclipse.jgit.internal.storage.file,  org.eclipse.jgit.api,  org.eclipse.jgit.attributes,  org.eclipse.jgit.events,  com.googlecode.javaewah,  org.eclipse.jgit.treewalk.filter,  org.eclipse.jgit.treewalk,  org.eclipse.jgit.util,  org.eclipse.jgit.submodule,  org.eclipse.jgit.util.time"
         Unresolved requirement: Import-Package: org.eclipse.jgit.submodule; version="[7.6.0,7.7.0)"
           -> Export-Package: org.eclipse.jgit.submodule; bundle-symbolic-name="org.eclipse.jgit"; bundle-version="7.6.0.202601071437-m1"; version="7.6.0"; uses:="org.eclipse.jgit.lib,  org.eclipse.jgit.treewalk.filter,  org.eclipse.jgit.diff,  org.eclipse.jgit.treewalk,  org.eclipse.jgit.util"
         Unresolved requirement: Import-Package: org.eclipse.jgit.util.io; version="[7.6.0,7.7.0)"
           -> Export-Package: org.eclipse.jgit.util.io; bundle-symbolic-name="org.eclipse.jgit"; bundle-version="7.6.0.202601071437-m1"; version="7.6.0"; uses:="org.eclipse.jgit.attributes,  org.eclipse.jgit.lib,  org.eclipse.jgit.treewalk"
         Unresolved requirement: Import-Package: org.eclipse.jgit.api; version="[7.6.0,7.7.0)"
           -> Export-Package: org.eclipse.jgit.api; bundle-symbolic-name="org.eclipse.jgit"; bundle-version="7.6.0.202601071437-m1"; version="7.6.0"; uses:="org.eclipse.jgit.transport,  org.eclipse.jgit.notes,  org.eclipse.jgit.dircache,  org.eclipse.jgit.lib,  org.eclipse.jgit.revwalk,  org.eclipse.jgit.treewalk.filter,  org.eclipse.jgit.diff,  org.eclipse.jgit.treewalk,  org.eclipse.jgit.util,  org.eclipse.jgit.submodule,  org.eclipse.jgit.api.errors,  org.eclipse.jgit.revwalk.filter,  org.eclipse.jgit.blame,  org.eclipse.jgit.merge"
         Unresolved requirement: Import-Package: org.eclipse.jgit.transport.http; version="[7.6.0,7.7.0)"
           -> Export-Package: org.eclipse.jgit.transport.http; bundle-symbolic-name="org.eclipse.jgit"; bundle-version="7.6.0.202601071437-m1"; version="7.6.0"; uses:="javax.net.ssl"
         Unresolved requirement: Import-Package: org.eclipse.jgit.attributes; version="[7.6.0,7.7.0)"
           -> Export-Package: org.eclipse.jgit.attributes; bundle-symbolic-name="org.eclipse.jgit"; bundle-version="7.6.0.202601071437-m1"; version="7.6.0"; uses:="org.eclipse.jgit.lib,  org.eclipse.jgit.treewalk"
         Unresolved requirement: Import-Package: org.eclipse.jgit.internal.storage.file; version="[7.6.0,7.7.0)"
           -> Export-Package: org.eclipse.jgit.internal.storage.file; bundle-symbolic-name="org.eclipse.jgit"; bundle-version="7.6.0.202601071437-m1"; version="7.6.0"; x-friends:="org.eclipse.jgit.test,  org.eclipse.jgit.junit,  org.eclipse.jgit.junit.http,  org.eclipse.jgit.http.server,  org.eclipse.jgit.lfs,  org.eclipse.jgit.lfs.test,  org.eclipse.jgit.pgm,  org.eclipse.jgit.pgm.test,  org.eclipse.jgit.ssh.apache,  org.eclipse.jgit.ssh.apache.test,  org.eclipse.jgit.ssh.jsch.test"
         Unresolved requirement: Import-Package: org.eclipse.jgit.revwalk; version="[7.6.0,7.7.0)"
           -> Export-Package: org.eclipse.jgit.revwalk; bundle-symbolic-name="org.eclipse.jgit"; bundle-version="7.6.0.202601071437-m1"; version="7.6.0"; uses:="org.eclipse.jgit.lib,  org.eclipse.jgit.revwalk.filter,  org.eclipse.jgit.diff,  org.eclipse.jgit.treewalk.filter,  org.eclipse.jgit.treewalk,  org.eclipse.jgit.internal.storage.commitgraph"
         Unresolved requirement: Import-Package: org.eclipse.jgit.api.errors; version="[7.6.0,7.7.0)"
           -> Export-Package: org.eclipse.jgit.api.errors; bundle-symbolic-name="org.eclipse.jgit"; bundle-version="7.6.0.202601071437-m1"; version="7.6.0"; uses:="org.eclipse.jgit.lib,  org.eclipse.jgit.errors"
         Unresolved requirement: Import-Package: org.eclipse.jgit.util; version="[7.6.0,7.7.0)"
           -> Export-Package: org.eclipse.jgit.util; bundle-symbolic-name="org.eclipse.jgit"; bundle-version="7.6.0.202601071437-m1"; version="7.6.0"; uses:="org.eclipse.jgit.transport,  org.eclipse.jgit.hooks,  org.eclipse.jgit.revwalk,  org.eclipse.jgit.storage.file,  org.ietf.jgss,  org.eclipse.jgit.attributes,  javax.management,  org.eclipse.jgit.lib,  org.eclipse.jgit.transport.http,  org.eclipse.jgit.treewalk,  javax.net.ssl,  org.eclipse.jgit.util.time"
         Unresolved requirement: Import-Package: org.eclipse.jgit.treewalk.filter; version="[7.6.0,7.7.0)"
           -> Export-Package: org.eclipse.jgit.treewalk.filter; bundle-symbolic-name="org.eclipse.jgit"; bundle-version="7.6.0.202601071437-m1"; version="7.6.0"; uses:="org.eclipse.jgit.treewalk"
         Unresolved requirement: Import-Package: org.eclipse.jgit.diff; version="[7.6.0,7.7.0)"
           -> Export-Package: org.eclipse.jgit.diff; bundle-symbolic-name="org.eclipse.jgit"; bundle-version="7.6.0.202601071437-m1"; version="7.6.0"; uses:="org.eclipse.jgit.lib,  org.eclipse.jgit.revwalk,  org.eclipse.jgit.patch,  org.eclipse.jgit.attributes,  org.eclipse.jgit.treewalk.filter,  org.eclipse.jgit.treewalk,  org.eclipse.jgit.util"
         Unresolved requirement: Import-Package: org.eclipse.jgit.treewalk; version="[7.6.0,7.7.0)"
           -> Export-Package: org.eclipse.jgit.treewalk; bundle-symbolic-name="org.eclipse.jgit"; bundle-version="7.6.0.202601071437-m1"; version="7.6.0"; uses:="org.eclipse.jgit.dircache,  org.eclipse.jgit.lib,  org.eclipse.jgit.attributes,  org.eclipse.jgit.revwalk,  org.eclipse.jgit.treewalk.filter,  org.eclipse.jgit.util"
  Unresolved requirement: Import-Package: org.eclipse.jgit.revplot; version="[7.6.0,7.7.0)"
    -> Export-Package: org.eclipse.jgit.revplot; bundle-symbolic-name="org.eclipse.jgit"; bundle-version="7.6.0.202601071437-m1"; version="7.6.0"; uses:="org.eclipse.jgit.revwalk,  org.eclipse.jgit.lib"
  Unresolved requirement: Import-Package: org.eclipse.jgit.diff; version="[7.6.0,7.7.0)"
    -> Export-Package: org.eclipse.jgit.diff; bundle-symbolic-name="org.eclipse.jgit"; bundle-version="7.6.0.202601071437-m1"; version="7.6.0"; uses:="org.eclipse.jgit.lib,  org.eclipse.jgit.revwalk,  org.eclipse.jgit.patch,  org.eclipse.jgit.attributes,  org.eclipse.jgit.treewalk.filter,  org.eclipse.jgit.treewalk,  org.eclipse.jgit.util"
  Unresolved requirement: Import-Package: org.eclipse.jgit.util; version="[7.6.0,7.7.0)"
    -> Export-Package: org.eclipse.jgit.util; bundle-symbolic-name="org.eclipse.jgit"; bundle-version="7.6.0.202601071437-m1"; version="7.6.0"; uses:="org.eclipse.jgit.transport,  org.eclipse.jgit.hooks,  org.eclipse.jgit.revwalk,  org.eclipse.jgit.storage.file,  org.ietf.jgss,  org.eclipse.jgit.attributes,  javax.management,  org.eclipse.jgit.lib,  org.eclipse.jgit.transport.http,  org.eclipse.jgit.treewalk,  javax.net.ssl,  org.eclipse.jgit.util.time"
  Unresolved requirement: Import-Package: org.eclipse.egit.core.info; version="[7.6.0,7.7.0)"
    -> Export-Package: org.eclipse.egit.core.info; bundle-symbolic-name="org.eclipse.egit.core"; bundle-version="7.6.0.202603022253-r"; version="7.6.0"; uses:="org.eclipse.jgit.lib"
  Unresolved requirement: Import-Package: org.eclipse.egit.core.credentials; version="[7.6.0,7.7.0)"
    -> Export-Package: org.eclipse.egit.core.credentials; bundle-symbolic-name="org.eclipse.egit.core"; bundle-version="7.6.0.202603022253-r"; version="7.6.0"; uses:="org.eclipse.jgit.lib"
  Unresolved requirement: Import-Package: org.eclipse.jgit.ignore; version="[7.6.0,7.7.0)"
    -> Export-Package: org.eclipse.jgit.ignore; bundle-symbolic-name="org.eclipse.jgit"; bundle-version="7.6.0.202601071437-m1"; version="7.6.0"
  Unresolved requirement: Import-Package: org.eclipse.egit.core; version="[7.6.0,7.7.0)"
    -> Export-Package: org.eclipse.egit.core; bundle-symbolic-name="org.eclipse.egit.core"; bundle-version="7.6.0.202603022253-r"; version="7.6.0"; x-friends:="org.eclipse.egit.ui,  org.eclipse.egit.ui.test,  org.eclipse.egit.gitflow.test,  org.eclipse.egit.gitflow.ui,  org.eclipse.egit.core.junit"
  Unresolved requirement: Import-Package: org.eclipse.jgit.blame; version="[7.6.0,7.7.0)"
    -> Export-Package: org.eclipse.jgit.blame; bundle-symbolic-name="org.eclipse.jgit"; bundle-version="7.6.0.202601071437-m1"; version="7.6.0"; uses:="org.eclipse.jgit.lib,  org.eclipse.jgit.revwalk,  org.eclipse.jgit.blame.cache,  org.eclipse.jgit.diff,  org.eclipse.jgit.treewalk.filter"
  Unresolved requirement: Import-Package: org.eclipse.egit.core.internal; version="[7.6.0,7.7.0)"
    -> Export-Package: org.eclipse.egit.core.internal; bundle-symbolic-name="org.eclipse.egit.core"; bundle-version="7.6.0.202603022253-r"; version="7.6.0"; x-friends:="org.eclipse.egit.ui,  org.eclipse.egit.import,  org.eclipse.egit.gitflow.ui,  org.eclipse.egit.gitflow"
  Unresolved requirement: Require-Bundle: org.eclipse.ui; bundle-version="[3.207.200,4.0.0)"
    -> Bundle-SymbolicName: org.eclipse.ui; bundle-version="3.208.0.v20251219-1043"; singleton:="true"
       org.eclipse.ui [866]
         Unresolved requirement: Require-Bundle: org.eclipse.jface; bundle-version="[3.34.0,4.0.0)"; visibility:="reexport"
           -> Bundle-SymbolicName: org.eclipse.jface; bundle-version="3.39.0.v20260103-1533"; singleton:="true"
              org.eclipse.jface [510]
                Unresolved requirement: Require-Capability: eclipse.swt; filter:="(image.format=svg)"
                  -> Provide-Capability: eclipse.swt; image.format="svg"; version:Version="1.0.0"
                     org.eclipse.swt.svg [842]
                       Unresolved requirement: Fragment-Host: org.eclipse.swt
                       Unresolved requirement: Fragment-Host: org.eclipse.swt
                       Unresolved requirement: Fragment-Host: org.eclipse.swt
                       Unresolved requirement: Fragment-Host: org.eclipse.swt
                       Unresolved requirement: Fragment-Host: org.eclipse.swt
                       Unresolved requirement: Import-Package: com.github.weisj.jsvg; version="[2.1.0,3.0.0)"
                         -> Export-Package: com.github.weisj.jsvg; bundle-symbolic-name="com.github.weisj.jsvg"; bundle-version="2.1.0"; version="2.1.0"; uses:="com.github.weisj.jsvg.renderer,com.github.weisj.jsvg.renderer.animation,com.github.weisj.jsvg.renderer.output,com.github.weisj.jsvg.view,javax.swing"
                            com.github.weisj.jsvg [21]
                              Unresolved requirement: Require-Capability: osgi.serviceloader; osgi.serviceloader="com.github.weisj.jsvg.logging.LogManager"; filter:="(osgi.serviceloader=com.github.weisj.jsvg.logging.LogManager)"
                                -> Provide-Capability: osgi.serviceloader; osgi.serviceloader="com.github.weisj.jsvg.logging.LogManager"; register:="org.eclipse.swt.svg.logging.JVSGLoggerLogManager"
                              Unresolved requirement: Require-Capability: osgi.extender; filter:="(&(osgi.extender=osgi.serviceloader.processor)(version>=1.0.0)(!(version>=2.0.0)))"
                                -> Provide-Capability: osgi.extender; osgi.extender="osgi.serviceloader.processor"; version:Version="1.0.0"; uses:="org.apache.aries.spifly"
                       Unresolved requirement: Import-Package: com.github.weisj.jsvg.logging; version="[2.1.0,3.0.0)"
                         -> Export-Package: com.github.weisj.jsvg.logging; bundle-symbolic-name="com.github.weisj.jsvg"; bundle-version="2.1.0"; version="2.1.0"
                       Unresolved requirement: Import-Package: com.github.weisj.jsvg.parser; version="[2.1.0,3.0.0)"
                         -> Export-Package: com.github.weisj.jsvg.parser; bundle-symbolic-name="com.github.weisj.jsvg"; bundle-version="2.1.0"; version="2.1.0"; uses:="com.github.weisj.jsvg,com.github.weisj.jsvg.paint,com.github.weisj.jsvg.parser.css,com.github.weisj.jsvg.parser.impl,com.github.weisj.jsvg.parser.resources,javax.xml.stream"
                       Unresolved requirement: Import-Package: com.github.weisj.jsvg.view; version="[2.1.0,3.0.0)"
                         -> Export-Package: com.github.weisj.jsvg.view; bundle-symbolic-name="com.github.weisj.jsvg"; bundle-version="2.1.0"; version="2.1.0"
         Unresolved requirement: Require-Bundle: org.eclipse.ui.workbench; bundle-version="[3.130.0,4.0.0)"; visibility:="reexport"
           -> Bundle-SymbolicName: org.eclipse.ui.workbench; bundle-version="3.138.0.v20260103-1852"; singleton:="true"
              org.eclipse.ui.workbench [889]
                Unresolved requirement: Import-Package: org.eclipse.e4.ui.internal.workbench.renderers.swt
                  -> Export-Package: org.eclipse.e4.ui.internal.workbench.renderers.swt; bundle-symbolic-name="org.eclipse.e4.ui.workbench.renderers.swt"; bundle-version="0.17.0.v20251218-1448"; version="0.0.0"; x-friends:="org.eclipse.ui.workbench"
                     org.eclipse.e4.ui.workbench.renderers.swt [344]
                       Unresolved requirement: Require-Bundle: org.eclipse.e4.ui.bindings; bundle-version="0.9.0"
                         -> Bundle-SymbolicName: org.eclipse.e4.ui.bindings; bundle-version="0.15.0.v20251216-1230"; singleton:="true"
                            org.eclipse.e4.ui.bindings [330]
                              Unresolved requirement: Import-Package: org.eclipse.jface.window
                                -> Export-Package: org.eclipse.jface.window; bundle-symbolic-name="org.eclipse.jface"; bundle-version="3.39.0.v20260103-1533"; version="0.0.0"
                              Unresolved requirement: Import-Package: org.eclipse.jface.bindings.keys
                                -> Export-Package: org.eclipse.jface.bindings.keys; bundle-symbolic-name="org.eclipse.jface"; bundle-version="3.39.0.v20260103-1533"; version="0.0.0"
                              Unresolved requirement: Import-Package: org.eclipse.jface.bindings
                                -> Export-Package: org.eclipse.jface.bindings; bundle-symbolic-name="org.eclipse.jface"; bundle-version="3.39.0.v20260103-1533"; version="0.0.0"
                              Unresolved requirement: Import-Package: org.eclipse.jface.dialogs
                                -> Export-Package: org.eclipse.jface.dialogs; bundle-symbolic-name="org.eclipse.jface"; bundle-version="3.39.0.v20260103-1533"; version="0.0.0"
                       Unresolved requirement: Require-Bundle: org.eclipse.e4.ui.css.swt; bundle-version="0.11.0"
                         -> Bundle-SymbolicName: org.eclipse.e4.ui.css.swt; bundle-version="0.16.0.v20251216-1230"; singleton:="true"
                            org.eclipse.e4.ui.css.swt [332]
                              Unresolved requirement: Import-Package: org.eclipse.jface.resource
                                -> Export-Package: org.eclipse.jface.resource; bundle-symbolic-name="org.eclipse.jface"; bundle-version="3.39.0.v20260103-1533"; version="0.0.0"
                       Unresolved requirement: Require-Bundle: org.eclipse.e4.ui.workbench.swt; bundle-version="0.9.0"
                         -> Bundle-SymbolicName: org.eclipse.e4.ui.workbench.swt; bundle-version="0.18.0.v20251223-1034"; singleton:="true"
                            org.eclipse.e4.ui.workbench.swt [345]
                              Unresolved requirement: Require-Capability: eclipse.swt; filter:="(image.format=svg)"
                                -> Provide-Capability: eclipse.swt; image.format="svg"; version:Version="1.0.0"
                              Unresolved requirement: Require-Bundle: org.eclipse.e4.ui.css.swt; bundle-version="0.13.100"
                                -> Bundle-SymbolicName: org.eclipse.e4.ui.css.swt; bundle-version="0.16.0.v20251216-1230"; singleton:="true"
                              Unresolved requirement: Require-Bundle: org.eclipse.jface.databinding; bundle-version="[1.3.0,2.0.0)"
                                -> Bundle-SymbolicName: org.eclipse.jface.databinding; bundle-version="1.16.0.v20251216-1230"
                                   org.eclipse.jface.databinding [511]
                                     Unresolved requirement: Require-Bundle: org.eclipse.jface; bundle-version="[3.2.0,4.0.0)"
                                       -> Bundle-SymbolicName: org.eclipse.jface; bundle-version="3.39.0.v20260103-1533"; singleton:="true"
                              Unresolved requirement: Require-Bundle: org.eclipse.e4.ui.dialogs; bundle-version="1.1.600"
                                -> Bundle-SymbolicName: org.eclipse.e4.ui.dialogs; bundle-version="1.7.0.v20251222-0947"
                                   org.eclipse.e4.ui.dialogs [335]
                                     Unresolved requirement: Require-Capability: eclipse.swt; filter:="(image.format=svg)"
                                       -> Provide-Capability: eclipse.swt; image.format="svg"; version:Version="1.0.0"
                                     Unresolved requirement: Require-Bundle: org.eclipse.jface; bundle-version="3.39.0"
                                       -> Bundle-SymbolicName: org.eclipse.jface; bundle-version="3.39.0.v20260103-1533"; singleton:="true"
                              Unresolved requirement: Require-Bundle: org.eclipse.e4.ui.bindings; bundle-version="0.9.0"
                                -> Bundle-SymbolicName: org.eclipse.e4.ui.bindings; bundle-version="0.15.0.v20251216-1230"; singleton:="true"
                              Unresolved requirement: Require-Bundle: org.eclipse.jface; bundle-version="[3.39.0,4.0.0)"
                                -> Bundle-SymbolicName: org.eclipse.jface; bundle-version="3.39.0.v20260103-1533"; singleton:="true"
                              Unresolved requirement: Require-Bundle: org.eclipse.e4.ui.css.swt.theme; bundle-version="0.12.0"
                                -> Bundle-SymbolicName: org.eclipse.e4.ui.css.swt.theme; bundle-version="0.15.0.v20251216-1230"; singleton:="true"
                                   org.eclipse.e4.ui.css.swt.theme [333]
                                     Unresolved requirement: Require-Bundle: org.eclipse.e4.ui.css.swt; bundle-version="0.13.100"
                                       -> Bundle-SymbolicName: org.eclipse.e4.ui.css.swt; bundle-version="0.16.0.v20251216-1230"; singleton:="true"
                       Unresolved requirement: Require-Bundle: org.eclipse.jface; bundle-version="[3.15.0,4.0.0)"
                         -> Bundle-SymbolicName: org.eclipse.jface; bundle-version="3.39.0.v20260103-1533"; singleton:="true"
                       Unresolved requirement: Require-Capability: eclipse.swt; filter:="(image.format=svg)"
                         -> Provide-Capability: eclipse.swt; image.format="svg"; version:Version="1.0.0"
                Unresolved requirement: Import-Package: org.eclipse.e4.ui.workbench.renderers.swt
                  -> Export-Package: org.eclipse.e4.ui.workbench.renderers.swt; bundle-symbolic-name="org.eclipse.e4.ui.workbench.renderers.swt"; bundle-version="0.17.0.v20251218-1448"; version="0.0.0"; x-friends:="org.eclipse.e4.ui.workbench.addons.swt,org.eclipse.ui.workbench"
                Unresolved requirement: Import-Package: org.eclipse.e4.ui.internal.workbench.swt
                  -> Export-Package: org.eclipse.e4.ui.internal.workbench.swt; bundle-symbolic-name="org.eclipse.e4.ui.workbench.swt"; bundle-version="0.18.0.v20251223-1034"; version="0.0.0"; x-friends:="org.eclipse.e4.ui.workbench.addons.swt,  org.eclipse.e4.ui.workbench.renderers.swt,  org.eclipse.ui.workbench,  org.eclipse.e4.ui.bindings.tests"
         Unresolved requirement: Require-Capability: eclipse.swt; filter:="(image.format=svg)"
           -> Provide-Capability: eclipse.swt; image.format="svg"; version:Version="1.0.0"
  Unresolved requirement: Import-Package: org.eclipse.jgit.api.errors; version="[7.6.0,7.7.0)"
    -> Export-Package: org.eclipse.jgit.api.errors; bundle-symbolic-name="org.eclipse.jgit"; bundle-version="7.6.0.202601071437-m1"; version="7.6.0"; uses:="org.eclipse.jgit.lib,  org.eclipse.jgit.errors"
  Unresolved requirement: Import-Package: org.eclipse.jgit.lib; version="[7.6.0,7.7.0)"
    -> Export-Package: org.eclipse.jgit.lib; bundle-symbolic-name="org.eclipse.jgit"; bundle-version="7.6.0.202601071437-m1"; version="7.6.0"; uses:="org.eclipse.jgit.transport,  org.eclipse.jgit.util.sha1,  org.eclipse.jgit.dircache,  org.eclipse.jgit.revwalk,  org.eclipse.jgit.internal.storage.file,  org.eclipse.jgit.api,  org.eclipse.jgit.attributes,  org.eclipse.jgit.events,  com.googlecode.javaewah,  org.eclipse.jgit.treewalk.filter,  org.eclipse.jgit.treewalk,  org.eclipse.jgit.util,  org.eclipse.jgit.submodule,  org.eclipse.jgit.util.time"
  Unresolved requirement: Import-Package: org.eclipse.egit.core.internal.info; version="[7.6.0,7.7.0)"
    -> Export-Package: org.eclipse.egit.core.internal.info; bundle-symbolic-name="org.eclipse.egit.core"; bundle-version="7.6.0.202603022253-r"; version="7.6.0"; x-friends:="org.eclipse.egit.ui"
  Unresolved requirement: Import-Package: org.eclipse.egit.core.attributes; version="[7.6.0,7.7.0)"
    -> Export-Package: org.eclipse.egit.core.attributes; bundle-symbolic-name="org.eclipse.egit.core"; bundle-version="7.6.0.202603022253-r"; version="7.6.0"; uses:="org.eclipse.jgit.lib"
  Unresolved requirement: Import-Package: org.eclipse.egit.core.internal.job; version="[7.6.0,7.7.0)"
    -> Export-Package: org.eclipse.egit.core.internal.job; bundle-symbolic-name="org.eclipse.egit.core"; bundle-version="7.6.0.202603022253-r"; version="7.6.0"; x-friends:="org.eclipse.egit.ui,org.eclipse.egit.gitflow.ui,org.eclipse.egit.gitflow"
  Unresolved requirement: Import-Package: org.eclipse.jgit.merge; version="[7.6.0,7.7.0)"
    -> Export-Package: org.eclipse.jgit.merge; bundle-symbolic-name="org.eclipse.jgit"; bundle-version="7.6.0.202601071437-m1"; version="7.6.0"; uses:="org.eclipse.jgit.dircache,  org.eclipse.jgit.lib,  org.eclipse.jgit.revwalk,  org.eclipse.jgit.diff,  org.eclipse.jgit.treewalk,  org.eclipse.jgit.util,  org.eclipse.jgit.api,  org.eclipse.jgit.attributes"
  Unresolved requirement: Import-Package: org.eclipse.jgit.revwalk.filter; version="[7.6.0,7.7.0)"
    -> Export-Package: org.eclipse.jgit.revwalk.filter; bundle-symbolic-name="org.eclipse.jgit"; bundle-version="7.6.0.202601071437-m1"; version="7.6.0"; uses:="org.eclipse.jgit.revwalk,  org.eclipse.jgit.lib,  org.eclipse.jgit.util"
  Unresolved requirement: Import-Package: org.eclipse.egit.core.op; version="[7.6.0,7.7.0)"
    -> Export-Package: org.eclipse.egit.core.op; bundle-symbolic-name="org.eclipse.egit.core"; bundle-version="7.6.0.202603022253-r"; version="7.6.0"; x-friends:="org.eclipse.egit.ui.test,  org.eclipse.egit.ui,  org.eclipse.egit.gitflow,  org.eclipse.egit.gitflow.test,  org.eclipse.egit.gitflow.ui,  org.eclipse.egit.github.core,  org.eclipse.egit.core.junit"
  Unresolved requirement: Import-Package: org.eclipse.jgit.attributes; version="[7.6.0,7.7.0)"
    -> Export-Package: org.eclipse.jgit.attributes; bundle-symbolic-name="org.eclipse.jgit"; bundle-version="7.6.0.202601071437-m1"; version="7.6.0"; uses:="org.eclipse.jgit.lib,  org.eclipse.jgit.treewalk"
  Unresolved requirement: Import-Package: org.eclipse.jgit.annotations; version="[7.6.0,7.7.0)"
    -> Export-Package: org.eclipse.jgit.annotations; bundle-symbolic-name="org.eclipse.jgit"; bundle-version="7.6.0.202601071437-m1"; version="7.6.0"
  Unresolved requirement: Import-Package: org.eclipse.jgit.api; version="[7.6.0,7.7.0)"
    -> Export-Package: org.eclipse.jgit.api; bundle-symbolic-name="org.eclipse.jgit"; bundle-version="7.6.0.202601071437-m1"; version="7.6.0"; uses:="org.eclipse.jgit.transport,  org.eclipse.jgit.notes,  org.eclipse.jgit.dircache,  org.eclipse.jgit.lib,  org.eclipse.jgit.revwalk,  org.eclipse.jgit.treewalk.filter,  org.eclipse.jgit.diff,  org.eclipse.jgit.treewalk,  org.eclipse.jgit.util,  org.eclipse.jgit.submodule,  org.eclipse.jgit.api.errors,  org.eclipse.jgit.revwalk.filter,  org.eclipse.jgit.blame,  org.eclipse.jgit.merge"
  Unresolved requirement: Import-Package: org.eclipse.jgit.transport.sshd.agent; version="[7.6.0,7.7.0)"
    -> Export-Package: org.eclipse.jgit.transport.sshd.agent; bundle-symbolic-name="org.eclipse.jgit.ssh.apache"; bundle-version="7.6.0.202603022253-r"; version="7.6.0"
  Unresolved requirement: Import-Package: org.eclipse.egit.core.synchronize; version="[7.6.0,7.7.0)"
    -> Export-Package: org.eclipse.egit.core.synchronize; bundle-symbolic-name="org.eclipse.egit.core"; bundle-version="7.6.0.202603022253-r"; version="7.6.0"; x-friends:="org.eclipse.egit.ui,org.eclipse.egit.ui.test"
  Unresolved requirement: Import-Package: org.eclipse.jgit.treewalk.filter; version="[7.6.0,7.7.0)"
    -> Export-Package: org.eclipse.jgit.treewalk.filter; bundle-symbolic-name="org.eclipse.jgit"; bundle-version="7.6.0.202601071437-m1"; version="7.6.0"; uses:="org.eclipse.jgit.treewalk"
  Unresolved requirement: Import-Package: org.eclipse.egit.core.internal.signing; version="[7.6.0,7.7.0)"
    -> Export-Package: org.eclipse.egit.core.internal.signing; bundle-symbolic-name="org.eclipse.egit.core"; bundle-version="7.6.0.202603022253-r"; version="7.6.0"; x-friends:="org.eclipse.egit.ui"
  Unresolved requirement: Import-Package: org.eclipse.jgit.notes; version="[7.6.0,7.7.0)"
    -> Export-Package: org.eclipse.jgit.notes; bundle-symbolic-name="org.eclipse.jgit"; bundle-version="7.6.0.202601071437-m1"; version="7.6.0"; uses:="org.eclipse.jgit.lib,  org.eclipse.jgit.revwalk,  org.eclipse.jgit.treewalk,  org.eclipse.jgit.merge"
  Unresolved requirement: Import-Package: org.eclipse.egit.core.internal.util; version="[7.6.0,7.7.0)"
    -> Export-Package: org.eclipse.egit.core.internal.util; bundle-symbolic-name="org.eclipse.egit.core"; bundle-version="7.6.0.202603022253-r"; version="7.6.0"; x-friends:="org.eclipse.egit.ui"
  Unresolved requirement: Import-Package: org.eclipse.egit.core.settings; version="[7.6.0,7.7.0)"
    -> Export-Package: org.eclipse.egit.core.settings; bundle-symbolic-name="org.eclipse.egit.core"; bundle-version="7.6.0.202603022253-r"; version="7.6.0"
  Unresolved requirement: Import-Package: org.eclipse.egit.core.internal.storage; version="[7.6.0,7.7.0)"
    -> Export-Package: org.eclipse.egit.core.internal.storage; bundle-symbolic-name="org.eclipse.egit.core"; bundle-version="7.6.0.202603022253-r"; version="7.6.0"; x-friends:="org.eclipse.egit.ui,org.eclipse.egit.core.test"
  Unresolved requirement: Import-Package: org.eclipse.jgit.submodule; version="[7.6.0,7.7.0)"
    -> Export-Package: org.eclipse.jgit.submodule; bundle-symbolic-name="org.eclipse.jgit"; bundle-version="7.6.0.202601071437-m1"; version="7.6.0"; uses:="org.eclipse.jgit.lib,  org.eclipse.jgit.treewalk.filter,  org.eclipse.jgit.diff,  org.eclipse.jgit.treewalk,  org.eclipse.jgit.util"
  Unresolved requirement: Import-Package: org.eclipse.jgit.events; version="[7.6.0,7.7.0)"
    -> Export-Package: org.eclipse.jgit.events; bundle-symbolic-name="org.eclipse.jgit"; bundle-version="7.6.0.202601071437-m1"; version="7.6.0"; uses:="org.eclipse.jgit.lib"
  Unresolved requirement: Import-Package: org.eclipse.jgit.storage.file; version="[7.6.0,7.7.0)"
    -> Export-Package: org.eclipse.jgit.storage.file; bundle-symbolic-name="org.eclipse.jgit"; bundle-version="7.6.0.202601071437-m1"; version="7.6.0"; uses:="org.eclipse.jgit.lib,  org.eclipse.jgit.util"
  Unresolved requirement: Import-Package: org.eclipse.egit.core.internal.hosts; version="[7.6.0,7.7.0)"
    -> Export-Package: org.eclipse.egit.core.internal.hosts; bundle-symbolic-name="org.eclipse.egit.core"; bundle-version="7.6.0.202603022253-r"; version="7.6.0"; x-friends:="org.eclipse.egit.ui"
  Unresolved requirement: Import-Package: org.eclipse.egit.core.util; version="[7.6.0,7.7.0)"
    -> Export-Package: org.eclipse.egit.core.util; bundle-symbolic-name="org.eclipse.egit.core"; bundle-version="7.6.0.202603022253-r"; version="7.6.0"
  Unresolved requirement: Import-Package: org.eclipse.egit.core.synchronize.dto; version="[7.6.0,7.7.0)"
    -> Export-Package: org.eclipse.egit.core.synchronize.dto; bundle-symbolic-name="org.eclipse.egit.core"; bundle-version="7.6.0.202603022253-r"; version="7.6.0"; x-friends:="org.eclipse.egit.ui"
  Unresolved requirement: Import-Package: org.eclipse.egit.core.internal.gerrit; version="[7.6.0,7.7.0)"
    -> Export-Package: org.eclipse.egit.core.internal.gerrit; bundle-symbolic-name="org.eclipse.egit.core"; bundle-version="7.6.0.202603022253-r"; version="7.6.0"; x-friends:="org.eclipse.egit.ui"
  Unresolved requirement: Import-Package: org.eclipse.jgit.dircache; version="[7.6.0,7.7.0)"
    -> Export-Package: org.eclipse.jgit.dircache; bundle-symbolic-name="org.eclipse.jgit"; bundle-version="7.6.0.202601071437-m1"; version="7.6.0"; uses:="org.eclipse.jgit.events,  org.eclipse.jgit.lib,  org.eclipse.jgit.attributes,  org.eclipse.jgit.treewalk,  org.eclipse.jgit.util"
  Unresolved requirement: Import-Package: org.eclipse.jgit.internal.diffmergetool; version="[7.6.0,7.7.0)"
    -> Export-Package: org.eclipse.jgit.internal.diffmergetool; bundle-symbolic-name="org.eclipse.jgit"; bundle-version="7.6.0.202601071437-m1"; version="7.6.0"; x-friends:="org.eclipse.jgit.test,  org.eclipse.jgit.pgm.test,  org.eclipse.jgit.pgm,  org.eclipse.egit.ui"
  Unresolved requirement: Import-Package: org.eclipse.jgit.treewalk; version="[7.6.0,7.7.0)"
    -> Export-Package: org.eclipse.jgit.treewalk; bundle-symbolic-name="org.eclipse.jgit"; bundle-version="7.6.0.202601071437-m1"; version="7.6.0"; uses:="org.eclipse.jgit.dircache,  org.eclipse.jgit.lib,  org.eclipse.jgit.attributes,  org.eclipse.jgit.revwalk,  org.eclipse.jgit.treewalk.filter,  org.eclipse.jgit.util"
  Unresolved requirement: Import-Package: org.eclipse.egit.core.internal.credentials; version="[7.6.0,7.7.0)"
    -> Export-Package: org.eclipse.egit.core.internal.credentials; bundle-symbolic-name="org.eclipse.egit.core"; bundle-version="7.6.0.202603022253-r"; version="7.6.0"; x-friends:="org.eclipse.egit.ui"
  Unresolved requirement: Import-Package: org.eclipse.egit.core.project; version="[7.6.0,7.7.0)"
    -> Export-Package: org.eclipse.egit.core.project; bundle-symbolic-name="org.eclipse.egit.core"; bundle-version="7.6.0.202603022253-r"; version="7.6.0"; x-friends:="org.eclipse.egit.ui,org.eclipse.egit.ui.test,org.eclipse.egit.gitflow.ui"
  Unresolved requirement: Import-Package: org.eclipse.egit.core.internal.efs; version="[7.6.0,7.7.0)"
    -> Export-Package: org.eclipse.egit.core.internal.efs; bundle-symbolic-name="org.eclipse.egit.core"; bundle-version="7.6.0.202603022253-r"; version="7.6.0"; x-friends:="org.eclipse.egit.ui"
  Unresolved requirement: Import-Package: org.eclipse.jgit.revwalk; version="[7.6.0,7.7.0)"
    -> Export-Package: org.eclipse.jgit.revwalk; bundle-symbolic-name="org.eclipse.jgit"; bundle-version="7.6.0.202601071437-m1"; version="7.6.0"; uses:="org.eclipse.jgit.lib,  org.eclipse.jgit.revwalk.filter,  org.eclipse.jgit.diff,  org.eclipse.jgit.treewalk.filter,  org.eclipse.jgit.treewalk,  org.eclipse.jgit.internal.storage.commitgraph"
  Unresolved requirement: Import-Package: org.eclipse.egit.core.internal.indexdiff; version="[7.6.0,7.7.0)"
    -> Export-Package: org.eclipse.egit.core.internal.indexdiff; bundle-symbolic-name="org.eclipse.egit.core"; bundle-version="7.6.0.202603022253-r"; version="7.6.0"; x-friends:="org.eclipse.egit.ui,org.eclipse.egit.ui.test"
  Unresolved requirement: Import-Package: org.eclipse.jgit.util.io; version="[7.6.0,7.7.0)"
    -> Export-Package: org.eclipse.jgit.util.io; bundle-symbolic-name="org.eclipse.jgit"; bundle-version="7.6.0.202601071437-m1"; version="7.6.0"; uses:="org.eclipse.jgit.attributes,  org.eclipse.jgit.lib,  org.eclipse.jgit.treewalk"


!ENTRY org.eclipse.m2e.editor.lemminx.bnd 2 0 2026-07-30 21:22:02.804
!MESSAGE Could not resolve module: org.eclipse.m2e.editor.lemminx.bnd [677]
  Unresolved requirement: Import-Package: aQute.bnd.help; version="[2.0.0,3.0.0)"
    -> Export-Package: aQute.bnd.help; bundle-symbolic-name="biz.aQute.bndlib"; bundle-version="7.1.0.202411251545"; version="2.0.0"; uses:="aQute.bnd.osgi"
       biz.aQute.bndlib [9]
         Unresolved requirement: Import-Package: aQute.bnd.exceptions; version="[3.0.0,4.0.0)"
           -> Export-Package: aQute.bnd.exceptions; bundle-symbolic-name="aQute.libg"; bundle-version="7.1.0.202411251545"; version="3.0.0"
              aQute.libg [3]
                Unresolved requirement: Import-Package: org.slf4j; version="[1.7.0,2.0.0)"
                  -> Export-Package: org.slf4j; bundle-symbolic-name="slf4j.api"; bundle-version="2.0.18"; version="1.7.36"
                     slf4j.api [1093]
                       Unresolved requirement: Require-Capability: osgi.serviceloader; osgi.serviceloader="org.slf4j.spi.SLF4JServiceProvider"; filter:="(osgi.serviceloader=org.slf4j.spi.SLF4JServiceProvider)"
                         -> Provide-Capability: osgi.serviceloader; osgi.serviceloader="org.slf4j.spi.SLF4JServiceProvider"; register:="ch.qos.logback.classic.spi.LogbackServiceProvider"
                            ch.qos.logback.classic [14]
                              Unresolved requirement: Import-Package: org.slf4j; version="[2.0.0,3.0.0)"
                                -> Export-Package: org.slf4j; bundle-symbolic-name="slf4j.api"; bundle-version="2.0.18"; version="2.0.18"; uses:="org.slf4j.event,org.slf4j.helpers,org.slf4j.spi"
                              Unresolved requirement: Import-Package: org.slf4j.event; version="[2.0.0,3.0.0)"
                                -> Export-Package: org.slf4j.event; bundle-symbolic-name="slf4j.api"; bundle-version="2.0.18"; version="2.0.18"; uses:="org.slf4j,org.slf4j.helpers"
                              Unresolved requirement: Import-Package: org.slf4j.spi; version="[2.0.0,3.0.0)"
                                -> Export-Package: org.slf4j.spi; bundle-symbolic-name="slf4j.api"; bundle-version="2.0.18"; version="2.0.18"; uses:="org.slf4j,org.slf4j.event,org.slf4j.helpers"
                              Unresolved requirement: Require-Capability: osgi.extender; filter:="(&(osgi.extender=osgi.serviceloader.registrar)(version>=1.0.0)(!(version>=2.0.0)))"
                                -> Provide-Capability: osgi.extender; osgi.extender="osgi.serviceloader.registrar"; version:Version="1.0.0"
                                   org.apache.aries.spifly.dynamic.bundle [97]
                                     Bundle was not resolved because of a uses constraint violation.
  org.apache.felix.resolver.reason.ReasonException: Uses constraint violation. Unable to resolve resource org.apache.aries.spifly.dynamic.bundle [osgi.identity; type="osgi.bundle"; version:Version="1.3.7"; osgi.identity="org.apache.aries.spifly.dynamic.bundle"] because it is exposed to package 'org.objectweb.asm' from resources org.objectweb.asm [osgi.identity; type="osgi.bundle"; version:Version="9.9.1"; osgi.identity="org.objectweb.asm"] and org.objectweb.asm [osgi.identity; type="osgi.bundle"; version:Version="9.10.1"; osgi.identity="org.objectweb.asm"] via two dependency chains.

Chain 1:
  org.apache.aries.spifly.dynamic.bundle [osgi.identity; type="osgi.bundle"; version:Version="1.3.7"; osgi.identity="org.apache.aries.spifly.dynamic.bundle"]
    import: (&(osgi.wiring.package=org.objectweb.asm)(&(version>=9.6.0)(!(version>=10.0.0))))
     |
    export: osgi.wiring.package: org.objectweb.asm
  org.objectweb.asm [osgi.identity; type="osgi.bundle"; version:Version="9.9.1"; osgi.identity="org.objectweb.asm"]

Chain 2:
  org.apache.aries.spifly.dynamic.bundle [osgi.identity; type="osgi.bundle"; version:Version="1.3.7"; osgi.identity="org.apache.aries.spifly.dynamic.bundle"]
    import: (&(osgi.wiring.package=org.objectweb.asm.util)(&(version>=9.6.0)(!(version>=10.0.0))))
     |
    export: osgi.wiring.package=org.objectweb.asm.util; uses:=org.objectweb.asm
  org.objectweb.asm.util [osgi.identity; type="osgi.bundle"; version:Version="9.10.1"; osgi.identity="org.objectweb.asm.util"]
    import: (&(osgi.wiring.package=org.objectweb.asm)(&(version>=9.10.1)(!(version>=9.11.0))))
     |
    export: osgi.wiring.package: org.objectweb.asm
  org.objectweb.asm [osgi.identity; type="osgi.bundle"; version:Version="9.10.1"; osgi.identity="org.objectweb.asm"]                              Unresolved requirement: Import-Package: org.slf4j.helpers; version="[2.0.0,3.0.0)"
                                -> Export-Package: org.slf4j.helpers; bundle-symbolic-name="slf4j.api"; bundle-version="2.0.18"; version="2.0.18"; uses:="org.slf4j,org.slf4j.event,org.slf4j.spi"
                              Bundle was not resolved because of a uses constraint violation.
  org.apache.felix.resolver.reason.ReasonException: Uses constraint violation. Unable to resolve resource org.apache.aries.spifly.dynamic.bundle [osgi.identity; type="osgi.bundle"; version:Version="1.3.7"; osgi.identity="org.apache.aries.spifly.dynamic.bundle"] because it is exposed to package 'org.objectweb.asm' from resources org.objectweb.asm [osgi.identity; type="osgi.bundle"; version:Version="9.9.1"; osgi.identity="org.objectweb.asm"] and org.objectweb.asm [osgi.identity; type="osgi.bundle"; version:Version="9.10.1"; osgi.identity="org.objectweb.asm"] via two dependency chains.

Chain 1:
  org.apache.aries.spifly.dynamic.bundle [osgi.identity; type="osgi.bundle"; version:Version="1.3.7"; osgi.identity="org.apache.aries.spifly.dynamic.bundle"]
    import: (&(osgi.wiring.package=org.objectweb.asm)(&(version>=9.6.0)(!(version>=10.0.0))))
     |
    export: osgi.wiring.package: org.objectweb.asm
  org.objectweb.asm [osgi.identity; type="osgi.bundle"; version:Version="9.9.1"; osgi.identity="org.objectweb.asm"]

Chain 2:
  org.apache.aries.spifly.dynamic.bundle [osgi.identity; type="osgi.bundle"; version:Version="1.3.7"; osgi.identity="org.apache.aries.spifly.dynamic.bundle"]
    import: (&(osgi.wiring.package=org.objectweb.asm.util)(&(version>=9.6.0)(!(version>=10.0.0))))
     |
    export: osgi.wiring.package=org.objectweb.asm.util; uses:=org.objectweb.asm
  org.objectweb.asm.util [osgi.identity; type="osgi.bundle"; version:Version="9.10.1"; osgi.identity="org.objectweb.asm.util"]
    import: (&(osgi.wiring.package=org.objectweb.asm)(&(version>=9.10.1)(!(version>=9.11.0))))
     |
    export: osgi.wiring.package: org.objectweb.asm
  org.objectweb.asm [osgi.identity; type="osgi.bundle"; version:Version="9.10.1"; osgi.identity="org.objectweb.asm"]                       Unresolved requirement: Require-Capability: osgi.extender; filter:="(&(osgi.extender=osgi.serviceloader.processor)(version>=1.0.0)(!(version>=2.0.0)))"
                         -> Provide-Capability: osgi.extender; osgi.extender="osgi.serviceloader.processor"; version:Version="1.0.0"; uses:="org.apache.aries.spifly"
                Unresolved requirement: Import-Package: aQute.service.reporter; version="[1.3.0,2.0.0)"
                  -> Export-Package: aQute.service.reporter; bundle-symbolic-name="biz.aQute.bndlib"; bundle-version="7.1.0.202411251545"; version="1.3.0"
                Bundle was not resolved because of a uses constraint violation.
  org.apache.felix.resolver.reason.ReasonException: Uses constraint violation. Unable to resolve resource org.apache.aries.spifly.dynamic.bundle [osgi.identity; type="osgi.bundle"; version:Version="1.3.7"; osgi.identity="org.apache.aries.spifly.dynamic.bundle"] because it is exposed to package 'org.objectweb.asm' from resources org.objectweb.asm [osgi.identity; type="osgi.bundle"; version:Version="9.10.1"; osgi.identity="org.objectweb.asm"] and org.objectweb.asm [osgi.identity; type="osgi.bundle"; version:Version="9.9.1"; osgi.identity="org.objectweb.asm"] via two dependency chains.

Chain 1:
  org.apache.aries.spifly.dynamic.bundle [osgi.identity; type="osgi.bundle"; version:Version="1.3.7"; osgi.identity="org.apache.aries.spifly.dynamic.bundle"]
    import: (&(osgi.wiring.package=org.objectweb.asm)(&(version>=9.6.0)(!(version>=10.0.0))))
     |
    export: osgi.wiring.package: org.objectweb.asm
  org.objectweb.asm [osgi.identity; type="osgi.bundle"; version:Version="9.10.1"; osgi.identity="org.objectweb.asm"]

Chain 2:
  org.apache.aries.spifly.dynamic.bundle [osgi.identity; type="osgi.bundle"; version:Version="1.3.7"; osgi.identity="org.apache.aries.spifly.dynamic.bundle"]
    import: (&(osgi.wiring.package=org.objectweb.asm.commons)(&(version>=9.6.0)(!(version>=10.0.0))))
     |
    export: osgi.wiring.package=org.objectweb.asm.commons; uses:=org.objectweb.asm
  org.objectweb.asm.commons [osgi.identity; type="osgi.bundle"; version:Version="9.9.1"; osgi.identity="org.objectweb.asm.commons"]
    import: (&(osgi.wiring.package=org.objectweb.asm)(&(version>=9.9.1)(!(version>=9.10.0))))
     |
    export: osgi.wiring.package: org.objectweb.asm
  org.objectweb.asm [osgi.identity; type="osgi.bundle"; version:Version="9.9.1"; osgi.identity="org.objectweb.asm"]         Unresolved requirement: Import-Package: org.slf4j; version="[1.7.0,2.0.0)"
           -> Export-Package: org.slf4j; bundle-symbolic-name="slf4j.api"; bundle-version="2.0.18"; version="1.7.36"
         Bundle was not resolved because of a uses constraint violation.
  org.apache.felix.resolver.reason.ReasonException: Uses constraint violation. Unable to resolve resource org.apache.aries.spifly.dynamic.bundle [osgi.identity; type="osgi.bundle"; version:Version="1.3.7"; osgi.identity="org.apache.aries.spifly.dynamic.bundle"] because it is exposed to package 'org.objectweb.asm' from resources org.objectweb.asm [osgi.identity; type="osgi.bundle"; version:Version="9.9.1"; osgi.identity="org.objectweb.asm"] and org.objectweb.asm [osgi.identity; type="osgi.bundle"; version:Version="9.10.1"; osgi.identity="org.objectweb.asm"] via two dependency chains.

Chain 1:
  org.apache.aries.spifly.dynamic.bundle [osgi.identity; type="osgi.bundle"; version:Version="1.3.7"; osgi.identity="org.apache.aries.spifly.dynamic.bundle"]
    import: (&(osgi.wiring.package=org.objectweb.asm)(&(version>=9.6.0)(!(version>=10.0.0))))
     |
    export: osgi.wiring.package: org.objectweb.asm
  org.objectweb.asm [osgi.identity; type="osgi.bundle"; version:Version="9.9.1"; osgi.identity="org.objectweb.asm"]

Chain 2:
  org.apache.aries.spifly.dynamic.bundle [osgi.identity; type="osgi.bundle"; version:Version="1.3.7"; osgi.identity="org.apache.aries.spifly.dynamic.bundle"]
    import: (&(osgi.wiring.package=org.objectweb.asm.util)(&(version>=9.6.0)(!(version>=10.0.0))))
     |
    export: osgi.wiring.package=org.objectweb.asm.util; uses:=org.objectweb.asm
  org.objectweb.asm.util [osgi.identity; type="osgi.bundle"; version:Version="9.10.1"; osgi.identity="org.objectweb.asm.util"]
    import: (&(osgi.wiring.package=org.objectweb.asm)(&(version>=9.10.1)(!(version>=9.11.0))))
     |
    export: osgi.wiring.package: org.objectweb.asm
  org.objectweb.asm [osgi.identity; type="osgi.bundle"; version:Version="9.10.1"; osgi.identity="org.objectweb.asm"]  Unresolved requirement: Require-Bundle: org.eclipse.wildwebdeveloper.xml
    -> Bundle-SymbolicName: org.eclipse.wildwebdeveloper.xml; bundle-version="1.3.8.202511131403"; singleton:="true"
       org.eclipse.wildwebdeveloper.xml [896]
         Unresolved requirement: Require-Bundle: org.eclipse.tm4e.languageconfiguration; bundle-version="0.1.0"
           -> Bundle-SymbolicName: org.eclipse.tm4e.languageconfiguration; bundle-version="0.17.1.202511281119"; singleton:="true"
              org.eclipse.tm4e.languageconfiguration [863]
                Unresolved requirement: Require-Bundle: org.eclipse.jface.text
                  -> Bundle-SymbolicName: org.eclipse.jface.text; bundle-version="3.30.0.v20251218-1237"
                     org.eclipse.jface.text [513]
                       Unresolved requirement: Require-Bundle: org.eclipse.jface; bundle-version="[3.39.0,4.0.0)"
                         -> Bundle-SymbolicName: org.eclipse.jface; bundle-version="3.39.0.v20260103-1533"; singleton:="true"
                            org.eclipse.jface [510]
                              Unresolved requirement: Require-Capability: eclipse.swt; filter:="(image.format=svg)"
                                -> Provide-Capability: eclipse.swt; image.format="svg"; version:Version="1.0.0"
                                   org.eclipse.swt.svg [842]
                                     Unresolved requirement: Fragment-Host: org.eclipse.swt
                                     Unresolved requirement: Fragment-Host: org.eclipse.swt
                                     Unresolved requirement: Fragment-Host: org.eclipse.swt
                                     Unresolved requirement: Fragment-Host: org.eclipse.swt
                                     Unresolved requirement: Fragment-Host: org.eclipse.swt
                                     Unresolved requirement: Import-Package: com.github.weisj.jsvg; version="[2.1.0,3.0.0)"
                                       -> Export-Package: com.github.weisj.jsvg; bundle-symbolic-name="com.github.weisj.jsvg"; bundle-version="2.1.0"; version="2.1.0"; uses:="com.github.weisj.jsvg.renderer,com.github.weisj.jsvg.renderer.animation,com.github.weisj.jsvg.renderer.output,com.github.weisj.jsvg.view,javax.swing"
                                          com.github.weisj.jsvg [21]
                                            Unresolved requirement: Require-Capability: osgi.serviceloader; osgi.serviceloader="com.github.weisj.jsvg.logging.LogManager"; filter:="(osgi.serviceloader=com.github.weisj.jsvg.logging.LogManager)"
                                              -> Provide-Capability: osgi.serviceloader; osgi.serviceloader="com.github.weisj.jsvg.logging.LogManager"; register:="org.eclipse.swt.svg.logging.JVSGLoggerLogManager"
                                            Unresolved requirement: Require-Capability: osgi.extender; filter:="(&(osgi.extender=osgi.serviceloader.processor)(version>=1.0.0)(!(version>=2.0.0)))"
                                              -> Provide-Capability: osgi.extender; osgi.extender="osgi.serviceloader.processor"; version:Version="1.0.0"; uses:="org.apache.aries.spifly"
                                     Unresolved requirement: Import-Package: com.github.weisj.jsvg.logging; version="[2.1.0,3.0.0)"
                                       -> Export-Package: com.github.weisj.jsvg.logging; bundle-symbolic-name="com.github.weisj.jsvg"; bundle-version="2.1.0"; version="2.1.0"
                                     Unresolved requirement: Import-Package: com.github.weisj.jsvg.parser; version="[2.1.0,3.0.0)"
                                       -> Export-Package: com.github.weisj.jsvg.parser; bundle-symbolic-name="com.github.weisj.jsvg"; bundle-version="2.1.0"; version="2.1.0"; uses:="com.github.weisj.jsvg,com.github.weisj.jsvg.paint,com.github.weisj.jsvg.parser.css,com.github.weisj.jsvg.parser.impl,com.github.weisj.jsvg.parser.resources,javax.xml.stream"
                                     Unresolved requirement: Import-Package: com.github.weisj.jsvg.view; version="[2.1.0,3.0.0)"
                                       -> Export-Package: com.github.weisj.jsvg.view; bundle-symbolic-name="com.github.weisj.jsvg"; bundle-version="2.1.0"; version="2.1.0"
                       Unresolved requirement: Require-Capability: eclipse.swt; filter:="(image.format=svg)"
                         -> Provide-Capability: eclipse.swt; image.format="svg"; version:Version="1.0.0"
         Unresolved requirement: Require-Bundle: org.eclipse.lsp4e; bundle-version="0.18.9"
           -> Bundle-SymbolicName: org.eclipse.lsp4e; bundle-version="0.19.12.202605060644"; singleton:="true"
              org.eclipse.lsp4e [656]
                Unresolved requirement: Require-Bundle: org.eclipse.jface.text; bundle-version="3.23.0"
                  -> Bundle-SymbolicName: org.eclipse.jface.text; bundle-version="3.30.0.v20251218-1237"
         Unresolved requirement: Require-Bundle: org.eclipse.tm4e.ui; bundle-version="0.1.0"
           -> Bundle-SymbolicName: org.eclipse.tm4e.ui; bundle-version="0.17.2.202602051927"; singleton:="true"
              org.eclipse.tm4e.ui [865]
                Unresolved requirement: Require-Bundle: org.eclipse.jface.text
                  -> Bundle-SymbolicName: org.eclipse.jface.text; bundle-version="3.30.0.v20251218-1237"


!ENTRY org.eclipse.ui.forms 2 0 2026-07-30 21:22:02.809
!MESSAGE Could not resolve module: org.eclipse.ui.forms [872]
  Unresolved requirement: Require-Capability: eclipse.swt; filter:="(image.format=svg)"
    -> Provide-Capability: eclipse.swt; image.format="svg"; version:Version="1.0.0"
       org.eclipse.swt.svg [842]
         Unresolved requirement: Fragment-Host: org.eclipse.swt
         Unresolved requirement: Fragment-Host: org.eclipse.swt
         Unresolved requirement: Fragment-Host: org.eclipse.swt
         Unresolved requirement: Fragment-Host: org.eclipse.swt
         Unresolved requirement: Fragment-Host: org.eclipse.swt
         Unresolved requirement: Import-Package: com.github.weisj.jsvg; version="[2.1.0,3.0.0)"
           -> Export-Package: com.github.weisj.jsvg; bundle-symbolic-name="com.github.weisj.jsvg"; bundle-version="2.1.0"; version="2.1.0"; uses:="com.github.weisj.jsvg.renderer,com.github.weisj.jsvg.renderer.animation,com.github.weisj.jsvg.renderer.output,com.github.weisj.jsvg.view,javax.swing"
              com.github.weisj.jsvg [21]
                Unresolved requirement: Require-Capability: osgi.serviceloader; osgi.serviceloader="com.github.weisj.jsvg.logging.LogManager"; filter:="(osgi.serviceloader=com.github.weisj.jsvg.logging.LogManager)"
                  -> Provide-Capability: osgi.serviceloader; osgi.serviceloader="com.github.weisj.jsvg.logging.LogManager"; register:="org.eclipse.swt.svg.logging.JVSGLoggerLogManager"
                Unresolved requirement: Require-Capability: osgi.extender; filter:="(&(osgi.extender=osgi.serviceloader.processor)(version>=1.0.0)(!(version>=2.0.0)))"
                  -> Provide-Capability: osgi.extender; osgi.extender="osgi.serviceloader.processor"; version:Version="1.0.0"; uses:="org.apache.aries.spifly"
                     org.apache.aries.spifly.dynamic.bundle [97]
                       Bundle was not resolved because of a uses constraint violation.
  org.apache.felix.resolver.reason.ReasonException: Uses constraint violation. Unable to resolve resource org.apache.aries.spifly.dynamic.bundle [osgi.identity; type="osgi.bundle"; version:Version="1.3.7"; osgi.identity="org.apache.aries.spifly.dynamic.bundle"] because it is exposed to package 'org.objectweb.asm' from resources org.objectweb.asm [osgi.identity; type="osgi.bundle"; version:Version="9.9.1"; osgi.identity="org.objectweb.asm"] and org.objectweb.asm [osgi.identity; type="osgi.bundle"; version:Version="9.10.1"; osgi.identity="org.objectweb.asm"] via two dependency chains.

Chain 1:
  org.apache.aries.spifly.dynamic.bundle [osgi.identity; type="osgi.bundle"; version:Version="1.3.7"; osgi.identity="org.apache.aries.spifly.dynamic.bundle"]
    import: (&(osgi.wiring.package=org.objectweb.asm)(&(version>=9.6.0)(!(version>=10.0.0))))
     |
    export: osgi.wiring.package: org.objectweb.asm
  org.objectweb.asm [osgi.identity; type="osgi.bundle"; version:Version="9.9.1"; osgi.identity="org.objectweb.asm"]

Chain 2:
  org.apache.aries.spifly.dynamic.bundle [osgi.identity; type="osgi.bundle"; version:Version="1.3.7"; osgi.identity="org.apache.aries.spifly.dynamic.bundle"]
    import: (&(osgi.wiring.package=org.objectweb.asm.util)(&(version>=9.6.0)(!(version>=10.0.0))))
     |
    export: osgi.wiring.package=org.objectweb.asm.util; uses:=org.objectweb.asm
  org.objectweb.asm.util [osgi.identity; type="osgi.bundle"; version:Version="9.10.1"; osgi.identity="org.objectweb.asm.util"]
    import: (&(osgi.wiring.package=org.objectweb.asm)(&(version>=9.10.1)(!(version>=9.11.0))))
     |
    export: osgi.wiring.package: org.objectweb.asm
  org.objectweb.asm [osgi.identity; type="osgi.bundle"; version:Version="9.10.1"; osgi.identity="org.objectweb.asm"]         Unresolved requirement: Import-Package: com.github.weisj.jsvg.logging; version="[2.1.0,3.0.0)"
           -> Export-Package: com.github.weisj.jsvg.logging; bundle-symbolic-name="com.github.weisj.jsvg"; bundle-version="2.1.0"; version="2.1.0"
         Unresolved requirement: Import-Package: com.github.weisj.jsvg.parser; version="[2.1.0,3.0.0)"
           -> Export-Package: com.github.weisj.jsvg.parser; bundle-symbolic-name="com.github.weisj.jsvg"; bundle-version="2.1.0"; version="2.1.0"; uses:="com.github.weisj.jsvg,com.github.weisj.jsvg.paint,com.github.weisj.jsvg.parser.css,com.github.weisj.jsvg.parser.impl,com.github.weisj.jsvg.parser.resources,javax.xml.stream"
         Unresolved requirement: Import-Package: com.github.weisj.jsvg.view; version="[2.1.0,3.0.0)"
           -> Export-Package: com.github.weisj.jsvg.view; bundle-symbolic-name="com.github.weisj.jsvg"; bundle-version="2.1.0"; version="2.1.0"
  Unresolved requirement: Require-Bundle: org.eclipse.jface; bundle-version="[3.18.0,4.0.0)"
    -> Bundle-SymbolicName: org.eclipse.jface; bundle-version="3.39.0.v20260103-1533"; singleton:="true"
       org.eclipse.jface [510]
         Unresolved requirement: Require-Capability: eclipse.swt; filter:="(image.format=svg)"
           -> Provide-Capability: eclipse.swt; image.format="svg"; version:Version="1.0.0"
  Unresolved requirement: Require-Bundle: org.eclipse.e4.ui.css.swt; bundle-version="0.16.0"
    -> Bundle-SymbolicName: org.eclipse.e4.ui.css.swt; bundle-version="0.16.0.v20251216-1230"; singleton:="true"
       org.eclipse.e4.ui.css.swt [332]
         Unresolved requirement: Import-Package: org.eclipse.jface.resource
           -> Export-Package: org.eclipse.jface.resource; bundle-symbolic-name="org.eclipse.jface"; bundle-version="3.39.0.v20260103-1533"; version="0.0.0"


!ENTRY org.eclipse.m2e.core 2 0 2026-07-30 21:22:02.809
!MESSAGE Could not resolve module: org.eclipse.m2e.core [672]
  Unresolved requirement: Import-Package: org.slf4j; version="[1.7.0,3.0.0)"
    -> Export-Package: org.slf4j; bundle-symbolic-name="slf4j.api"; bundle-version="2.0.18"; version="1.7.36"
       slf4j.api [1093]
         Unresolved requirement: Require-Capability: osgi.serviceloader; osgi.serviceloader="org.slf4j.spi.SLF4JServiceProvider"; filter:="(osgi.serviceloader=org.slf4j.spi.SLF4JServiceProvider)"
           -> Provide-Capability: osgi.serviceloader; osgi.serviceloader="org.slf4j.spi.SLF4JServiceProvider"; register:="ch.qos.logback.classic.spi.LogbackServiceProvider"
              ch.qos.logback.classic [14]
                Unresolved requirement: Import-Package: org.slf4j; version="[2.0.0,3.0.0)"
                  -> Export-Package: org.slf4j; bundle-symbolic-name="slf4j.api"; bundle-version="2.0.18"; version="2.0.18"; uses:="org.slf4j.event,org.slf4j.helpers,org.slf4j.spi"
                Unresolved requirement: Import-Package: org.slf4j.event; version="[2.0.0,3.0.0)"
                  -> Export-Package: org.slf4j.event; bundle-symbolic-name="slf4j.api"; bundle-version="2.0.18"; version="2.0.18"; uses:="org.slf4j,org.slf4j.helpers"
                Unresolved requirement: Import-Package: org.slf4j.spi; version="[2.0.0,3.0.0)"
                  -> Export-Package: org.slf4j.spi; bundle-symbolic-name="slf4j.api"; bundle-version="2.0.18"; version="2.0.18"; uses:="org.slf4j,org.slf4j.event,org.slf4j.helpers"
                Unresolved requirement: Require-Capability: osgi.extender; filter:="(&(osgi.extender=osgi.serviceloader.registrar)(version>=1.0.0)(!(version>=2.0.0)))"
                  -> Provide-Capability: osgi.extender; osgi.extender="osgi.serviceloader.registrar"; version:Version="1.0.0"
                     org.apache.aries.spifly.dynamic.bundle [97]
                       Bundle was not resolved because of a uses constraint violation.
  org.apache.felix.resolver.reason.ReasonException: Uses constraint violation. Unable to resolve resource org.apache.aries.spifly.dynamic.bundle [osgi.identity; type="osgi.bundle"; version:Version="1.3.7"; osgi.identity="org.apache.aries.spifly.dynamic.bundle"] because it is exposed to package 'org.objectweb.asm' from resources org.objectweb.asm [osgi.identity; type="osgi.bundle"; version:Version="9.9.1"; osgi.identity="org.objectweb.asm"] and org.objectweb.asm [osgi.identity; type="osgi.bundle"; version:Version="9.10.1"; osgi.identity="org.objectweb.asm"] via two dependency chains.

Chain 1:
  org.apache.aries.spifly.dynamic.bundle [osgi.identity; type="osgi.bundle"; version:Version="1.3.7"; osgi.identity="org.apache.aries.spifly.dynamic.bundle"]
    import: (&(osgi.wiring.package=org.objectweb.asm)(&(version>=9.6.0)(!(version>=10.0.0))))
     |
    export: osgi.wiring.package: org.objectweb.asm
  org.objectweb.asm [osgi.identity; type="osgi.bundle"; version:Version="9.9.1"; osgi.identity="org.objectweb.asm"]

Chain 2:
  org.apache.aries.spifly.dynamic.bundle [osgi.identity; type="osgi.bundle"; version:Version="1.3.7"; osgi.identity="org.apache.aries.spifly.dynamic.bundle"]
    import: (&(osgi.wiring.package=org.objectweb.asm.util)(&(version>=9.6.0)(!(version>=10.0.0))))
     |
    export: osgi.wiring.package=org.objectweb.asm.util; uses:=org.objectweb.asm
  org.objectweb.asm.util [osgi.identity; type="osgi.bundle"; version:Version="9.10.1"; osgi.identity="org.objectweb.asm.util"]
    import: (&(osgi.wiring.package=org.objectweb.asm)(&(version>=9.10.1)(!(version>=9.11.0))))
     |
    export: osgi.wiring.package: org.objectweb.asm
  org.objectweb.asm [osgi.identity; type="osgi.bundle"; version:Version="9.10.1"; osgi.identity="org.objectweb.asm"]                Unresolved requirement: Import-Package: org.slf4j.helpers; version="[2.0.0,3.0.0)"
                  -> Export-Package: org.slf4j.helpers; bundle-symbolic-name="slf4j.api"; bundle-version="2.0.18"; version="2.0.18"; uses:="org.slf4j,org.slf4j.event,org.slf4j.spi"
                Bundle was not resolved because of a uses constraint violation.
  org.apache.felix.resolver.reason.ReasonException: Uses constraint violation. Unable to resolve resource org.apache.aries.spifly.dynamic.bundle [osgi.identity; type="osgi.bundle"; version:Version="1.3.7"; osgi.identity="org.apache.aries.spifly.dynamic.bundle"] because it is exposed to package 'org.objectweb.asm' from resources org.objectweb.asm [osgi.identity; type="osgi.bundle"; version:Version="9.9.1"; osgi.identity="org.objectweb.asm"] and org.objectweb.asm [osgi.identity; type="osgi.bundle"; version:Version="9.10.1"; osgi.identity="org.objectweb.asm"] via two dependency chains.

Chain 1:
  org.apache.aries.spifly.dynamic.bundle [osgi.identity; type="osgi.bundle"; version:Version="1.3.7"; osgi.identity="org.apache.aries.spifly.dynamic.bundle"]
    import: (&(osgi.wiring.package=org.objectweb.asm)(&(version>=9.6.0)(!(version>=10.0.0))))
     |
    export: osgi.wiring.package: org.objectweb.asm
  org.objectweb.asm [osgi.identity; type="osgi.bundle"; version:Version="9.9.1"; osgi.identity="org.objectweb.asm"]

Chain 2:
  org.apache.aries.spifly.dynamic.bundle [osgi.identity; type="osgi.bundle"; version:Version="1.3.7"; osgi.identity="org.apache.aries.spifly.dynamic.bundle"]
    import: (&(osgi.wiring.package=org.objectweb.asm.util)(&(version>=9.6.0)(!(version>=10.0.0))))
     |
    export: osgi.wiring.package=org.objectweb.asm.util; uses:=org.objectweb.asm
  org.objectweb.asm.util [osgi.identity; type="osgi.bundle"; version:Version="9.10.1"; osgi.identity="org.objectweb.asm.util"]
    import: (&(osgi.wiring.package=org.objectweb.asm)(&(version>=9.10.1)(!(version>=9.11.0))))
     |
    export: osgi.wiring.package: org.objectweb.asm
  org.objectweb.asm [osgi.identity; type="osgi.bundle"; version:Version="9.10.1"; osgi.identity="org.objectweb.asm"]         Unresolved requirement: Require-Capability: osgi.extender; filter:="(&(osgi.extender=osgi.serviceloader.processor)(version>=1.0.0)(!(version>=2.0.0)))"
           -> Provide-Capability: osgi.extender; osgi.extender="osgi.serviceloader.processor"; version:Version="1.0.0"; uses:="org.apache.aries.spifly"
  Unresolved requirement: Require-Bundle: org.eclipse.m2e.maven.runtime; bundle-version="[3.8.6,4.0.0)"
    -> Bundle-SymbolicName: org.eclipse.m2e.maven.runtime; bundle-version="3.9.1101.20251020-1549"
       org.eclipse.m2e.maven.runtime [682]
         Unresolved requirement: Import-Package: org.slf4j.spi; version="[1.7.31,3.0.0)"
           -> Export-Package: org.slf4j.spi; bundle-symbolic-name="slf4j.api"; bundle-version="2.0.18"; version="2.0.18"; uses:="org.slf4j,org.slf4j.event,org.slf4j.helpers"
         Unresolved requirement: Import-Package: org.slf4j.helpers; version="[1.7.31,3.0.0)"
           -> Export-Package: org.slf4j.helpers; bundle-symbolic-name="slf4j.api"; bundle-version="2.0.18"; version="2.0.18"; uses:="org.slf4j,org.slf4j.event,org.slf4j.spi"
         Unresolved requirement: Import-Package: org.slf4j; version="[1.7.31,3.0.0)"
           -> Export-Package: org.slf4j; bundle-symbolic-name="slf4j.api"; bundle-version="2.0.18"; version="1.7.36"


!ENTRY org.eclipse.mylyn.git.core 2 0 2026-07-30 21:22:02.819
!MESSAGE Could not resolve module: org.eclipse.mylyn.git.core [723]
  Unresolved requirement: Require-Bundle: org.eclipse.egit.core; bundle-version="0.0.0"
    -> Bundle-SymbolicName: org.eclipse.egit.core; bundle-version="7.6.0.202603022253-r"; singleton:="true"
       org.eclipse.egit.core [360]
         Unresolved requirement: Import-Package: org.eclipse.jgit.dircache; version="[7.6.0,7.7.0)"
           -> Export-Package: org.eclipse.jgit.dircache; bundle-symbolic-name="org.eclipse.jgit"; bundle-version="7.6.0.202601071437-m1"; version="7.6.0"; uses:="org.eclipse.jgit.events,  org.eclipse.jgit.lib,  org.eclipse.jgit.attributes,  org.eclipse.jgit.treewalk,  org.eclipse.jgit.util"
              org.eclipse.jgit [514]
                Unresolved requirement: Import-Package: org.slf4j; version="[1.7.0,3.0.0)"
                  -> Export-Package: org.slf4j; bundle-symbolic-name="slf4j.api"; bundle-version="2.0.18"; version="1.7.36"
                     slf4j.api [1093]
                       Unresolved requirement: Require-Capability: osgi.serviceloader; osgi.serviceloader="org.slf4j.spi.SLF4JServiceProvider"; filter:="(osgi.serviceloader=org.slf4j.spi.SLF4JServiceProvider)"
                         -> Provide-Capability: osgi.serviceloader; osgi.serviceloader="org.slf4j.spi.SLF4JServiceProvider"; register:="ch.qos.logback.classic.spi.LogbackServiceProvider"
                            ch.qos.logback.classic [14]
                              Unresolved requirement: Import-Package: org.slf4j; version="[2.0.0,3.0.0)"
                                -> Export-Package: org.slf4j; bundle-symbolic-name="slf4j.api"; bundle-version="2.0.18"; version="2.0.18"; uses:="org.slf4j.event,org.slf4j.helpers,org.slf4j.spi"
                              Unresolved requirement: Import-Package: org.slf4j.event; version="[2.0.0,3.0.0)"
                                -> Export-Package: org.slf4j.event; bundle-symbolic-name="slf4j.api"; bundle-version="2.0.18"; version="2.0.18"; uses:="org.slf4j,org.slf4j.helpers"
                              Unresolved requirement: Import-Package: org.slf4j.spi; version="[2.0.0,3.0.0)"
                                -> Export-Package: org.slf4j.spi; bundle-symbolic-name="slf4j.api"; bundle-version="2.0.18"; version="2.0.18"; uses:="org.slf4j,org.slf4j.event,org.slf4j.helpers"
                              Unresolved requirement: Require-Capability: osgi.extender; filter:="(&(osgi.extender=osgi.serviceloader.registrar)(version>=1.0.0)(!(version>=2.0.0)))"
                                -> Provide-Capability: osgi.extender; osgi.extender="osgi.serviceloader.registrar"; version:Version="1.0.0"
                                   org.apache.aries.spifly.dynamic.bundle [97]
                                     Bundle was not resolved because of a uses constraint violation.
  org.apache.felix.resolver.reason.ReasonException: Uses constraint violation. Unable to resolve resource org.apache.aries.spifly.dynamic.bundle [osgi.identity; type="osgi.bundle"; version:Version="1.3.7"; osgi.identity="org.apache.aries.spifly.dynamic.bundle"] because it is exposed to package 'org.objectweb.asm' from resources org.objectweb.asm [osgi.identity; type="osgi.bundle"; version:Version="9.9.1"; osgi.identity="org.objectweb.asm"] and org.objectweb.asm [osgi.identity; type="osgi.bundle"; version:Version="9.10.1"; osgi.identity="org.objectweb.asm"] via two dependency chains.

Chain 1:
  org.apache.aries.spifly.dynamic.bundle [osgi.identity; type="osgi.bundle"; version:Version="1.3.7"; osgi.identity="org.apache.aries.spifly.dynamic.bundle"]
    import: (&(osgi.wiring.package=org.objectweb.asm)(&(version>=9.6.0)(!(version>=10.0.0))))
     |
    export: osgi.wiring.package: org.objectweb.asm
  org.objectweb.asm [osgi.identity; type="osgi.bundle"; version:Version="9.9.1"; osgi.identity="org.objectweb.asm"]

Chain 2:
  org.apache.aries.spifly.dynamic.bundle [osgi.identity; type="osgi.bundle"; version:Version="1.3.7"; osgi.identity="org.apache.aries.spifly.dynamic.bundle"]
    import: (&(osgi.wiring.package=org.objectweb.asm.util)(&(version>=9.6.0)(!(version>=10.0.0))))
     |
    export: osgi.wiring.package=org.objectweb.asm.util; uses:=org.objectweb.asm
  org.objectweb.asm.util [osgi.identity; type="osgi.bundle"; version:Version="9.10.1"; osgi.identity="org.objectweb.asm.util"]
    import: (&(osgi.wiring.package=org.objectweb.asm)(&(version>=9.10.1)(!(version>=9.11.0))))
     |
    export: osgi.wiring.package: org.objectweb.asm
  org.objectweb.asm [osgi.identity; type="osgi.bundle"; version:Version="9.10.1"; osgi.identity="org.objectweb.asm"]                              Unresolved requirement: Import-Package: org.slf4j.helpers; version="[2.0.0,3.0.0)"
                                -> Export-Package: org.slf4j.helpers; bundle-symbolic-name="slf4j.api"; bundle-version="2.0.18"; version="2.0.18"; uses:="org.slf4j,org.slf4j.event,org.slf4j.spi"
                              Bundle was not resolved because of a uses constraint violation.
  org.apache.felix.resolver.reason.ReasonException: Uses constraint violation. Unable to resolve resource org.apache.aries.spifly.dynamic.bundle [osgi.identity; type="osgi.bundle"; version:Version="1.3.7"; osgi.identity="org.apache.aries.spifly.dynamic.bundle"] because it is exposed to package 'org.objectweb.asm' from resources org.objectweb.asm [osgi.identity; type="osgi.bundle"; version:Version="9.9.1"; osgi.identity="org.objectweb.asm"] and org.objectweb.asm [osgi.identity; type="osgi.bundle"; version:Version="9.10.1"; osgi.identity="org.objectweb.asm"] via two dependency chains.

Chain 1:
  org.apache.aries.spifly.dynamic.bundle [osgi.identity; type="osgi.bundle"; version:Version="1.3.7"; osgi.identity="org.apache.aries.spifly.dynamic.bundle"]
    import: (&(osgi.wiring.package=org.objectweb.asm)(&(version>=9.6.0)(!(version>=10.0.0))))
     |
    export: osgi.wiring.package: org.objectweb.asm
  org.objectweb.asm [osgi.identity; type="osgi.bundle"; version:Version="9.9.1"; osgi.identity="org.objectweb.asm"]

Chain 2:
  org.apache.aries.spifly.dynamic.bundle [osgi.identity; type="osgi.bundle"; version:Version="1.3.7"; osgi.identity="org.apache.aries.spifly.dynamic.bundle"]
    import: (&(osgi.wiring.package=org.objectweb.asm.util)(&(version>=9.6.0)(!(version>=10.0.0))))
     |
    export: osgi.wiring.package=org.objectweb.asm.util; uses:=org.objectweb.asm
  org.objectweb.asm.util [osgi.identity; type="osgi.bundle"; version:Version="9.10.1"; osgi.identity="org.objectweb.asm.util"]
    import: (&(osgi.wiring.package=org.objectweb.asm)(&(version>=9.10.1)(!(version>=9.11.0))))
     |
    export: osgi.wiring.package: org.objectweb.asm
  org.objectweb.asm [osgi.identity; type="osgi.bundle"; version:Version="9.10.1"; osgi.identity="org.objectweb.asm"]                       Unresolved requirement: Require-Capability: osgi.extender; filter:="(&(osgi.extender=osgi.serviceloader.processor)(version>=1.0.0)(!(version>=2.0.0)))"
                         -> Provide-Capability: osgi.extender; osgi.extender="osgi.serviceloader.processor"; version:Version="1.0.0"; uses:="org.apache.aries.spifly"
         Unresolved requirement: Import-Package: org.eclipse.jgit.merge; version="[7.6.0,7.7.0)"
           -> Export-Package: org.eclipse.jgit.merge; bundle-symbolic-name="org.eclipse.jgit"; bundle-version="7.6.0.202601071437-m1"; version="7.6.0"; uses:="org.eclipse.jgit.dircache,  org.eclipse.jgit.lib,  org.eclipse.jgit.revwalk,  org.eclipse.jgit.diff,  org.eclipse.jgit.treewalk,  org.eclipse.jgit.util,  org.eclipse.jgit.api,  org.eclipse.jgit.attributes"
         Unresolved requirement: Import-Package: org.eclipse.jgit.transport.sshd.agent; version="[7.6.0,7.7.0)"
           -> Export-Package: org.eclipse.jgit.transport.sshd.agent; bundle-symbolic-name="org.eclipse.jgit.ssh.apache"; bundle-version="7.6.0.202603022253-r"; version="7.6.0"
              org.eclipse.jgit.ssh.apache [518]
                Unresolved requirement: Import-Package: org.apache.sshd.common.helpers; version="[2.17.1,2.18.0)"
                  -> Export-Package: org.apache.sshd.common.helpers; bundle-symbolic-name="org.apache.sshd.osgi"; bundle-version="2.17.1"; version="2.17.1"; uses:="org.apache.sshd.agent,org.apache.sshd.common,org.apache.sshd.common.channel,org.apache.sshd.common.channel.throttle,org.apache.sshd.common.file,org.apache.sshd.common.forward,org.apache.sshd.common.io,org.apache.sshd.common.kex,org.apache.sshd.common.random,org.apache.sshd.common.session,org.apache.sshd.common.session.helpers,org.apache.sshd.server.forward"
                     org.apache.sshd.osgi [134]
                       Unresolved requirement: Import-Package: org.slf4j.helpers; version="[1.7.0,3.0.0)"
                         -> Export-Package: org.slf4j.helpers; bundle-symbolic-name="slf4j.api"; bundle-version="2.0.18"; version="2.0.18"; uses:="org.slf4j,org.slf4j.event,org.slf4j.spi"
                       Unresolved requirement: Import-Package: org.slf4j.event; version="[1.7.0,3.0.0)"
                         -> Export-Package: org.slf4j.event; bundle-symbolic-name="slf4j.api"; bundle-version="2.0.18"; version="2.0.18"; uses:="org.slf4j,org.slf4j.helpers"
                       Unresolved requirement: Import-Package: org.slf4j; version="[1.7.0,3.0.0)"
                         -> Export-Package: org.slf4j; bundle-symbolic-name="slf4j.api"; bundle-version="2.0.18"; version="1.7.36"
                Unresolved requirement: Import-Package: org.slf4j; version="[1.7.0,3.0.0)"
                  -> Export-Package: org.slf4j; bundle-symbolic-name="slf4j.api"; bundle-version="2.0.18"; version="1.7.36"
                Unresolved requirement: Import-Package: org.apache.sshd.client.config.keys; version="[2.17.1,2.18.0)"
                  -> Export-Package: org.apache.sshd.client.config.keys; bundle-symbolic-name="org.apache.sshd.osgi"; bundle-version="2.17.1"; version="2.17.1"; uses:="org.apache.sshd.common,org.apache.sshd.common.config.keys,org.apache.sshd.common.keyprovider,org.apache.sshd.common.session,org.apache.sshd.common.util.io"
                Unresolved requirement: Import-Package: org.apache.sshd.client.keyverifier; version="[2.17.1,2.18.0)"
                  -> Export-Package: org.apache.sshd.client.keyverifier; bundle-symbolic-name="org.apache.sshd.osgi"; bundle-version="2.17.1"; version="2.17.1"; uses:="org.apache.sshd.client.config.hosts,org.apache.sshd.client.session,org.apache.sshd.common,org.apache.sshd.common.config.keys,org.apache.sshd.common.mac,org.apache.sshd.common.util.io,org.apache.sshd.common.util.logging,org.apache.sshd.common.util.net"
                Unresolved requirement: Import-Package: org.apache.sshd.common.forward; version="[2.17.1,2.18.0)"
                  -> Export-Package: org.apache.sshd.common.forward; bundle-symbolic-name="org.apache.sshd.osgi"; bundle-version="2.17.1"; version="2.17.1"; uses:="org.apache.sshd.client.channel,org.apache.sshd.client.future,org.apache.sshd.common,org.apache.sshd.common.channel,org.apache.sshd.common.io,org.apache.sshd.common.session,org.apache.sshd.common.util,org.apache.sshd.common.util.buffer,org.apache.sshd.common.util.closeable,org.apache.sshd.common.util.io.functors,org.apache.sshd.common.util.logging,org.apache.sshd.common.util.net"
                Unresolved requirement: Import-Package: org.apache.sshd.common.compression; version="[2.17.1,2.18.0)"
                  -> Export-Package: org.apache.sshd.common.compression; bundle-symbolic-name="org.apache.sshd.osgi"; bundle-version="2.17.1"; version="2.17.1"; uses:="org.apache.sshd.common,org.apache.sshd.common.config,org.apache.sshd.common.util.buffer"
                Unresolved requirement: Import-Package: org.apache.sshd.common.config.keys; version="[2.17.1,2.18.0)"
                  -> Export-Package: org.apache.sshd.common.config.keys; bundle-symbolic-name="org.apache.sshd.osgi"; bundle-version="2.17.1"; version="2.17.1"; uses:="org.apache.sshd.common,org.apache.sshd.common.config.keys.u2f,org.apache.sshd.common.digest,org.apache.sshd.common.keyprovider,org.apache.sshd.common.session,org.apache.sshd.common.util.io.output,org.apache.sshd.common.util.io.resource"
                Unresolved requirement: Import-Package: org.apache.sshd.common.util.security; version="[2.17.1,2.18.0)"
                  -> Export-Package: org.apache.sshd.common.util.security; bundle-symbolic-name="org.apache.sshd.osgi"; bundle-version="2.17.1"; version="2.17.1"; uses:="javax.crypto,org.apache.sshd.common,org.apache.sshd.common.config.keys,org.apache.sshd.common.config.keys.loader,org.apache.sshd.common.random,org.apache.sshd.common.session,org.apache.sshd.common.signature,org.apache.sshd.common.util.buffer,org.apache.sshd.common.util.logging,org.apache.sshd.common.util.security.eddsa.generic,org.apache.sshd.server.keyprovider"
                Unresolved requirement: Import-Package: org.apache.sshd.common.config.keys.u2f; version="[2.17.1,2.18.0)"
                  -> Export-Package: org.apache.sshd.common.config.keys.u2f; bundle-symbolic-name="org.apache.sshd.osgi"; bundle-version="2.17.1"; version="2.17.1"; uses:="org.apache.sshd.common.config.keys"
                Unresolved requirement: Import-Package: org.apache.sshd.sftp; version="[2.17.1,2.18.0)"
                  -> Export-Package: org.apache.sshd.sftp; bundle-symbolic-name="org.apache.sshd.sftp"; bundle-version="2.17.1"; version="2.17.1"; uses:="org.apache.sshd.common"
                     org.apache.sshd.sftp [135]
                       Unresolved requirement: Import-Package: org.apache.sshd.common.file.util; version="[2.17.1,2.18.0)"
                         -> Export-Package: org.apache.sshd.common.file.util; bundle-symbolic-name="org.apache.sshd.osgi"; bundle-version="2.17.1"; version="2.17.1"; uses:="org.slf4j"
                       Unresolved requirement: Import-Package: org.apache.sshd.client; version="[2.17.1,2.18.0)"
                         -> Export-Package: org.apache.sshd.client; bundle-symbolic-name="org.apache.sshd.osgi"; bundle-version="2.17.1"; version="2.17.1"; uses:="org.apache.sshd.client.auth,org.apache.sshd.client.auth.hostbased,org.apache.sshd.client.auth.keyboard,org.apache.sshd.client.auth.password,org.apache.sshd.client.auth.pubkey,org.apache.sshd.client.config.hosts,org.apache.sshd.client.config.keys,org.apache.sshd.client.future,org.apache.sshd.client.keyverifier,org.apache.sshd.client.session,org.apache.sshd.client.simple,org.apache.sshd.common,org.apache.sshd.common.auth,org.apache.sshd.common.channel,org.apache.sshd.common.compression,org.apache.sshd.common.config.keys,org.apache.sshd.common.future,org.apache.sshd.common.helpers,org.apache.sshd.common.io,org.apache.sshd.common.kex,org.apache.sshd.common.kex.extension,org.apache.sshd.common.keyprovider,org.apache.sshd.common.session,org.apache.sshd.common.signature"
                       Unresolved requirement: Import-Package: org.apache.sshd.common.session; version="[2.17.1,2.18.0)"
                         -> Export-Package: org.apache.sshd.common.session; bundle-symbolic-name="org.apache.sshd.osgi"; bundle-version="2.17.1"; version="2.17.1"; uses:="org.apache.sshd.agent.common,org.apache.sshd.common,org.apache.sshd.common.auth,org.apache.sshd.common.channel,org.apache.sshd.common.channel.throttle,org.apache.sshd.common.cipher,org.apache.sshd.common.compression,org.apache.sshd.common.forward,org.apache.sshd.common.future,org.apache.sshd.common.io,org.apache.sshd.common.kex,org.apache.sshd.common.mac,org.apache.sshd.common.session.helpers,org.apache.sshd.common.util,org.apache.sshd.common.util.buffer,org.apache.sshd.common.util.logging,org.apache.sshd.common.util.net,org.apache.sshd.server.x11"
                       Unresolved requirement: Import-Package: org.apache.sshd.common.util.threads; version="[2.17.1,2.18.0)"
                         -> Export-Package: org.apache.sshd.common.util.threads; bundle-symbolic-name="org.apache.sshd.osgi"; bundle-version="2.17.1"; version="2.17.1"; uses:="org.apache.sshd.common,org.apache.sshd.common.future,org.apache.sshd.common.util.closeable,org.apache.sshd.common.util.io.functors,org.apache.sshd.common.util.logging"
                       Unresolved requirement: Import-Package: org.apache.sshd.server.command; version="[2.17.1,2.18.0)"
                         -> Export-Package: org.apache.sshd.server.command; bundle-symbolic-name="org.apache.sshd.osgi"; bundle-version="2.17.1"; version="2.17.1"; uses:="org.apache.sshd.common.file,org.apache.sshd.common.io,org.apache.sshd.common.session,org.apache.sshd.common.util.logging,org.apache.sshd.common.util.threads,org.apache.sshd.server,org.apache.sshd.server.channel,org.apache.sshd.server.session"
                       Unresolved requirement: Import-Package: org.apache.sshd.common.file; version="[2.17.1,2.18.0)"
                         -> Export-Package: org.apache.sshd.common.file; bundle-symbolic-name="org.apache.sshd.osgi"; bundle-version="2.17.1"; version="2.17.1"; uses:="org.apache.sshd.common.session"
                       Unresolved requirement: Import-Package: org.apache.sshd.server; version="[2.17.1,2.18.0)"
                         -> Export-Package: org.apache.sshd.server; bundle-symbolic-name="org.apache.sshd.osgi"; bundle-version="2.17.1"; version="2.17.1"; uses:="org.apache.sshd.common,org.apache.sshd.common.auth,org.apache.sshd.common.channel,org.apache.sshd.common.cipher,org.apache.sshd.common.compression,org.apache.sshd.common.helpers,org.apache.sshd.common.io,org.apache.sshd.common.kex,org.apache.sshd.common.kex.extension,org.apache.sshd.common.keyprovider,org.apache.sshd.common.session,org.apache.sshd.common.session.helpers,org.apache.sshd.common.signature,org.apache.sshd.common.util,org.apache.sshd.common.util.logging,org.apache.sshd.server.auth,org.apache.sshd.server.auth.gss,org.apache.sshd.server.auth.hostbased,org.apache.sshd.server.auth.keyboard,org.apache.sshd.server.auth.password,org.apache.sshd.server.auth.pubkey,org.apache.sshd.server.command,org.apache.sshd.server.session,org.apache.sshd.server.shell,org.apache.sshd.server.subsystem"
                       Unresolved requirement: Import-Package: org.apache.sshd.common.util.io; version="[2.17.1,2.18.0)"
                         -> Export-Package: org.apache.sshd.common.util.io; bundle-symbolic-name="org.apache.sshd.osgi"; bundle-version="2.17.1"; version="2.17.1"; uses:="org.apache.sshd.common.util.functors,org.apache.sshd.common.util.io.resource,org.apache.sshd.common.util.logging"
                       Unresolved requirement: Import-Package: org.slf4j; version="[1.7.0,3.0.0)"
                         -> Export-Package: org.slf4j; bundle-symbolic-name="slf4j.api"; bundle-version="2.0.18"; version="1.7.36"
                       Unresolved requirement: Import-Package: org.apache.sshd.server.channel; version="[2.17.1,2.18.0)"
                         -> Export-Package: org.apache.sshd.server.channel; bundle-symbolic-name="org.apache.sshd.osgi"; bundle-version="2.17.1"; version="2.17.1"; uses:="org.apache.sshd.client.future,org.apache.sshd.common,org.apache.sshd.common.channel,org.apache.sshd.common.future,org.apache.sshd.common.io,org.apache.sshd.common.session,org.apache.sshd.common.util.buffer,org.apache.sshd.common.util.closeable,org.apache.sshd.common.util.logging,org.apache.sshd.common.util.threads,org.apache.sshd.server,org.apache.sshd.server.command,org.apache.sshd.server.session"
                       Unresolved requirement: Import-Package: org.apache.sshd.client.simple; version="[2.17.1,2.18.0)"
                         -> Export-Package: org.apache.sshd.client.simple; bundle-symbolic-name="org.apache.sshd.osgi"; bundle-version="2.17.1"; version="2.17.1"; uses:="org.apache.sshd.client.future,org.apache.sshd.client.session,org.apache.sshd.common.util.logging"
                       Unresolved requirement: Import-Package: org.apache.sshd.server.config; version="[2.17.1,2.18.0)"
                         -> Export-Package: org.apache.sshd.server.config; bundle-symbolic-name="org.apache.sshd.osgi"; bundle-version="2.17.1"; version="2.17.1"; uses:="org.apache.sshd.common,org.apache.sshd.server,org.apache.sshd.server.forward"
                       Unresolved requirement: Import-Package: org.apache.sshd.common.util.buffer; version="[2.17.1,2.18.0)"
                         -> Export-Package: org.apache.sshd.common.util.buffer; bundle-symbolic-name="org.apache.sshd.osgi"; bundle-version="2.17.1"; version="2.17.1"; uses:="org.apache.sshd.common,org.apache.sshd.common.config.keys,org.apache.sshd.common.util,org.apache.sshd.common.util.buffer.keys,org.apache.sshd.common.util.logging"
                       Unresolved requirement: Import-Package: org.apache.sshd.common.util.io.functors; version="[2.17.1,2.18.0)"
                         -> Export-Package: org.apache.sshd.common.util.io.functors; bundle-symbolic-name="org.apache.sshd.osgi"; bundle-version="2.17.1"; version="2.17.1"
                       Unresolved requirement: Import-Package: org.apache.sshd.server.subsystem; version="[2.17.1,2.18.0)"
                         -> Export-Package: org.apache.sshd.server.subsystem; bundle-symbolic-name="org.apache.sshd.osgi"; bundle-version="2.17.1"; version="2.17.1"; uses:="org.apache.sshd.common,org.apache.sshd.server.channel,org.apache.sshd.server.command"
                       Unresolved requirement: Import-Package: org.apache.sshd.common.random; version="[2.17.1,2.18.0)"
                         -> Export-Package: org.apache.sshd.common.random; bundle-symbolic-name="org.apache.sshd.osgi"; bundle-version="2.17.1"; version="2.17.1"; uses:="org.apache.sshd.common"
                       Unresolved requirement: Import-Package: org.apache.sshd.common.util.functors; version="[2.17.1,2.18.0)"
                         -> Export-Package: org.apache.sshd.common.util.functors; bundle-symbolic-name="org.apache.sshd.osgi"; bundle-version="2.17.1"; version="2.17.1"
                       Unresolved requirement: Import-Package: org.apache.sshd.common.io; version="[2.17.1,2.18.0)"
                         -> Export-Package: org.apache.sshd.common.io; bundle-symbolic-name="org.apache.sshd.osgi"; bundle-version="2.17.1"; version="2.17.1"; uses:="org.apache.sshd.common,org.apache.sshd.common.future,org.apache.sshd.common.util,org.apache.sshd.common.util.buffer,org.apache.sshd.common.util.closeable,org.apache.sshd.common.util.logging,org.apache.sshd.common.util.net,org.apache.sshd.common.util.threads"
                       Unresolved requirement: Import-Package: org.apache.sshd.common.channel; version="[2.17.1,2.18.0)"
                         -> Export-Package: org.apache.sshd.common.channel; bundle-symbolic-name="org.apache.sshd.osgi"; bundle-version="2.17.1"; version="2.17.1"; uses:="org.apache.sshd.client.future,org.apache.sshd.common,org.apache.sshd.common.channel.exception,org.apache.sshd.common.channel.throttle,org.apache.sshd.common.future,org.apache.sshd.common.io,org.apache.sshd.common.session,org.apache.sshd.common.util,org.apache.sshd.common.util.buffer,org.apache.sshd.common.util.closeable,org.apache.sshd.common.util.io.functors,org.apache.sshd.common.util.logging,org.apache.sshd.common.util.threads,org.slf4j"
                       Unresolved requirement: Import-Package: org.apache.sshd.common.util.io.output; version="[2.17.1,2.18.0)"
                         -> Export-Package: org.apache.sshd.common.util.io.output; bundle-symbolic-name="org.apache.sshd.osgi"; bundle-version="2.17.1"; version="2.17.1"; uses:="org.apache.sshd.common,org.apache.sshd.common.util.io,org.slf4j"
                       Unresolved requirement: Import-Package: org.apache.sshd.common.future; version="[2.17.1,2.18.0)"
                         -> Export-Package: org.apache.sshd.common.future; bundle-symbolic-name="org.apache.sshd.osgi"; bundle-version="2.17.1"; version="2.17.1"; uses:="org.apache.sshd.common.io,org.apache.sshd.common.util,org.apache.sshd.common.util.buffer,org.apache.sshd.common.util.logging"
                       Unresolved requirement: Import-Package: org.apache.sshd.common.util.logging; version="[2.17.1,2.18.0)"
                         -> Export-Package: org.apache.sshd.common.util.logging; bundle-symbolic-name="org.apache.sshd.osgi"; bundle-version="2.17.1"; version="2.17.1"; uses:="org.slf4j,org.slf4j.event,org.slf4j.helpers"
                       Unresolved requirement: Import-Package: org.apache.sshd.common.digest; version="[2.17.1,2.18.0)"
                         -> Export-Package: org.apache.sshd.common.digest; bundle-symbolic-name="org.apache.sshd.osgi"; bundle-version="2.17.1"; version="2.17.1"; uses:="org.apache.sshd.common"
                       Unresolved requirement: Import-Package: org.apache.sshd.client.channel; version="[2.17.1,2.18.0)"
                         -> Export-Package: org.apache.sshd.client.channel; bundle-symbolic-name="org.apache.sshd.osgi"; bundle-version="2.17.1"; version="2.17.1"; uses:="org.apache.sshd.client.future,org.apache.sshd.client.session,org.apache.sshd.common,org.apache.sshd.common.channel,org.apache.sshd.common.io,org.apache.sshd.common.session,org.apache.sshd.common.util,org.apache.sshd.common.util.buffer,org.apache.sshd.common.util.net,org.apache.sshd.common.util.threads"
                       Unresolved requirement: Import-Package: org.apache.sshd.common.util.closeable; version="[2.17.1,2.18.0)"
                         -> Export-Package: org.apache.sshd.common.util.closeable; bundle-symbolic-name="org.apache.sshd.osgi"; bundle-version="2.17.1"; version="2.17.1"; uses:="org.apache.sshd.common,org.apache.sshd.common.future,org.apache.sshd.common.util,org.apache.sshd.common.util.logging"
                       Unresolved requirement: Import-Package: org.apache.sshd.common.session.helpers; version="[2.17.1,2.18.0)"
                         -> Export-Package: org.apache.sshd.common.session.helpers; bundle-symbolic-name="org.apache.sshd.osgi"; bundle-version="2.17.1"; version="2.17.1"; uses:="org.apache.sshd.agent.common,org.apache.sshd.common,org.apache.sshd.common.channel,org.apache.sshd.common.channel.throttle,org.apache.sshd.common.cipher,org.apache.sshd.common.compression,org.apache.sshd.common.digest,org.apache.sshd.common.forward,org.apache.sshd.common.future,org.apache.sshd.common.io,org.apache.sshd.common.kex,org.apache.sshd.common.mac,org.apache.sshd.common.random,org.apache.sshd.common.session,org.apache.sshd.common.util,org.apache.sshd.common.util.buffer,org.apache.sshd.common.util.closeable,org.apache.sshd.common.util.io.functors,org.apache.sshd.common.util.logging,org.apache.sshd.common.util.net,org.apache.sshd.server.x11,org.slf4j"
                       Unresolved requirement: Import-Package: org.apache.sshd.client.future; version="[2.17.1,2.18.0)"
                         -> Export-Package: org.apache.sshd.client.future; bundle-symbolic-name="org.apache.sshd.osgi"; bundle-version="2.17.1"; version="2.17.1"; uses:="org.apache.sshd.client.session,org.apache.sshd.common.future,org.apache.sshd.common.session"
                       Unresolved requirement: Import-Package: org.apache.sshd.common.util.io.input; version="[2.17.1,2.18.0)"
                         -> Export-Package: org.apache.sshd.common.util.io.input; bundle-symbolic-name="org.apache.sshd.osgi"; bundle-version="2.17.1"; version="2.17.1"
                       Unresolved requirement: Import-Package: org.apache.sshd.client.subsystem; version="[2.17.1,2.18.0)"
                         -> Export-Package: org.apache.sshd.client.subsystem; bundle-symbolic-name="org.apache.sshd.osgi"; bundle-version="2.17.1"; version="2.17.1"; uses:="org.apache.sshd.client.channel,org.apache.sshd.client.session,org.apache.sshd.common,org.apache.sshd.common.session,org.apache.sshd.common.util.logging"
                       Unresolved requirement: Import-Package: org.apache.sshd.common.config; version="[2.17.1,2.18.0)"
                         -> Export-Package: org.apache.sshd.common.config; bundle-symbolic-name="org.apache.sshd.osgi"; bundle-version="2.17.1"; version="2.17.1"; uses:="org.apache.sshd.common,org.apache.sshd.common.cipher,org.apache.sshd.common.compression,org.apache.sshd.common.helpers,org.apache.sshd.common.kex,org.apache.sshd.common.mac,org.apache.sshd.common.signature"
                       Unresolved requirement: Import-Package: org.apache.sshd.common.util; version="[2.17.1,2.18.0)"
                         -> Export-Package: org.apache.sshd.common.util; bundle-symbolic-name="org.apache.sshd.osgi"; bundle-version="2.17.1"; version="2.17.1"; uses:="org.apache.sshd.common.util.functors"
                       Unresolved requirement: Import-Package: org.apache.sshd.core; version="[2.17.1,2.18.0)"
                         -> Export-Package: org.apache.sshd.core; bundle-symbolic-name="org.apache.sshd.osgi"; bundle-version="2.17.1"; version="2.17.1"; uses:="org.apache.sshd.common,org.apache.sshd.server.auth"
                       Unresolved requirement: Import-Package: org.apache.sshd.common; version="[2.17.1,2.18.0)"
                         -> Export-Package: org.apache.sshd.common; bundle-symbolic-name="org.apache.sshd.osgi"; bundle-version="2.17.1"; version="2.17.1"; uses:="org.apache.sshd.agent,org.apache.sshd.common.channel,org.apache.sshd.common.channel.throttle,org.apache.sshd.common.cipher,org.apache.sshd.common.compression,org.apache.sshd.common.file,org.apache.sshd.common.forward,org.apache.sshd.common.future,org.apache.sshd.common.helpers,org.apache.sshd.common.io,org.apache.sshd.common.kex,org.apache.sshd.common.kex.extension,org.apache.sshd.common.mac,org.apache.sshd.common.random,org.apache.sshd.common.session,org.apache.sshd.common.signature,org.apache.sshd.common.util,org.apache.sshd.common.util.buffer,org.apache.sshd.server.forward"
                       Unresolved requirement: Import-Package: org.apache.sshd.common.auth; version="[2.17.1,2.18.0)"
                         -> Export-Package: org.apache.sshd.common.auth; bundle-symbolic-name="org.apache.sshd.osgi"; bundle-version="2.17.1"; version="2.17.1"; uses:="org.apache.sshd.common,org.apache.sshd.common.session,org.apache.sshd.common.util.logging"
                       Unresolved requirement: Import-Package: org.apache.sshd.client.session; version="[2.17.1,2.18.0)"
                         -> Export-Package: org.apache.sshd.client.session; bundle-symbolic-name="org.apache.sshd.osgi"; bundle-version="2.17.1"; version="2.17.1"; uses:="org.apache.sshd.agent.common,org.apache.sshd.client,org.apache.sshd.client.auth,org.apache.sshd.client.auth.hostbased,org.apache.sshd.client.auth.keyboard,org.apache.sshd.client.auth.password,org.apache.sshd.client.auth.pubkey,org.apache.sshd.client.channel,org.apache.sshd.client.config.hosts,org.apache.sshd.client.future,org.apache.sshd.client.keyverifier,org.apache.sshd.client.session.forward,org.apache.sshd.common,org.apache.sshd.common.auth,org.apache.sshd.common.channel,org.apache.sshd.common.forward,org.apache.sshd.common.future,org.apache.sshd.common.io,org.apache.sshd.common.kex,org.apache.sshd.common.keyprovider,org.apache.sshd.common.session,org.apache.sshd.common.session.helpers,org.apache.sshd.common.util.buffer,org.apache.sshd.common.util.closeable,org.apache.sshd.common.util.net,org.apache.sshd.server.x11"
                       Unresolved requirement: Import-Package: org.apache.sshd.server.session; version="[2.17.1,2.18.0)"
                         -> Export-Package: org.apache.sshd.server.session; bundle-symbolic-name="org.apache.sshd.osgi"; bundle-version="2.17.1"; version="2.17.1"; uses:="org.apache.sshd.common,org.apache.sshd.common.auth,org.apache.sshd.common.io,org.apache.sshd.common.kex,org.apache.sshd.common.keyprovider,org.apache.sshd.common.session,org.apache.sshd.common.session.helpers,org.apache.sshd.common.util.buffer,org.apache.sshd.common.util.closeable,org.apache.sshd.server,org.apache.sshd.server.auth,org.apache.sshd.server.auth.gss,org.apache.sshd.server.auth.hostbased,org.apache.sshd.server.auth.keyboard,org.apache.sshd.server.auth.password,org.apache.sshd.server.auth.pubkey"
                Unresolved requirement: Import-Package: org.apache.sshd.sftp.client; version="[2.17.1,2.18.0)"
                  -> Export-Package: org.apache.sshd.sftp.client; bundle-symbolic-name="org.apache.sshd.sftp"; bundle-version="2.17.1"; version="2.17.1"; uses:="org.apache.sshd.client.session,org.apache.sshd.client.subsystem,org.apache.sshd.common,org.apache.sshd.common.io,org.apache.sshd.common.util.buffer,org.apache.sshd.sftp.client.extensions,org.apache.sshd.sftp.client.fs"
                Unresolved requirement: Import-Package: org.eclipse.jgit.api.errors; version="[7.6.0,7.7.0)"
                  -> Export-Package: org.eclipse.jgit.api.errors; bundle-symbolic-name="org.eclipse.jgit"; bundle-version="7.6.0.202601071437-m1"; version="7.6.0"; uses:="org.eclipse.jgit.lib,  org.eclipse.jgit.errors"
                Unresolved requirement: Import-Package: org.apache.sshd.client.auth.pubkey; version="[2.17.1,2.18.0)"
                  -> Export-Package: org.apache.sshd.client.auth.pubkey; bundle-symbolic-name="org.apache.sshd.osgi"; bundle-version="2.17.1"; version="2.17.1"; uses:="org.apache.sshd.agent,org.apache.sshd.client.auth,org.apache.sshd.client.session,org.apache.sshd.common,org.apache.sshd.common.auth,org.apache.sshd.common.session,org.apache.sshd.common.signature,org.apache.sshd.common.util.buffer"
                Unresolved requirement: Import-Package: org.apache.sshd.common.mac; version="[2.17.1,2.18.0)"
                  -> Export-Package: org.apache.sshd.common.mac; bundle-symbolic-name="org.apache.sshd.osgi"; bundle-version="2.17.1"; version="2.17.1"; uses:="org.apache.sshd.common,org.apache.sshd.common.config"
                Unresolved requirement: Import-Package: org.apache.sshd.common.util.closeable; version="[2.17.1,2.18.0)"
                  -> Export-Package: org.apache.sshd.common.util.closeable; bundle-symbolic-name="org.apache.sshd.osgi"; bundle-version="2.17.1"; version="2.17.1"; uses:="org.apache.sshd.common,org.apache.sshd.common.future,org.apache.sshd.common.util,org.apache.sshd.common.util.logging"
                Unresolved requirement: Import-Package: org.apache.sshd.common.channel; version="[2.17.1,2.18.0)"
                  -> Export-Package: org.apache.sshd.common.channel; bundle-symbolic-name="org.apache.sshd.osgi"; bundle-version="2.17.1"; version="2.17.1"; uses:="org.apache.sshd.client.future,org.apache.sshd.common,org.apache.sshd.common.channel.exception,org.apache.sshd.common.channel.throttle,org.apache.sshd.common.future,org.apache.sshd.common.io,org.apache.sshd.common.session,org.apache.sshd.common.util,org.apache.sshd.common.util.buffer,org.apache.sshd.common.util.closeable,org.apache.sshd.common.util.io.functors,org.apache.sshd.common.util.logging,org.apache.sshd.common.util.threads,org.slf4j"
                Unresolved requirement: Import-Package: org.apache.sshd.common.session; version="[2.17.1,2.18.0)"
                  -> Export-Package: org.apache.sshd.common.session; bundle-symbolic-name="org.apache.sshd.osgi"; bundle-version="2.17.1"; version="2.17.1"; uses:="org.apache.sshd.agent.common,org.apache.sshd.common,org.apache.sshd.common.auth,org.apache.sshd.common.channel,org.apache.sshd.common.channel.throttle,org.apache.sshd.common.cipher,org.apache.sshd.common.compression,org.apache.sshd.common.forward,org.apache.sshd.common.future,org.apache.sshd.common.io,org.apache.sshd.common.kex,org.apache.sshd.common.mac,org.apache.sshd.common.session.helpers,org.apache.sshd.common.util,org.apache.sshd.common.util.buffer,org.apache.sshd.common.util.logging,org.apache.sshd.common.util.net,org.apache.sshd.server.x11"
                Unresolved requirement: Import-Package: org.apache.sshd.client.future; version="[2.17.1,2.18.0)"
                  -> Export-Package: org.apache.sshd.client.future; bundle-symbolic-name="org.apache.sshd.osgi"; bundle-version="2.17.1"; version="2.17.1"; uses:="org.apache.sshd.client.session,org.apache.sshd.common.future,org.apache.sshd.common.session"
                Unresolved requirement: Import-Package: org.apache.sshd.client.session; version="[2.17.1,2.18.0)"
                  -> Export-Package: org.apache.sshd.client.session; bundle-symbolic-name="org.apache.sshd.osgi"; bundle-version="2.17.1"; version="2.17.1"; uses:="org.apache.sshd.agent.common,org.apache.sshd.client,org.apache.sshd.client.auth,org.apache.sshd.client.auth.hostbased,org.apache.sshd.client.auth.keyboard,org.apache.sshd.client.auth.password,org.apache.sshd.client.auth.pubkey,org.apache.sshd.client.channel,org.apache.sshd.client.config.hosts,org.apache.sshd.client.future,org.apache.sshd.client.keyverifier,org.apache.sshd.client.session.forward,org.apache.sshd.common,org.apache.sshd.common.auth,org.apache.sshd.common.channel,org.apache.sshd.common.forward,org.apache.sshd.common.future,org.apache.sshd.common.io,org.apache.sshd.common.kex,org.apache.sshd.common.keyprovider,org.apache.sshd.common.session,org.apache.sshd.common.session.helpers,org.apache.sshd.common.util.buffer,org.apache.sshd.common.util.closeable,org.apache.sshd.common.util.net,org.apache.sshd.server.x11"
                Unresolved requirement: Import-Package: org.eclipse.jgit.internal.storage.file; version="[7.6.0,7.7.0)"
                  -> Export-Package: org.eclipse.jgit.internal.storage.file; bundle-symbolic-name="org.eclipse.jgit"; bundle-version="7.6.0.202601071437-m1"; version="7.6.0"; x-friends:="org.eclipse.jgit.test,  org.eclipse.jgit.junit,  org.eclipse.jgit.junit.http,  org.eclipse.jgit.http.server,  org.eclipse.jgit.lfs,  org.eclipse.jgit.lfs.test,  org.eclipse.jgit.pgm,  org.eclipse.jgit.pgm.test,  org.eclipse.jgit.ssh.apache,  org.eclipse.jgit.ssh.apache.test,  org.eclipse.jgit.ssh.jsch.test"
                Unresolved requirement: Import-Package: org.apache.sshd.common.random; version="[2.17.1,2.18.0)"
                  -> Export-Package: org.apache.sshd.common.random; bundle-symbolic-name="org.apache.sshd.osgi"; bundle-version="2.17.1"; version="2.17.1"; uses:="org.apache.sshd.common"
                Unresolved requirement: Import-Package: org.apache.sshd.client.session.forward; version="[2.17.1,2.18.0)"
                  -> Export-Package: org.apache.sshd.client.session.forward; bundle-symbolic-name="org.apache.sshd.osgi"; bundle-version="2.17.1"; version="2.17.1"; uses:="org.apache.sshd.client.session,org.apache.sshd.common.session,org.apache.sshd.common.util.net"
                Unresolved requirement: Import-Package: org.apache.sshd.common; version="[2.17.1,2.18.0)"
                  -> Export-Package: org.apache.sshd.common; bundle-symbolic-name="org.apache.sshd.osgi"; bundle-version="2.17.1"; version="2.17.1"; uses:="org.apache.sshd.agent,org.apache.sshd.common.channel,org.apache.sshd.common.channel.throttle,org.apache.sshd.common.cipher,org.apache.sshd.common.compression,org.apache.sshd.common.file,org.apache.sshd.common.forward,org.apache.sshd.common.future,org.apache.sshd.common.helpers,org.apache.sshd.common.io,org.apache.sshd.common.kex,org.apache.sshd.common.kex.extension,org.apache.sshd.common.mac,org.apache.sshd.common.random,org.apache.sshd.common.session,org.apache.sshd.common.signature,org.apache.sshd.common.util,org.apache.sshd.common.util.buffer,org.apache.sshd.server.forward"
                Unresolved requirement: Import-Package: org.eclipse.jgit.lib; version="[7.6.0,7.7.0)"
                  -> Export-Package: org.eclipse.jgit.lib; bundle-symbolic-name="org.eclipse.jgit"; bundle-version="7.6.0.202601071437-m1"; version="7.6.0"; uses:="org.eclipse.jgit.transport,  org.eclipse.jgit.util.sha1,  org.eclipse.jgit.dircache,  org.eclipse.jgit.revwalk,  org.eclipse.jgit.internal.storage.file,  org.eclipse.jgit.api,  org.eclipse.jgit.attributes,  org.eclipse.jgit.events,  com.googlecode.javaewah,  org.eclipse.jgit.treewalk.filter,  org.eclipse.jgit.treewalk,  org.eclipse.jgit.util,  org.eclipse.jgit.submodule,  org.eclipse.jgit.util.time"
                Unresolved requirement: Import-Package: org.apache.sshd.core; version="[2.17.1,2.18.0)"
                  -> Export-Package: org.apache.sshd.core; bundle-symbolic-name="org.apache.sshd.osgi"; bundle-version="2.17.1"; version="2.17.1"; uses:="org.apache.sshd.common,org.apache.sshd.server.auth"
                Unresolved requirement: Import-Package: org.apache.sshd.client.config.hosts; version="[2.17.1,2.18.0)"
                  -> Export-Package: org.apache.sshd.client.config.hosts; bundle-symbolic-name="org.apache.sshd.osgi"; bundle-version="2.17.1"; version="2.17.1"; uses:="org.apache.sshd.common,org.apache.sshd.common.auth,org.apache.sshd.common.config.keys,org.apache.sshd.common.mac,org.apache.sshd.common.util.io"
                Unresolved requirement: Import-Package: org.apache.sshd.common.keyprovider; version="[2.17.1,2.18.0)"
                  -> Export-Package: org.apache.sshd.common.keyprovider; bundle-symbolic-name="org.apache.sshd.osgi"; bundle-version="2.17.1"; version="2.17.1"; uses:="org.apache.sshd.common,org.apache.sshd.common.config.keys,org.apache.sshd.common.session,org.apache.sshd.common.util.io.resource,org.apache.sshd.common.util.logging"
                Unresolved requirement: Import-Package: org.apache.sshd.common.util.io.resource; version="[2.17.1,2.18.0)"
                  -> Export-Package: org.apache.sshd.common.util.io.resource; bundle-symbolic-name="org.apache.sshd.osgi"; bundle-version="2.17.1"; version="2.17.1"; uses:="org.apache.sshd.common"
                Unresolved requirement: Import-Package: org.apache.sshd.sftp.common; version="[2.17.1,2.18.0)"
                  -> Export-Package: org.apache.sshd.sftp.common; bundle-symbolic-name="org.apache.sshd.sftp"; bundle-version="2.17.1"; version="2.17.1"; uses:="org.apache.sshd.common,org.apache.sshd.common.util.buffer,org.apache.sshd.sftp.client"
                Unresolved requirement: Import-Package: org.apache.sshd.common.kex.extension; version="[2.17.1,2.18.0)"
                  -> Export-Package: org.apache.sshd.common.kex.extension; bundle-symbolic-name="org.apache.sshd.osgi"; bundle-version="2.17.1"; version="2.17.1"; uses:="org.apache.sshd.common,org.apache.sshd.common.kex,org.apache.sshd.common.session,org.apache.sshd.common.util.buffer,org.apache.sshd.common.util.logging"
                Unresolved requirement: Import-Package: org.apache.sshd.common.util.buffer.keys; version="[2.17.1,2.18.0)"
                  -> Export-Package: org.apache.sshd.common.util.buffer.keys; bundle-symbolic-name="org.apache.sshd.osgi"; bundle-version="2.17.1"; version="2.17.1"; uses:="org.apache.sshd.common.config.keys,org.apache.sshd.common.config.keys.u2f,org.apache.sshd.common.util.buffer"
                Unresolved requirement: Import-Package: org.eclipse.jgit.fnmatch; version="[7.6.0,7.7.0)"
                  -> Export-Package: org.eclipse.jgit.fnmatch; bundle-symbolic-name="org.eclipse.jgit"; bundle-version="7.6.0.202601071437-m1"; version="7.6.0"
                Unresolved requirement: Import-Package: org.apache.sshd.common.util.io.der; version="[2.17.1,2.18.0)"
                  -> Export-Package: org.apache.sshd.common.util.io.der; bundle-symbolic-name="org.apache.sshd.osgi"; bundle-version="2.17.1"; version="2.17.1"
                Unresolved requirement: Import-Package: org.apache.sshd.common.util.buffer; version="[2.17.1,2.18.0)"
                  -> Export-Package: org.apache.sshd.common.util.buffer; bundle-symbolic-name="org.apache.sshd.osgi"; bundle-version="2.17.1"; version="2.17.1"; uses:="org.apache.sshd.common,org.apache.sshd.common.config.keys,org.apache.sshd.common.util,org.apache.sshd.common.util.buffer.keys,org.apache.sshd.common.util.logging"
                Unresolved requirement: Import-Package: org.apache.sshd.common.config.keys.loader; version="[2.17.1,2.18.0)"
                  -> Export-Package: org.apache.sshd.common.config.keys.loader; bundle-symbolic-name="org.apache.sshd.osgi"; bundle-version="2.17.1"; version="2.17.1"; uses:="org.apache.sshd.common,org.apache.sshd.common.auth,org.apache.sshd.common.cipher,org.apache.sshd.common.config.keys,org.apache.sshd.common.session,org.apache.sshd.common.util.io,org.apache.sshd.common.util.io.resource,org.apache.sshd.common.util.logging"
                Unresolved requirement: Import-Package: org.apache.sshd.common.kex; version="[2.17.1,2.18.0)"
                  -> Export-Package: org.apache.sshd.common.kex; bundle-symbolic-name="org.apache.sshd.osgi"; bundle-version="2.17.1"; version="2.17.1"; uses:="javax.crypto,org.apache.sshd.common,org.apache.sshd.common.cipher,org.apache.sshd.common.compression,org.apache.sshd.common.config,org.apache.sshd.common.digest,org.apache.sshd.common.kex.extension,org.apache.sshd.common.keyprovider,org.apache.sshd.common.mac,org.apache.sshd.common.session,org.apache.sshd.common.signature,org.apache.sshd.common.util.buffer,org.apache.sshd.common.util.closeable"
                Unresolved requirement: Import-Package: org.apache.sshd.common.util.net; version="[2.17.1,2.18.0)"
                  -> Export-Package: org.apache.sshd.common.util.net; bundle-symbolic-name="org.apache.sshd.osgi"; bundle-version="2.17.1"; version="2.17.1"; uses:="org.apache.sshd.common.util.logging"
                Unresolved requirement: Import-Package: org.apache.sshd.common.util; version="[2.17.1,2.18.0)"
                  -> Export-Package: org.apache.sshd.common.util; bundle-symbolic-name="org.apache.sshd.osgi"; bundle-version="2.17.1"; version="2.17.1"; uses:="org.apache.sshd.common.util.functors"
                Unresolved requirement: Import-Package: org.eclipse.jgit.internal.transport.ssh; version="[7.6.0,7.7.0)"
                  -> Export-Package: org.eclipse.jgit.internal.transport.ssh; bundle-symbolic-name="org.eclipse.jgit"; bundle-version="7.6.0.202601071437-m1"; version="7.6.0"; x-friends:="org.eclipse.jgit.ssh.apache,  org.eclipse.jgit.ssh.jsch,  org.eclipse.jgit.test"
                Unresolved requirement: Import-Package: org.eclipse.jgit.errors; version="[7.6.0,7.7.0)"
                  -> Export-Package: org.eclipse.jgit.errors; bundle-symbolic-name="org.eclipse.jgit"; bundle-version="7.6.0.202601071437-m1"; version="7.6.0"; uses:="org.eclipse.jgit.transport,  org.eclipse.jgit.dircache,  org.eclipse.jgit.lib"
                Unresolved requirement: Import-Package: org.apache.sshd.server.auth; version="[2.17.1,2.18.0)"
                  -> Export-Package: org.apache.sshd.server.auth; bundle-symbolic-name="org.apache.sshd.osgi"; bundle-version="2.17.1"; version="2.17.1"; uses:="org.apache.sshd.common,org.apache.sshd.common.auth,org.apache.sshd.common.config,org.apache.sshd.common.session,org.apache.sshd.common.util.buffer,org.apache.sshd.common.util.logging,org.apache.sshd.server.session"
                Unresolved requirement: Import-Package: org.apache.sshd.common.digest; version="[2.17.1,2.18.0)"
                  -> Export-Package: org.apache.sshd.common.digest; bundle-symbolic-name="org.apache.sshd.osgi"; bundle-version="2.17.1"; version="2.17.1"; uses:="org.apache.sshd.common"
                Unresolved requirement: Import-Package: org.apache.sshd.common.util.io.functors; version="[2.17.1,2.18.0)"
                  -> Export-Package: org.apache.sshd.common.util.io.functors; bundle-symbolic-name="org.apache.sshd.osgi"; bundle-version="2.17.1"; version="2.17.1"
                Unresolved requirement: Import-Package: org.apache.sshd.common.config.keys.loader.openssh.kdf; version="[2.17.1,2.18.0)"
                  -> Export-Package: org.apache.sshd.common.config.keys.loader.openssh.kdf; bundle-symbolic-name="org.apache.sshd.osgi"; bundle-version="2.17.1"; version="2.17.1"; uses:="org.apache.sshd.common,org.apache.sshd.common.cipher,org.apache.sshd.common.config.keys.loader.openssh,org.apache.sshd.common.session"
                Unresolved requirement: Import-Package: org.apache.sshd.common.session.helpers; version="[2.17.1,2.18.0)"
                  -> Export-Package: org.apache.sshd.common.session.helpers; bundle-symbolic-name="org.apache.sshd.osgi"; bundle-version="2.17.1"; version="2.17.1"; uses:="org.apache.sshd.agent.common,org.apache.sshd.common,org.apache.sshd.common.channel,org.apache.sshd.common.channel.throttle,org.apache.sshd.common.cipher,org.apache.sshd.common.compression,org.apache.sshd.common.digest,org.apache.sshd.common.forward,org.apache.sshd.common.future,org.apache.sshd.common.io,org.apache.sshd.common.kex,org.apache.sshd.common.mac,org.apache.sshd.common.random,org.apache.sshd.common.session,org.apache.sshd.common.util,org.apache.sshd.common.util.buffer,org.apache.sshd.common.util.closeable,org.apache.sshd.common.util.io.functors,org.apache.sshd.common.util.logging,org.apache.sshd.common.util.net,org.apache.sshd.server.x11,org.slf4j"
                Unresolved requirement: Import-Package: org.eclipse.jgit.nls; version="[7.6.0,7.7.0)"
                  -> Export-Package: org.eclipse.jgit.nls; bundle-symbolic-name="org.eclipse.jgit"; bundle-version="7.6.0.202601071437-m1"; version="7.6.0"
                Unresolved requirement: Import-Package: org.apache.sshd.client.channel; version="[2.17.1,2.18.0)"
                  -> Export-Package: org.apache.sshd.client.channel; bundle-symbolic-name="org.apache.sshd.osgi"; bundle-version="2.17.1"; version="2.17.1"; uses:="org.apache.sshd.client.future,org.apache.sshd.client.session,org.apache.sshd.common,org.apache.sshd.common.channel,org.apache.sshd.common.io,org.apache.sshd.common.session,org.apache.sshd.common.util,org.apache.sshd.common.util.buffer,org.apache.sshd.common.util.net,org.apache.sshd.common.util.threads"
                Unresolved requirement: Import-Package: org.apache.sshd.common.util.io; version="[2.17.1,2.18.0)"
                  -> Export-Package: org.apache.sshd.common.util.io; bundle-symbolic-name="org.apache.sshd.osgi"; bundle-version="2.17.1"; version="2.17.1"; uses:="org.apache.sshd.common.util.functors,org.apache.sshd.common.util.io.resource,org.apache.sshd.common.util.logging"
                Unresolved requirement: Import-Package: org.apache.sshd.common.kex.extension.parser; version="[2.17.1,2.18.0)"
                  -> Export-Package: org.apache.sshd.common.kex.extension.parser; bundle-symbolic-name="org.apache.sshd.osgi"; bundle-version="2.17.1"; version="2.17.1"; uses:="org.apache.sshd.common.kex.extension,org.apache.sshd.common.util.buffer"
                Unresolved requirement: Import-Package: org.apache.sshd.common.auth; version="[2.17.1,2.18.0)"
                  -> Export-Package: org.apache.sshd.common.auth; bundle-symbolic-name="org.apache.sshd.osgi"; bundle-version="2.17.1"; version="2.17.1"; uses:="org.apache.sshd.common,org.apache.sshd.common.session,org.apache.sshd.common.util.logging"
                Unresolved requirement: Import-Package: org.apache.sshd.common.util.logging; version="[2.17.1,2.18.0)"
                  -> Export-Package: org.apache.sshd.common.util.logging; bundle-symbolic-name="org.apache.sshd.osgi"; bundle-version="2.17.1"; version="2.17.1"; uses:="org.slf4j,org.slf4j.event,org.slf4j.helpers"
                Unresolved requirement: Import-Package: org.apache.sshd.common.future; version="[2.17.1,2.18.0)"
                  -> Export-Package: org.apache.sshd.common.future; bundle-symbolic-name="org.apache.sshd.osgi"; bundle-version="2.17.1"; version="2.17.1"; uses:="org.apache.sshd.common.io,org.apache.sshd.common.util,org.apache.sshd.common.util.buffer,org.apache.sshd.common.util.logging"
                Unresolved requirement: Import-Package: org.apache.sshd.common.io; version="[2.17.1,2.18.0)"
                  -> Export-Package: org.apache.sshd.common.io; bundle-symbolic-name="org.apache.sshd.osgi"; bundle-version="2.17.1"; version="2.17.1"; uses:="org.apache.sshd.common,org.apache.sshd.common.future,org.apache.sshd.common.util,org.apache.sshd.common.util.buffer,org.apache.sshd.common.util.closeable,org.apache.sshd.common.util.logging,org.apache.sshd.common.util.net,org.apache.sshd.common.util.threads"
                Unresolved requirement: Import-Package: org.apache.sshd.client.auth.password; version="[2.17.1,2.18.0)"
                  -> Export-Package: org.apache.sshd.client.auth.password; bundle-symbolic-name="org.apache.sshd.osgi"; bundle-version="2.17.1"; version="2.17.1"; uses:="org.apache.sshd.client.auth,org.apache.sshd.client.session,org.apache.sshd.common.auth,org.apache.sshd.common.io,org.apache.sshd.common.session,org.apache.sshd.common.util.buffer"
                Unresolved requirement: Import-Package: org.apache.sshd.client; version="[2.17.1,2.18.0)"
                  -> Export-Package: org.apache.sshd.client; bundle-symbolic-name="org.apache.sshd.osgi"; bundle-version="2.17.1"; version="2.17.1"; uses:="org.apache.sshd.client.auth,org.apache.sshd.client.auth.hostbased,org.apache.sshd.client.auth.keyboard,org.apache.sshd.client.auth.password,org.apache.sshd.client.auth.pubkey,org.apache.sshd.client.config.hosts,org.apache.sshd.client.config.keys,org.apache.sshd.client.future,org.apache.sshd.client.keyverifier,org.apache.sshd.client.session,org.apache.sshd.client.simple,org.apache.sshd.common,org.apache.sshd.common.auth,org.apache.sshd.common.channel,org.apache.sshd.common.compression,org.apache.sshd.common.config.keys,org.apache.sshd.common.future,org.apache.sshd.common.helpers,org.apache.sshd.common.io,org.apache.sshd.common.kex,org.apache.sshd.common.kex.extension,org.apache.sshd.common.keyprovider,org.apache.sshd.common.session,org.apache.sshd.common.signature"
                Unresolved requirement: Import-Package: org.apache.sshd.client.auth.keyboard; version="[2.17.1,2.18.0)"
                  -> Export-Package: org.apache.sshd.client.auth.keyboard; bundle-symbolic-name="org.apache.sshd.osgi"; bundle-version="2.17.1"; version="2.17.1"; uses:="org.apache.sshd.client.auth,org.apache.sshd.client.session,org.apache.sshd.common.auth,org.apache.sshd.common.session,org.apache.sshd.common.util.buffer"
                Unresolved requirement: Import-Package: org.apache.sshd.agent; version="[2.17.1,2.18.0)"
                  -> Export-Package: org.apache.sshd.agent; bundle-symbolic-name="org.apache.sshd.osgi"; bundle-version="2.17.1"; version="2.17.1"; uses:="org.apache.sshd.common,org.apache.sshd.common.channel,org.apache.sshd.common.session,org.apache.sshd.common.util.buffer"
                Unresolved requirement: Import-Package: org.apache.sshd.common.cipher; version="[2.17.1,2.18.0)"
                  -> Export-Package: org.apache.sshd.common.cipher; bundle-symbolic-name="org.apache.sshd.osgi"; bundle-version="2.17.1"; version="2.17.1"; uses:="javax.crypto,javax.crypto.spec,org.apache.sshd.common,org.apache.sshd.common.config,org.apache.sshd.common.digest,org.apache.sshd.common.keyprovider,org.apache.sshd.common.mac"
                Unresolved requirement: Import-Package: org.apache.sshd.common.signature; version="[2.17.1,2.18.0)"
                  -> Export-Package: org.apache.sshd.common.signature; bundle-symbolic-name="org.apache.sshd.osgi"; bundle-version="2.17.1"; version="2.17.1"; uses:="org.apache.sshd.common,org.apache.sshd.common.config,org.apache.sshd.common.session"
                Unresolved requirement: Import-Package: org.eclipse.jgit.annotations; version="[7.6.0,7.7.0)"
                  -> Export-Package: org.eclipse.jgit.annotations; bundle-symbolic-name="org.eclipse.jgit"; bundle-version="7.6.0.202601071437-m1"; version="7.6.0"
                Unresolved requirement: Import-Package: org.eclipse.jgit.transport; version="[7.6.0,7.7.0)"
                  -> Export-Package: org.eclipse.jgit.transport; bundle-symbolic-name="org.eclipse.jgit"; bundle-version="7.6.0.202601071437-m1"; version="7.6.0"; uses:="javax.crypto,  org.eclipse.jgit.hooks,  org.eclipse.jgit.util.io,  org.eclipse.jgit.lib,  org.eclipse.jgit.transport.http,  org.eclipse.jgit.revwalk,  org.eclipse.jgit.treewalk,  org.eclipse.jgit.util,  org.eclipse.jgit.internal.storage.pack,  org.eclipse.jgit.transport.resolver,  org.eclipse.jgit.storage.pack,  org.eclipse.jgit.errors"
                Unresolved requirement: Import-Package: org.apache.sshd.client.auth; version="[2.17.1,2.18.0)"
                  -> Export-Package: org.apache.sshd.client.auth; bundle-symbolic-name="org.apache.sshd.osgi"; bundle-version="2.17.1"; version="2.17.1"; uses:="org.apache.sshd.client.auth.password,org.apache.sshd.client.session,org.apache.sshd.common,org.apache.sshd.common.auth,org.apache.sshd.common.config,org.apache.sshd.common.keyprovider,org.apache.sshd.common.session,org.apache.sshd.common.util.buffer,org.apache.sshd.common.util.logging"
                Unresolved requirement: Import-Package: org.eclipse.jgit.util; version="[7.6.0,7.7.0)"
                  -> Export-Package: org.eclipse.jgit.util; bundle-symbolic-name="org.eclipse.jgit"; bundle-version="7.6.0.202601071437-m1"; version="7.6.0"; uses:="org.eclipse.jgit.transport,  org.eclipse.jgit.hooks,  org.eclipse.jgit.revwalk,  org.eclipse.jgit.storage.file,  org.ietf.jgss,  org.eclipse.jgit.attributes,  javax.management,  org.eclipse.jgit.lib,  org.eclipse.jgit.transport.http,  org.eclipse.jgit.treewalk,  javax.net.ssl,  org.eclipse.jgit.util.time"
         Unresolved requirement: Import-Package: org.eclipse.jgit.events; version="[7.6.0,7.7.0)"
           -> Export-Package: org.eclipse.jgit.events; bundle-symbolic-name="org.eclipse.jgit"; bundle-version="7.6.0.202601071437-m1"; version="7.6.0"; uses:="org.eclipse.jgit.lib"
         Unresolved requirement: Import-Package: org.eclipse.jgit.signing.ssh; version="[7.6.0,7.7.0)"
           -> Export-Package: org.eclipse.jgit.signing.ssh; bundle-symbolic-name="org.eclipse.jgit.ssh.apache"; bundle-version="7.6.0.202603022253-r"; version="7.6.0"; uses:="org.eclipse.jgit.lib"
         Unresolved requirement: Import-Package: org.eclipse.jgit.transport.sshd; version="[7.6.0,7.7.0)"
           -> Export-Package: org.eclipse.jgit.transport.sshd; bundle-symbolic-name="org.eclipse.jgit.ssh.apache"; bundle-version="7.6.0.202603022253-r"; version="7.6.0"; uses:="org.eclipse.jgit.transport,  org.apache.sshd.client.config.hosts,  org.apache.sshd.common.keyprovider,  org.eclipse.jgit.util,  org.apache.sshd.client.session,  org.apache.sshd.client.keyverifier"
         Unresolved requirement: Import-Package: org.eclipse.jgit.storage.file; version="[7.6.0,7.7.0)"
           -> Export-Package: org.eclipse.jgit.storage.file; bundle-symbolic-name="org.eclipse.jgit"; bundle-version="7.6.0.202601071437-m1"; version="7.6.0"; uses:="org.eclipse.jgit.lib,  org.eclipse.jgit.util"
         Unresolved requirement: Import-Package: org.eclipse.jgit.transport; version="[7.6.0,7.7.0)"
           -> Export-Package: org.eclipse.jgit.transport; bundle-symbolic-name="org.eclipse.jgit"; bundle-version="7.6.0.202601071437-m1"; version="7.6.0"; uses:="javax.crypto,  org.eclipse.jgit.hooks,  org.eclipse.jgit.util.io,  org.eclipse.jgit.lib,  org.eclipse.jgit.transport.http,  org.eclipse.jgit.revwalk,  org.eclipse.jgit.treewalk,  org.eclipse.jgit.util,  org.eclipse.jgit.internal.storage.pack,  org.eclipse.jgit.transport.resolver,  org.eclipse.jgit.storage.pack,  org.eclipse.jgit.errors"
         Unresolved requirement: Import-Package: org.eclipse.jgit.annotations; version="[7.6.0,7.7.0)"
           -> Export-Package: org.eclipse.jgit.annotations; bundle-symbolic-name="org.eclipse.jgit"; bundle-version="7.6.0.202601071437-m1"; version="7.6.0"
         Unresolved requirement: Import-Package: org.eclipse.jgit.revwalk.filter; version="[7.6.0,7.7.0)"
           -> Export-Package: org.eclipse.jgit.revwalk.filter; bundle-symbolic-name="org.eclipse.jgit"; bundle-version="7.6.0.202601071437-m1"; version="7.6.0"; uses:="org.eclipse.jgit.revwalk,  org.eclipse.jgit.lib,  org.eclipse.jgit.util"
         Unresolved requirement: Import-Package: org.eclipse.jgit.errors; version="[7.6.0,7.7.0)"
           -> Export-Package: org.eclipse.jgit.errors; bundle-symbolic-name="org.eclipse.jgit"; bundle-version="7.6.0.202601071437-m1"; version="7.6.0"; uses:="org.eclipse.jgit.transport,  org.eclipse.jgit.dircache,  org.eclipse.jgit.lib"
         Unresolved requirement: Import-Package: org.eclipse.jgit.transport.http.apache; version="[7.6.0,7.7.0)"
           -> Export-Package: org.eclipse.jgit.transport.http.apache; bundle-symbolic-name="org.eclipse.jgit.http.apache"; bundle-version="7.6.0.202603022253-r"; version="7.6.0"; uses:="org.apache.http.client,  org.eclipse.jgit.transport.http,  org.apache.http.entity,  org.apache.http.client.methods,  javax.net.ssl,  org.eclipse.jgit.util,  org.apache.http"
              org.eclipse.jgit.http.apache [517]
                Unresolved requirement: Import-Package: org.apache.http.conn.params; version="[4.4.0,5.0.0)"
                  -> Export-Package: org.apache.http.conn.params; bundle-symbolic-name="org.apache.httpcomponents.httpclient"; bundle-version="4.5.14"; version="4.5.14"; uses:="org.apache.http,org.apache.http.conn.routing,org.apache.http.params"
                     org.apache.httpcomponents.httpclient [125]
                       Unresolved requirement: Import-Package: org.apache.commons.logging; version="[1.1.0,1.3.0)"
                         -> Export-Package: org.apache.commons.logging; bundle-symbolic-name="jcl.over.slf4j"; bundle-version="2.0.18"; version="1.2.0"
                            jcl.over.slf4j [71]
                              Unresolved requirement: Import-Package: org.slf4j.spi; version="[2.0.0,3.0.0)"
                                -> Export-Package: org.slf4j.spi; bundle-symbolic-name="slf4j.api"; bundle-version="2.0.18"; version="2.0.18"; uses:="org.slf4j,org.slf4j.event,org.slf4j.helpers"
                              Unresolved requirement: Import-Package: org.slf4j; version="[2.0.0,3.0.0)"
                                -> Export-Package: org.slf4j; bundle-symbolic-name="slf4j.api"; bundle-version="2.0.18"; version="2.0.18"; uses:="org.slf4j.event,org.slf4j.helpers,org.slf4j.spi"
                Unresolved requirement: Import-Package: org.apache.http.client; version="[4.4.0,5.0.0)"
                  -> Export-Package: org.apache.http.client; bundle-symbolic-name="org.apache.httpcomponents.httpclient"; bundle-version="4.5.14"; version="4.5.14"; uses:="org.apache.http,org.apache.http.auth,org.apache.http.client.methods,org.apache.http.conn,org.apache.http.conn.routing,org.apache.http.cookie,org.apache.http.params,org.apache.http.protocol"
                Unresolved requirement: Import-Package: org.apache.http.conn; version="[4.4.0,5.0.0)"
                  -> Export-Package: org.apache.http.conn; bundle-symbolic-name="org.apache.httpcomponents.httpclient"; bundle-version="4.5.14"; version="4.5.14"; uses:="javax.net.ssl,org.apache.http,org.apache.http.concurrent,org.apache.http.config,org.apache.http.conn.routing,org.apache.http.conn.scheme,org.apache.http.entity,org.apache.http.params,org.apache.http.protocol"
                Unresolved requirement: Import-Package: org.apache.http.conn.util; version="[4.4.0,5.0.0)"
                  -> Export-Package: org.apache.http.conn.util; bundle-symbolic-name="org.apache.httpcomponents.httpclient"; bundle-version="4.5.14"; version="4.5.14"
                Unresolved requirement: Import-Package: org.apache.http.client.methods; version="[4.4.0,5.0.0)"
                  -> Export-Package: org.apache.http.client.methods; bundle-symbolic-name="org.apache.httpcomponents.httpclient"; bundle-version="4.5.14"; version="4.5.14"; uses:="org.apache.http,org.apache.http.client.config,org.apache.http.concurrent,org.apache.http.conn,org.apache.http.message,org.apache.http.params"
                Unresolved requirement: Import-Package: org.apache.http.impl.client; version="[4.4.0,5.0.0)"
                  -> Export-Package: org.apache.http.impl.client; bundle-symbolic-name="org.apache.httpcomponents.httpclient"; bundle-version="4.5.14"; version="4.5.14"; uses:="javax.net.ssl,org.apache.commons.logging,org.apache.http,org.apache.http.auth,org.apache.http.client,org.apache.http.client.config,org.apache.http.client.entity,org.apache.http.client.methods,org.apache.http.concurrent,org.apache.http.config,org.apache.http.conn,org.apache.http.conn.routing,org.apache.http.conn.socket,org.apache.http.conn.ssl,org.apache.http.conn.util,org.apache.http.cookie,org.apache.http.impl,org.apache.http.impl.auth,org.apache.http.impl.execchain,org.apache.http.message,org.apache.http.params,org.apache.http.pool,org.apache.http.protocol"
                Unresolved requirement: Import-Package: org.apache.http.conn.scheme; version="[4.4.0,5.0.0)"
                  -> Export-Package: org.apache.http.conn.scheme; bundle-symbolic-name="org.apache.httpcomponents.httpclient"; bundle-version="4.5.14"; version="4.5.14"; uses:="org.apache.http,org.apache.http.conn,org.apache.http.params"
                Unresolved requirement: Import-Package: org.apache.http.conn.ssl; version="[4.4.0,5.0.0)"
                  -> Export-Package: org.apache.http.conn.ssl; bundle-symbolic-name="org.apache.httpcomponents.httpclient"; bundle-version="4.5.14"; version="4.5.14"; uses:="javax.net.ssl,org.apache.http,org.apache.http.conn,org.apache.http.conn.scheme,org.apache.http.conn.socket,org.apache.http.conn.util,org.apache.http.params,org.apache.http.protocol,org.apache.http.ssl"
                Unresolved requirement: Import-Package: org.eclipse.jgit.annotations; version="[7.6.0,7.7.0)"
                  -> Export-Package: org.eclipse.jgit.annotations; bundle-symbolic-name="org.eclipse.jgit"; bundle-version="7.6.0.202601071437-m1"; version="7.6.0"
                Unresolved requirement: Import-Package: org.apache.http.client.config; version="[4.4.0,5.0.0)"
                  -> Export-Package: org.apache.http.client.config; bundle-symbolic-name="org.apache.httpcomponents.httpclient"; bundle-version="4.5.14"; version="4.5.14"; uses:="org.apache.http"
                Unresolved requirement: Import-Package: org.eclipse.jgit.nls; version="[7.6.0,7.7.0)"
                  -> Export-Package: org.eclipse.jgit.nls; bundle-symbolic-name="org.eclipse.jgit"; bundle-version="7.6.0.202601071437-m1"; version="7.6.0"
                Unresolved requirement: Import-Package: org.eclipse.jgit.util; version="[7.6.0,7.7.0)"
                  -> Export-Package: org.eclipse.jgit.util; bundle-symbolic-name="org.eclipse.jgit"; bundle-version="7.6.0.202601071437-m1"; version="7.6.0"; uses:="org.eclipse.jgit.transport,  org.eclipse.jgit.hooks,  org.eclipse.jgit.revwalk,  org.eclipse.jgit.storage.file,  org.ietf.jgss,  org.eclipse.jgit.attributes,  javax.management,  org.eclipse.jgit.lib,  org.eclipse.jgit.transport.http,  org.eclipse.jgit.treewalk,  javax.net.ssl,  org.eclipse.jgit.util.time"
                Unresolved requirement: Import-Package: org.apache.http.impl.conn; version="[4.4.0,5.0.0)"
                  -> Export-Package: org.apache.http.impl.conn; bundle-symbolic-name="org.apache.httpcomponents.httpclient"; bundle-version="4.5.14"; version="4.5.14"; uses:="javax.net.ssl,org.apache.commons.logging,org.apache.http,org.apache.http.config,org.apache.http.conn,org.apache.http.conn.routing,org.apache.http.conn.scheme,org.apache.http.conn.socket,org.apache.http.entity,org.apache.http.impl,org.apache.http.impl.io,org.apache.http.io,org.apache.http.message,org.apache.http.params,org.apache.http.pool,org.apache.http.protocol,org.apache.http.util"
                Unresolved requirement: Import-Package: org.apache.http.client.params; version="[4.4.0,5.0.0)"
                  -> Export-Package: org.apache.http.client.params; bundle-symbolic-name="org.apache.httpcomponents.httpclient"; bundle-version="4.5.14"; version="4.5.14"; uses:="org.apache.http,org.apache.http.auth.params,org.apache.http.client.config,org.apache.http.conn.params,org.apache.http.cookie.params,org.apache.http.params"
                Unresolved requirement: Import-Package: org.apache.http.conn.socket; version="[4.4.0,5.0.0)"
                  -> Export-Package: org.apache.http.conn.socket; bundle-symbolic-name="org.apache.httpcomponents.httpclient"; bundle-version="4.5.14"; version="4.5.14"; uses:="org.apache.http,org.apache.http.protocol"
                Unresolved requirement: Import-Package: org.eclipse.jgit.transport.http; version="[7.6.0,7.7.0)"
                  -> Export-Package: org.eclipse.jgit.transport.http; bundle-symbolic-name="org.eclipse.jgit"; bundle-version="7.6.0.202601071437-m1"; version="7.6.0"; uses:="javax.net.ssl"
         Unresolved requirement: Import-Package: org.eclipse.jgit.lib; version="[7.6.0,7.7.0)"
           -> Export-Package: org.eclipse.jgit.lib; bundle-symbolic-name="org.eclipse.jgit"; bundle-version="7.6.0.202601071437-m1"; version="7.6.0"; uses:="org.eclipse.jgit.transport,  org.eclipse.jgit.util.sha1,  org.eclipse.jgit.dircache,  org.eclipse.jgit.revwalk,  org.eclipse.jgit.internal.storage.file,  org.eclipse.jgit.api,  org.eclipse.jgit.attributes,  org.eclipse.jgit.events,  com.googlecode.javaewah,  org.eclipse.jgit.treewalk.filter,  org.eclipse.jgit.treewalk,  org.eclipse.jgit.util,  org.eclipse.jgit.submodule,  org.eclipse.jgit.util.time"
         Unresolved requirement: Import-Package: org.eclipse.jgit.submodule; version="[7.6.0,7.7.0)"
           -> Export-Package: org.eclipse.jgit.submodule; bundle-symbolic-name="org.eclipse.jgit"; bundle-version="7.6.0.202601071437-m1"; version="7.6.0"; uses:="org.eclipse.jgit.lib,  org.eclipse.jgit.treewalk.filter,  org.eclipse.jgit.diff,  org.eclipse.jgit.treewalk,  org.eclipse.jgit.util"
         Unresolved requirement: Import-Package: org.eclipse.jgit.util.io; version="[7.6.0,7.7.0)"
           -> Export-Package: org.eclipse.jgit.util.io; bundle-symbolic-name="org.eclipse.jgit"; bundle-version="7.6.0.202601071437-m1"; version="7.6.0"; uses:="org.eclipse.jgit.attributes,  org.eclipse.jgit.lib,  org.eclipse.jgit.treewalk"
         Unresolved requirement: Import-Package: org.eclipse.jgit.api; version="[7.6.0,7.7.0)"
           -> Export-Package: org.eclipse.jgit.api; bundle-symbolic-name="org.eclipse.jgit"; bundle-version="7.6.0.202601071437-m1"; version="7.6.0"; uses:="org.eclipse.jgit.transport,  org.eclipse.jgit.notes,  org.eclipse.jgit.dircache,  org.eclipse.jgit.lib,  org.eclipse.jgit.revwalk,  org.eclipse.jgit.treewalk.filter,  org.eclipse.jgit.diff,  org.eclipse.jgit.treewalk,  org.eclipse.jgit.util,  org.eclipse.jgit.submodule,  org.eclipse.jgit.api.errors,  org.eclipse.jgit.revwalk.filter,  org.eclipse.jgit.blame,  org.eclipse.jgit.merge"
         Unresolved requirement: Import-Package: org.eclipse.jgit.transport.http; version="[7.6.0,7.7.0)"
           -> Export-Package: org.eclipse.jgit.transport.http; bundle-symbolic-name="org.eclipse.jgit"; bundle-version="7.6.0.202601071437-m1"; version="7.6.0"; uses:="javax.net.ssl"
         Unresolved requirement: Import-Package: org.eclipse.jgit.attributes; version="[7.6.0,7.7.0)"
           -> Export-Package: org.eclipse.jgit.attributes; bundle-symbolic-name="org.eclipse.jgit"; bundle-version="7.6.0.202601071437-m1"; version="7.6.0"; uses:="org.eclipse.jgit.lib,  org.eclipse.jgit.treewalk"
         Unresolved requirement: Import-Package: org.eclipse.jgit.internal.storage.file; version="[7.6.0,7.7.0)"
           -> Export-Package: org.eclipse.jgit.internal.storage.file; bundle-symbolic-name="org.eclipse.jgit"; bundle-version="7.6.0.202601071437-m1"; version="7.6.0"; x-friends:="org.eclipse.jgit.test,  org.eclipse.jgit.junit,  org.eclipse.jgit.junit.http,  org.eclipse.jgit.http.server,  org.eclipse.jgit.lfs,  org.eclipse.jgit.lfs.test,  org.eclipse.jgit.pgm,  org.eclipse.jgit.pgm.test,  org.eclipse.jgit.ssh.apache,  org.eclipse.jgit.ssh.apache.test,  org.eclipse.jgit.ssh.jsch.test"
         Unresolved requirement: Import-Package: org.eclipse.jgit.revwalk; version="[7.6.0,7.7.0)"
           -> Export-Package: org.eclipse.jgit.revwalk; bundle-symbolic-name="org.eclipse.jgit"; bundle-version="7.6.0.202601071437-m1"; version="7.6.0"; uses:="org.eclipse.jgit.lib,  org.eclipse.jgit.revwalk.filter,  org.eclipse.jgit.diff,  org.eclipse.jgit.treewalk.filter,  org.eclipse.jgit.treewalk,  org.eclipse.jgit.internal.storage.commitgraph"
         Unresolved requirement: Import-Package: org.eclipse.jgit.api.errors; version="[7.6.0,7.7.0)"
           -> Export-Package: org.eclipse.jgit.api.errors; bundle-symbolic-name="org.eclipse.jgit"; bundle-version="7.6.0.202601071437-m1"; version="7.6.0"; uses:="org.eclipse.jgit.lib,  org.eclipse.jgit.errors"
         Unresolved requirement: Import-Package: org.eclipse.jgit.util; version="[7.6.0,7.7.0)"
           -> Export-Package: org.eclipse.jgit.util; bundle-symbolic-name="org.eclipse.jgit"; bundle-version="7.6.0.202601071437-m1"; version="7.6.0"; uses:="org.eclipse.jgit.transport,  org.eclipse.jgit.hooks,  org.eclipse.jgit.revwalk,  org.eclipse.jgit.storage.file,  org.ietf.jgss,  org.eclipse.jgit.attributes,  javax.management,  org.eclipse.jgit.lib,  org.eclipse.jgit.transport.http,  org.eclipse.jgit.treewalk,  javax.net.ssl,  org.eclipse.jgit.util.time"
         Unresolved requirement: Import-Package: org.eclipse.jgit.treewalk.filter; version="[7.6.0,7.7.0)"
           -> Export-Package: org.eclipse.jgit.treewalk.filter; bundle-symbolic-name="org.eclipse.jgit"; bundle-version="7.6.0.202601071437-m1"; version="7.6.0"; uses:="org.eclipse.jgit.treewalk"
         Unresolved requirement: Import-Package: org.eclipse.jgit.diff; version="[7.6.0,7.7.0)"
           -> Export-Package: org.eclipse.jgit.diff; bundle-symbolic-name="org.eclipse.jgit"; bundle-version="7.6.0.202601071437-m1"; version="7.6.0"; uses:="org.eclipse.jgit.lib,  org.eclipse.jgit.revwalk,  org.eclipse.jgit.patch,  org.eclipse.jgit.attributes,  org.eclipse.jgit.treewalk.filter,  org.eclipse.jgit.treewalk,  org.eclipse.jgit.util"
         Unresolved requirement: Import-Package: org.eclipse.jgit.treewalk; version="[7.6.0,7.7.0)"
           -> Export-Package: org.eclipse.jgit.treewalk; bundle-symbolic-name="org.eclipse.jgit"; bundle-version="7.6.0.202601071437-m1"; version="7.6.0"; uses:="org.eclipse.jgit.dircache,  org.eclipse.jgit.lib,  org.eclipse.jgit.attributes,  org.eclipse.jgit.revwalk,  org.eclipse.jgit.treewalk.filter,  org.eclipse.jgit.util"
  Unresolved requirement: Require-Bundle: org.eclipse.jgit; bundle-version="0.0.0"
    -> Bundle-SymbolicName: org.eclipse.jgit; bundle-version="7.6.0.202601071437-m1"


!ENTRY org.eclipse.platform 2 0 2026-07-30 21:22:02.821
!MESSAGE Could not resolve module: org.eclipse.platform [836]
  Unresolved requirement: Require-Bundle: org.eclipse.ui.intro; bundle-version="[3.2.0,4.0.0)"
    -> Bundle-SymbolicName: org.eclipse.ui.intro; bundle-version="3.8.0.v20251219-1227"; singleton:="true"
       org.eclipse.ui.intro [876]
         Unresolved requirement: Require-Bundle: org.eclipse.ui.forms; bundle-version="[3.5.0,4.0.0)"
           -> Bundle-SymbolicName: org.eclipse.ui.forms; bundle-version="3.14.0.v20251218-0813"; singleton:="true"
              org.eclipse.ui.forms [872]
                Unresolved requirement: Require-Capability: eclipse.swt; filter:="(image.format=svg)"
                  -> Provide-Capability: eclipse.swt; image.format="svg"; version:Version="1.0.0"
                     org.eclipse.swt.svg [842]
                       Unresolved requirement: Fragment-Host: org.eclipse.swt
                       Unresolved requirement: Fragment-Host: org.eclipse.swt
                       Unresolved requirement: Fragment-Host: org.eclipse.swt
                       Unresolved requirement: Fragment-Host: org.eclipse.swt
                       Unresolved requirement: Fragment-Host: org.eclipse.swt
                       Unresolved requirement: Import-Package: com.github.weisj.jsvg; version="[2.1.0,3.0.0)"
                         -> Export-Package: com.github.weisj.jsvg; bundle-symbolic-name="com.github.weisj.jsvg"; bundle-version="2.1.0"; version="2.1.0"; uses:="com.github.weisj.jsvg.renderer,com.github.weisj.jsvg.renderer.animation,com.github.weisj.jsvg.renderer.output,com.github.weisj.jsvg.view,javax.swing"
                            com.github.weisj.jsvg [21]
                              Unresolved requirement: Require-Capability: osgi.serviceloader; osgi.serviceloader="com.github.weisj.jsvg.logging.LogManager"; filter:="(osgi.serviceloader=com.github.weisj.jsvg.logging.LogManager)"
                                -> Provide-Capability: osgi.serviceloader; osgi.serviceloader="com.github.weisj.jsvg.logging.LogManager"; register:="org.eclipse.swt.svg.logging.JVSGLoggerLogManager"
                              Unresolved requirement: Require-Capability: osgi.extender; filter:="(&(osgi.extender=osgi.serviceloader.processor)(version>=1.0.0)(!(version>=2.0.0)))"
                                -> Provide-Capability: osgi.extender; osgi.extender="osgi.serviceloader.processor"; version:Version="1.0.0"; uses:="org.apache.aries.spifly"
                                   org.apache.aries.spifly.dynamic.bundle [97]
                                     Bundle was not resolved because of a uses constraint violation.
  org.apache.felix.resolver.reason.ReasonException: Uses constraint violation. Unable to resolve resource org.apache.aries.spifly.dynamic.bundle [osgi.identity; type="osgi.bundle"; version:Version="1.3.7"; osgi.identity="org.apache.aries.spifly.dynamic.bundle"] because it is exposed to package 'org.objectweb.asm' from resources org.objectweb.asm [osgi.identity; type="osgi.bundle"; version:Version="9.9.1"; osgi.identity="org.objectweb.asm"] and org.objectweb.asm [osgi.identity; type="osgi.bundle"; version:Version="9.10.1"; osgi.identity="org.objectweb.asm"] via two dependency chains.

Chain 1:
  org.apache.aries.spifly.dynamic.bundle [osgi.identity; type="osgi.bundle"; version:Version="1.3.7"; osgi.identity="org.apache.aries.spifly.dynamic.bundle"]
    import: (&(osgi.wiring.package=org.objectweb.asm)(&(version>=9.6.0)(!(version>=10.0.0))))
     |
    export: osgi.wiring.package: org.objectweb.asm
  org.objectweb.asm [osgi.identity; type="osgi.bundle"; version:Version="9.9.1"; osgi.identity="org.objectweb.asm"]

Chain 2:
  org.apache.aries.spifly.dynamic.bundle [osgi.identity; type="osgi.bundle"; version:Version="1.3.7"; osgi.identity="org.apache.aries.spifly.dynamic.bundle"]
    import: (&(osgi.wiring.package=org.objectweb.asm.util)(&(version>=9.6.0)(!(version>=10.0.0))))
     |
    export: osgi.wiring.package=org.objectweb.asm.util; uses:=org.objectweb.asm
  org.objectweb.asm.util [osgi.identity; type="osgi.bundle"; version:Version="9.10.1"; osgi.identity="org.objectweb.asm.util"]
    import: (&(osgi.wiring.package=org.objectweb.asm)(&(version>=9.10.1)(!(version>=9.11.0))))
     |
    export: osgi.wiring.package: org.objectweb.asm
  org.objectweb.asm [osgi.identity; type="osgi.bundle"; version:Version="9.10.1"; osgi.identity="org.objectweb.asm"]                       Unresolved requirement: Import-Package: com.github.weisj.jsvg.logging; version="[2.1.0,3.0.0)"
                         -> Export-Package: com.github.weisj.jsvg.logging; bundle-symbolic-name="com.github.weisj.jsvg"; bundle-version="2.1.0"; version="2.1.0"
                       Unresolved requirement: Import-Package: com.github.weisj.jsvg.parser; version="[2.1.0,3.0.0)"
                         -> Export-Package: com.github.weisj.jsvg.parser; bundle-symbolic-name="com.github.weisj.jsvg"; bundle-version="2.1.0"; version="2.1.0"; uses:="com.github.weisj.jsvg,com.github.weisj.jsvg.paint,com.github.weisj.jsvg.parser.css,com.github.weisj.jsvg.parser.impl,com.github.weisj.jsvg.parser.resources,javax.xml.stream"
                       Unresolved requirement: Import-Package: com.github.weisj.jsvg.view; version="[2.1.0,3.0.0)"
                         -> Export-Package: com.github.weisj.jsvg.view; bundle-symbolic-name="com.github.weisj.jsvg"; bundle-version="2.1.0"; version="2.1.0"
                Unresolved requirement: Require-Bundle: org.eclipse.jface; bundle-version="[3.18.0,4.0.0)"
                  -> Bundle-SymbolicName: org.eclipse.jface; bundle-version="3.39.0.v20260103-1533"; singleton:="true"
                     org.eclipse.jface [510]
                       Unresolved requirement: Require-Capability: eclipse.swt; filter:="(image.format=svg)"
                         -> Provide-Capability: eclipse.swt; image.format="svg"; version:Version="1.0.0"
                Unresolved requirement: Require-Bundle: org.eclipse.e4.ui.css.swt; bundle-version="0.16.0"
                  -> Bundle-SymbolicName: org.eclipse.e4.ui.css.swt; bundle-version="0.16.0.v20251216-1230"; singleton:="true"
                     org.eclipse.e4.ui.css.swt [332]
                       Unresolved requirement: Import-Package: org.eclipse.jface.resource
                         -> Export-Package: org.eclipse.jface.resource; bundle-symbolic-name="org.eclipse.jface"; bundle-version="3.39.0.v20260103-1533"; version="0.0.0"
         Unresolved requirement: Require-Capability: eclipse.swt; filter:="(image.format=svg)"
           -> Provide-Capability: eclipse.swt; image.format="svg"; version:Version="1.0.0"
         Unresolved requirement: Require-Bundle: org.eclipse.ui; bundle-version="[3.6.0,4.0.0)"
           -> Bundle-SymbolicName: org.eclipse.ui; bundle-version="3.208.0.v20251219-1043"; singleton:="true"
              org.eclipse.ui [866]
                Unresolved requirement: Require-Bundle: org.eclipse.jface; bundle-version="[3.34.0,4.0.0)"; visibility:="reexport"
                  -> Bundle-SymbolicName: org.eclipse.jface; bundle-version="3.39.0.v20260103-1533"; singleton:="true"
                Unresolved requirement: Require-Bundle: org.eclipse.ui.workbench; bundle-version="[3.130.0,4.0.0)"; visibility:="reexport"
                  -> Bundle-SymbolicName: org.eclipse.ui.workbench; bundle-version="3.138.0.v20260103-1852"; singleton:="true"
                     org.eclipse.ui.workbench [889]
                       Unresolved requirement: Import-Package: org.eclipse.e4.ui.internal.workbench.renderers.swt
                         -> Export-Package: org.eclipse.e4.ui.internal.workbench.renderers.swt; bundle-symbolic-name="org.eclipse.e4.ui.workbench.renderers.swt"; bundle-version="0.17.0.v20251218-1448"; version="0.0.0"; x-friends:="org.eclipse.ui.workbench"
                            org.eclipse.e4.ui.workbench.renderers.swt [344]
                              Unresolved requirement: Require-Bundle: org.eclipse.e4.ui.bindings; bundle-version="0.9.0"
                                -> Bundle-SymbolicName: org.eclipse.e4.ui.bindings; bundle-version="0.15.0.v20251216-1230"; singleton:="true"
                                   org.eclipse.e4.ui.bindings [330]
                                     Unresolved requirement: Import-Package: org.eclipse.jface.window
                                       -> Export-Package: org.eclipse.jface.window; bundle-symbolic-name="org.eclipse.jface"; bundle-version="3.39.0.v20260103-1533"; version="0.0.0"
                                     Unresolved requirement: Import-Package: org.eclipse.jface.bindings.keys
                                       -> Export-Package: org.eclipse.jface.bindings.keys; bundle-symbolic-name="org.eclipse.jface"; bundle-version="3.39.0.v20260103-1533"; version="0.0.0"
                                     Unresolved requirement: Import-Package: org.eclipse.jface.bindings
                                       -> Export-Package: org.eclipse.jface.bindings; bundle-symbolic-name="org.eclipse.jface"; bundle-version="3.39.0.v20260103-1533"; version="0.0.0"
                                     Unresolved requirement: Import-Package: org.eclipse.jface.dialogs
                                       -> Export-Package: org.eclipse.jface.dialogs; bundle-symbolic-name="org.eclipse.jface"; bundle-version="3.39.0.v20260103-1533"; version="0.0.0"
                              Unresolved requirement: Require-Bundle: org.eclipse.e4.ui.css.swt; bundle-version="0.11.0"
                                -> Bundle-SymbolicName: org.eclipse.e4.ui.css.swt; bundle-version="0.16.0.v20251216-1230"; singleton:="true"
                              Unresolved requirement: Require-Bundle: org.eclipse.e4.ui.workbench.swt; bundle-version="0.9.0"
                                -> Bundle-SymbolicName: org.eclipse.e4.ui.workbench.swt; bundle-version="0.18.0.v20251223-1034"; singleton:="true"
                                   org.eclipse.e4.ui.workbench.swt [345]
                                     Unresolved requirement: Require-Capability: eclipse.swt; filter:="(image.format=svg)"
                                       -> Provide-Capability: eclipse.swt; image.format="svg"; version:Version="1.0.0"
                                     Unresolved requirement: Require-Bundle: org.eclipse.e4.ui.css.swt; bundle-version="0.13.100"
                                       -> Bundle-SymbolicName: org.eclipse.e4.ui.css.swt; bundle-version="0.16.0.v20251216-1230"; singleton:="true"
                                     Unresolved requirement: Require-Bundle: org.eclipse.jface.databinding; bundle-version="[1.3.0,2.0.0)"
                                       -> Bundle-SymbolicName: org.eclipse.jface.databinding; bundle-version="1.16.0.v20251216-1230"
                                          org.eclipse.jface.databinding [511]
                                            Unresolved requirement: Require-Bundle: org.eclipse.jface; bundle-version="[3.2.0,4.0.0)"
                                              -> Bundle-SymbolicName: org.eclipse.jface; bundle-version="3.39.0.v20260103-1533"; singleton:="true"
                                     Unresolved requirement: Require-Bundle: org.eclipse.e4.ui.dialogs; bundle-version="1.1.600"
                                       -> Bundle-SymbolicName: org.eclipse.e4.ui.dialogs; bundle-version="1.7.0.v20251222-0947"
                                          org.eclipse.e4.ui.dialogs [335]
                                            Unresolved requirement: Require-Capability: eclipse.swt; filter:="(image.format=svg)"
                                              -> Provide-Capability: eclipse.swt; image.format="svg"; version:Version="1.0.0"
                                            Unresolved requirement: Require-Bundle: org.eclipse.jface; bundle-version="3.39.0"
                                              -> Bundle-SymbolicName: org.eclipse.jface; bundle-version="3.39.0.v20260103-1533"; singleton:="true"
                                     Unresolved requirement: Require-Bundle: org.eclipse.e4.ui.bindings; bundle-version="0.9.0"
                                       -> Bundle-SymbolicName: org.eclipse.e4.ui.bindings; bundle-version="0.15.0.v20251216-1230"; singleton:="true"
                                     Unresolved requirement: Require-Bundle: org.eclipse.jface; bundle-version="[3.39.0,4.0.0)"
                                       -> Bundle-SymbolicName: org.eclipse.jface; bundle-version="3.39.0.v20260103-1533"; singleton:="true"
                                     Unresolved requirement: Require-Bundle: org.eclipse.e4.ui.css.swt.theme; bundle-version="0.12.0"
                                       -> Bundle-SymbolicName: org.eclipse.e4.ui.css.swt.theme; bundle-version="0.15.0.v20251216-1230"; singleton:="true"
                                          org.eclipse.e4.ui.css.swt.theme [333]
                                            Unresolved requirement: Require-Bundle: org.eclipse.e4.ui.css.swt; bundle-version="0.13.100"
                                              -> Bundle-SymbolicName: org.eclipse.e4.ui.css.swt; bundle-version="0.16.0.v20251216-1230"; singleton:="true"
                              Unresolved requirement: Require-Bundle: org.eclipse.jface; bundle-version="[3.15.0,4.0.0)"
                                -> Bundle-SymbolicName: org.eclipse.jface; bundle-version="3.39.0.v20260103-1533"; singleton:="true"
                              Unresolved requirement: Require-Capability: eclipse.swt; filter:="(image.format=svg)"
                                -> Provide-Capability: eclipse.swt; image.format="svg"; version:Version="1.0.0"
                       Unresolved requirement: Import-Package: org.eclipse.e4.ui.workbench.renderers.swt
                         -> Export-Package: org.eclipse.e4.ui.workbench.renderers.swt; bundle-symbolic-name="org.eclipse.e4.ui.workbench.renderers.swt"; bundle-version="0.17.0.v20251218-1448"; version="0.0.0"; x-friends:="org.eclipse.e4.ui.workbench.addons.swt,org.eclipse.ui.workbench"
                       Unresolved requirement: Import-Package: org.eclipse.e4.ui.internal.workbench.swt
                         -> Export-Package: org.eclipse.e4.ui.internal.workbench.swt; bundle-symbolic-name="org.eclipse.e4.ui.workbench.swt"; bundle-version="0.18.0.v20251223-1034"; version="0.0.0"; x-friends:="org.eclipse.e4.ui.workbench.addons.swt,  org.eclipse.e4.ui.workbench.renderers.swt,  org.eclipse.ui.workbench,  org.eclipse.e4.ui.bindings.tests"
                Unresolved requirement: Require-Capability: eclipse.swt; filter:="(image.format=svg)"
                  -> Provide-Capability: eclipse.swt; image.format="svg"; version:Version="1.0.0"
  Unresolved requirement: Require-Capability: eclipse.swt; filter:="(image.format=svg)"
    -> Provide-Capability: eclipse.swt; image.format="svg"; version:Version="1.0.0"


!ENTRY org.eclipse.ui.views.properties.tabbed 2 0 2026-07-30 21:22:02.824
!MESSAGE Could not resolve module: org.eclipse.ui.views.properties.tabbed [887]
  Unresolved requirement: Require-Bundle: org.eclipse.ui.forms; bundle-version="[3.3.0,4.0.0)"; visibility:="reexport"
    -> Bundle-SymbolicName: org.eclipse.ui.forms; bundle-version="3.14.0.v20251218-0813"; singleton:="true"
       org.eclipse.ui.forms [872]
         Unresolved requirement: Require-Capability: eclipse.swt; filter:="(image.format=svg)"
           -> Provide-Capability: eclipse.swt; image.format="svg"; version:Version="1.0.0"
              org.eclipse.swt.svg [842]
                Unresolved requirement: Fragment-Host: org.eclipse.swt
                Unresolved requirement: Fragment-Host: org.eclipse.swt
                Unresolved requirement: Fragment-Host: org.eclipse.swt
                Unresolved requirement: Fragment-Host: org.eclipse.swt
                Unresolved requirement: Fragment-Host: org.eclipse.swt
                Unresolved requirement: Import-Package: com.github.weisj.jsvg; version="[2.1.0,3.0.0)"
                  -> Export-Package: com.github.weisj.jsvg; bundle-symbolic-name="com.github.weisj.jsvg"; bundle-version="2.1.0"; version="2.1.0"; uses:="com.github.weisj.jsvg.renderer,com.github.weisj.jsvg.renderer.animation,com.github.weisj.jsvg.renderer.output,com.github.weisj.jsvg.view,javax.swing"
                     com.github.weisj.jsvg [21]
                       Unresolved requirement: Require-Capability: osgi.serviceloader; osgi.serviceloader="com.github.weisj.jsvg.logging.LogManager"; filter:="(osgi.serviceloader=com.github.weisj.jsvg.logging.LogManager)"
                         -> Provide-Capability: osgi.serviceloader; osgi.serviceloader="com.github.weisj.jsvg.logging.LogManager"; register:="org.eclipse.swt.svg.logging.JVSGLoggerLogManager"
                       Unresolved requirement: Require-Capability: osgi.extender; filter:="(&(osgi.extender=osgi.serviceloader.processor)(version>=1.0.0)(!(version>=2.0.0)))"
                         -> Provide-Capability: osgi.extender; osgi.extender="osgi.serviceloader.processor"; version:Version="1.0.0"; uses:="org.apache.aries.spifly"
                            org.apache.aries.spifly.dynamic.bundle [97]
                              Bundle was not resolved because of a uses constraint violation.
  org.apache.felix.resolver.reason.ReasonException: Uses constraint violation. Unable to resolve resource org.apache.aries.spifly.dynamic.bundle [osgi.identity; type="osgi.bundle"; version:Version="1.3.7"; osgi.identity="org.apache.aries.spifly.dynamic.bundle"] because it is exposed to package 'org.objectweb.asm' from resources org.objectweb.asm [osgi.identity; type="osgi.bundle"; version:Version="9.9.1"; osgi.identity="org.objectweb.asm"] and org.objectweb.asm [osgi.identity; type="osgi.bundle"; version:Version="9.10.1"; osgi.identity="org.objectweb.asm"] via two dependency chains.

Chain 1:
  org.apache.aries.spifly.dynamic.bundle [osgi.identity; type="osgi.bundle"; version:Version="1.3.7"; osgi.identity="org.apache.aries.spifly.dynamic.bundle"]
    import: (&(osgi.wiring.package=org.objectweb.asm)(&(version>=9.6.0)(!(version>=10.0.0))))
     |
    export: osgi.wiring.package: org.objectweb.asm
  org.objectweb.asm [osgi.identity; type="osgi.bundle"; version:Version="9.9.1"; osgi.identity="org.objectweb.asm"]

Chain 2:
  org.apache.aries.spifly.dynamic.bundle [osgi.identity; type="osgi.bundle"; version:Version="1.3.7"; osgi.identity="org.apache.aries.spifly.dynamic.bundle"]
    import: (&(osgi.wiring.package=org.objectweb.asm.util)(&(version>=9.6.0)(!(version>=10.0.0))))
     |
    export: osgi.wiring.package=org.objectweb.asm.util; uses:=org.objectweb.asm
  org.objectweb.asm.util [osgi.identity; type="osgi.bundle"; version:Version="9.10.1"; osgi.identity="org.objectweb.asm.util"]
    import: (&(osgi.wiring.package=org.objectweb.asm)(&(version>=9.10.1)(!(version>=9.11.0))))
     |
    export: osgi.wiring.package: org.objectweb.asm
  org.objectweb.asm [osgi.identity; type="osgi.bundle"; version:Version="9.10.1"; osgi.identity="org.objectweb.asm"]                Unresolved requirement: Import-Package: com.github.weisj.jsvg.logging; version="[2.1.0,3.0.0)"
                  -> Export-Package: com.github.weisj.jsvg.logging; bundle-symbolic-name="com.github.weisj.jsvg"; bundle-version="2.1.0"; version="2.1.0"
                Unresolved requirement: Import-Package: com.github.weisj.jsvg.parser; version="[2.1.0,3.0.0)"
                  -> Export-Package: com.github.weisj.jsvg.parser; bundle-symbolic-name="com.github.weisj.jsvg"; bundle-version="2.1.0"; version="2.1.0"; uses:="com.github.weisj.jsvg,com.github.weisj.jsvg.paint,com.github.weisj.jsvg.parser.css,com.github.weisj.jsvg.parser.impl,com.github.weisj.jsvg.parser.resources,javax.xml.stream"
                Unresolved requirement: Import-Package: com.github.weisj.jsvg.view; version="[2.1.0,3.0.0)"
                  -> Export-Package: com.github.weisj.jsvg.view; bundle-symbolic-name="com.github.weisj.jsvg"; bundle-version="2.1.0"; version="2.1.0"
         Unresolved requirement: Require-Bundle: org.eclipse.jface; bundle-version="[3.18.0,4.0.0)"
           -> Bundle-SymbolicName: org.eclipse.jface; bundle-version="3.39.0.v20260103-1533"; singleton:="true"
              org.eclipse.jface [510]
                Unresolved requirement: Require-Capability: eclipse.swt; filter:="(image.format=svg)"
                  -> Provide-Capability: eclipse.swt; image.format="svg"; version:Version="1.0.0"
         Unresolved requirement: Require-Bundle: org.eclipse.e4.ui.css.swt; bundle-version="0.16.0"
           -> Bundle-SymbolicName: org.eclipse.e4.ui.css.swt; bundle-version="0.16.0.v20251216-1230"; singleton:="true"
              org.eclipse.e4.ui.css.swt [332]
                Unresolved requirement: Import-Package: org.eclipse.jface.resource
                  -> Export-Package: org.eclipse.jface.resource; bundle-symbolic-name="org.eclipse.jface"; bundle-version="3.39.0.v20260103-1533"; version="0.0.0"


!ENTRY org.eclipse.epp.package.jee 2 0 2026-07-30 21:22:02.824
!MESSAGE Could not resolve module: org.eclipse.epp.package.jee [404]
  Unresolved requirement: Require-Bundle: org.eclipse.platform
    -> Bundle-SymbolicName: org.eclipse.platform; bundle-version="4.39.0.v20260103-1800"; singleton:="true"
       org.eclipse.platform [836]
         Unresolved requirement: Require-Bundle: org.eclipse.ui.intro; bundle-version="[3.2.0,4.0.0)"
           -> Bundle-SymbolicName: org.eclipse.ui.intro; bundle-version="3.8.0.v20251219-1227"; singleton:="true"
              org.eclipse.ui.intro [876]
                Unresolved requirement: Require-Bundle: org.eclipse.ui.forms; bundle-version="[3.5.0,4.0.0)"
                  -> Bundle-SymbolicName: org.eclipse.ui.forms; bundle-version="3.14.0.v20251218-0813"; singleton:="true"
                     org.eclipse.ui.forms [872]
                       Unresolved requirement: Require-Capability: eclipse.swt; filter:="(image.format=svg)"
                         -> Provide-Capability: eclipse.swt; image.format="svg"; version:Version="1.0.0"
                            org.eclipse.swt.svg [842]
                              Unresolved requirement: Fragment-Host: org.eclipse.swt
                              Unresolved requirement: Fragment-Host: org.eclipse.swt
                              Unresolved requirement: Fragment-Host: org.eclipse.swt
                              Unresolved requirement: Fragment-Host: org.eclipse.swt
                              Unresolved requirement: Fragment-Host: org.eclipse.swt
                              Unresolved requirement: Import-Package: com.github.weisj.jsvg; version="[2.1.0,3.0.0)"
                                -> Export-Package: com.github.weisj.jsvg; bundle-symbolic-name="com.github.weisj.jsvg"; bundle-version="2.1.0"; version="2.1.0"; uses:="com.github.weisj.jsvg.renderer,com.github.weisj.jsvg.renderer.animation,com.github.weisj.jsvg.renderer.output,com.github.weisj.jsvg.view,javax.swing"
                                   com.github.weisj.jsvg [21]
                                     Unresolved requirement: Require-Capability: osgi.serviceloader; osgi.serviceloader="com.github.weisj.jsvg.logging.LogManager"; filter:="(osgi.serviceloader=com.github.weisj.jsvg.logging.LogManager)"
                                       -> Provide-Capability: osgi.serviceloader; osgi.serviceloader="com.github.weisj.jsvg.logging.LogManager"; register:="org.eclipse.swt.svg.logging.JVSGLoggerLogManager"
                                     Unresolved requirement: Require-Capability: osgi.extender; filter:="(&(osgi.extender=osgi.serviceloader.processor)(version>=1.0.0)(!(version>=2.0.0)))"
                                       -> Provide-Capability: osgi.extender; osgi.extender="osgi.serviceloader.processor"; version:Version="1.0.0"; uses:="org.apache.aries.spifly"
                                          org.apache.aries.spifly.dynamic.bundle [97]
                                            Bundle was not resolved because of a uses constraint violation.
  org.apache.felix.resolver.reason.ReasonException: Uses constraint violation. Unable to resolve resource org.apache.aries.spifly.dynamic.bundle [osgi.identity; type="osgi.bundle"; version:Version="1.3.7"; osgi.identity="org.apache.aries.spifly.dynamic.bundle"] because it is exposed to package 'org.objectweb.asm' from resources org.objectweb.asm [osgi.identity; type="osgi.bundle"; version:Version="9.9.1"; osgi.identity="org.objectweb.asm"] and org.objectweb.asm [osgi.identity; type="osgi.bundle"; version:Version="9.10.1"; osgi.identity="org.objectweb.asm"] via two dependency chains.

Chain 1:
  org.apache.aries.spifly.dynamic.bundle [osgi.identity; type="osgi.bundle"; version:Version="1.3.7"; osgi.identity="org.apache.aries.spifly.dynamic.bundle"]
    import: (&(osgi.wiring.package=org.objectweb.asm)(&(version>=9.6.0)(!(version>=10.0.0))))
     |
    export: osgi.wiring.package: org.objectweb.asm
  org.objectweb.asm [osgi.identity; type="osgi.bundle"; version:Version="9.9.1"; osgi.identity="org.objectweb.asm"]

Chain 2:
  org.apache.aries.spifly.dynamic.bundle [osgi.identity; type="osgi.bundle"; version:Version="1.3.7"; osgi.identity="org.apache.aries.spifly.dynamic.bundle"]
    import: (&(osgi.wiring.package=org.objectweb.asm.util)(&(version>=9.6.0)(!(version>=10.0.0))))
     |
    export: osgi.wiring.package=org.objectweb.asm.util; uses:=org.objectweb.asm
  org.objectweb.asm.util [osgi.identity; type="osgi.bundle"; version:Version="9.10.1"; osgi.identity="org.objectweb.asm.util"]
    import: (&(osgi.wiring.package=org.objectweb.asm)(&(version>=9.10.1)(!(version>=9.11.0))))
     |
    export: osgi.wiring.package: org.objectweb.asm
  org.objectweb.asm [osgi.identity; type="osgi.bundle"; version:Version="9.10.1"; osgi.identity="org.objectweb.asm"]                              Unresolved requirement: Import-Package: com.github.weisj.jsvg.logging; version="[2.1.0,3.0.0)"
                                -> Export-Package: com.github.weisj.jsvg.logging; bundle-symbolic-name="com.github.weisj.jsvg"; bundle-version="2.1.0"; version="2.1.0"
                              Unresolved requirement: Import-Package: com.github.weisj.jsvg.parser; version="[2.1.0,3.0.0)"
                                -> Export-Package: com.github.weisj.jsvg.parser; bundle-symbolic-name="com.github.weisj.jsvg"; bundle-version="2.1.0"; version="2.1.0"; uses:="com.github.weisj.jsvg,com.github.weisj.jsvg.paint,com.github.weisj.jsvg.parser.css,com.github.weisj.jsvg.parser.impl,com.github.weisj.jsvg.parser.resources,javax.xml.stream"
                              Unresolved requirement: Import-Package: com.github.weisj.jsvg.view; version="[2.1.0,3.0.0)"
                                -> Export-Package: com.github.weisj.jsvg.view; bundle-symbolic-name="com.github.weisj.jsvg"; bundle-version="2.1.0"; version="2.1.0"
                       Unresolved requirement: Require-Bundle: org.eclipse.jface; bundle-version="[3.18.0,4.0.0)"
                         -> Bundle-SymbolicName: org.eclipse.jface; bundle-version="3.39.0.v20260103-1533"; singleton:="true"
                            org.eclipse.jface [510]
                              Unresolved requirement: Require-Capability: eclipse.swt; filter:="(image.format=svg)"
                                -> Provide-Capability: eclipse.swt; image.format="svg"; version:Version="1.0.0"
                       Unresolved requirement: Require-Bundle: org.eclipse.e4.ui.css.swt; bundle-version="0.16.0"
                         -> Bundle-SymbolicName: org.eclipse.e4.ui.css.swt; bundle-version="0.16.0.v20251216-1230"; singleton:="true"
                            org.eclipse.e4.ui.css.swt [332]
                              Unresolved requirement: Import-Package: org.eclipse.jface.resource
                                -> Export-Package: org.eclipse.jface.resource; bundle-symbolic-name="org.eclipse.jface"; bundle-version="3.39.0.v20260103-1533"; version="0.0.0"
                Unresolved requirement: Require-Capability: eclipse.swt; filter:="(image.format=svg)"
                  -> Provide-Capability: eclipse.swt; image.format="svg"; version:Version="1.0.0"
                Unresolved requirement: Require-Bundle: org.eclipse.ui; bundle-version="[3.6.0,4.0.0)"
                  -> Bundle-SymbolicName: org.eclipse.ui; bundle-version="3.208.0.v20251219-1043"; singleton:="true"
                     org.eclipse.ui [866]
                       Unresolved requirement: Require-Bundle: org.eclipse.jface; bundle-version="[3.34.0,4.0.0)"; visibility:="reexport"
                         -> Bundle-SymbolicName: org.eclipse.jface; bundle-version="3.39.0.v20260103-1533"; singleton:="true"
                       Unresolved requirement: Require-Bundle: org.eclipse.ui.workbench; bundle-version="[3.130.0,4.0.0)"; visibility:="reexport"
                         -> Bundle-SymbolicName: org.eclipse.ui.workbench; bundle-version="3.138.0.v20260103-1852"; singleton:="true"
                            org.eclipse.ui.workbench [889]
                              Unresolved requirement: Import-Package: org.eclipse.e4.ui.internal.workbench.renderers.swt
                                -> Export-Package: org.eclipse.e4.ui.internal.workbench.renderers.swt; bundle-symbolic-name="org.eclipse.e4.ui.workbench.renderers.swt"; bundle-version="0.17.0.v20251218-1448"; version="0.0.0"; x-friends:="org.eclipse.ui.workbench"
                                   org.eclipse.e4.ui.workbench.renderers.swt [344]
                                     Unresolved requirement: Require-Bundle: org.eclipse.e4.ui.bindings; bundle-version="0.9.0"
                                       -> Bundle-SymbolicName: org.eclipse.e4.ui.bindings; bundle-version="0.15.0.v20251216-1230"; singleton:="true"
                                          org.eclipse.e4.ui.bindings [330]
                                            Unresolved requirement: Import-Package: org.eclipse.jface.window
                                              -> Export-Package: org.eclipse.jface.window; bundle-symbolic-name="org.eclipse.jface"; bundle-version="3.39.0.v20260103-1533"; version="0.0.0"
                                            Unresolved requirement: Import-Package: org.eclipse.jface.bindings.keys
                                              -> Export-Package: org.eclipse.jface.bindings.keys; bundle-symbolic-name="org.eclipse.jface"; bundle-version="3.39.0.v20260103-1533"; version="0.0.0"
                                            Unresolved requirement: Import-Package: org.eclipse.jface.bindings
                                              -> Export-Package: org.eclipse.jface.bindings; bundle-symbolic-name="org.eclipse.jface"; bundle-version="3.39.0.v20260103-1533"; version="0.0.0"
                                            Unresolved requirement: Import-Package: org.eclipse.jface.dialogs
                                              -> Export-Package: org.eclipse.jface.dialogs; bundle-symbolic-name="org.eclipse.jface"; bundle-version="3.39.0.v20260103-1533"; version="0.0.0"
                                     Unresolved requirement: Require-Bundle: org.eclipse.e4.ui.css.swt; bundle-version="0.11.0"
                                       -> Bundle-SymbolicName: org.eclipse.e4.ui.css.swt; bundle-version="0.16.0.v20251216-1230"; singleton:="true"
                                     Unresolved requirement: Require-Bundle: org.eclipse.e4.ui.workbench.swt; bundle-version="0.9.0"
                                       -> Bundle-SymbolicName: org.eclipse.e4.ui.workbench.swt; bundle-version="0.18.0.v20251223-1034"; singleton:="true"
                                          org.eclipse.e4.ui.workbench.swt [345]
                                            Unresolved requirement: Require-Capability: eclipse.swt; filter:="(image.format=svg)"
                                              -> Provide-Capability: eclipse.swt; image.format="svg"; version:Version="1.0.0"
                                            Unresolved requirement: Require-Bundle: org.eclipse.e4.ui.css.swt; bundle-version="0.13.100"
                                              -> Bundle-SymbolicName: org.eclipse.e4.ui.css.swt; bundle-version="0.16.0.v20251216-1230"; singleton:="true"
                                            Unresolved requirement: Require-Bundle: org.eclipse.jface.databinding; bundle-version="[1.3.0,2.0.0)"
                                              -> Bundle-SymbolicName: org.eclipse.jface.databinding; bundle-version="1.16.0.v20251216-1230"
                                                 org.eclipse.jface.databinding [511]
                                                   Unresolved requirement: Require-Bundle: org.eclipse.jface; bundle-version="[3.2.0,4.0.0)"
                                                     -> Bundle-SymbolicName: org.eclipse.jface; bundle-version="3.39.0.v20260103-1533"; singleton:="true"
                                            Unresolved requirement: Require-Bundle: org.eclipse.e4.ui.dialogs; bundle-version="1.1.600"
                                              -> Bundle-SymbolicName: org.eclipse.e4.ui.dialogs; bundle-version="1.7.0.v20251222-0947"
                                                 org.eclipse.e4.ui.dialogs [335]
                                                   Unresolved requirement: Require-Capability: eclipse.swt; filter:="(image.format=svg)"
                                                     -> Provide-Capability: eclipse.swt; image.format="svg"; version:Version="1.0.0"
                                                   Unresolved requirement: Require-Bundle: org.eclipse.jface; bundle-version="3.39.0"
                                                     -> Bundle-SymbolicName: org.eclipse.jface; bundle-version="3.39.0.v20260103-1533"; singleton:="true"
                                            Unresolved requirement: Require-Bundle: org.eclipse.e4.ui.bindings; bundle-version="0.9.0"
                                              -> Bundle-SymbolicName: org.eclipse.e4.ui.bindings; bundle-version="0.15.0.v20251216-1230"; singleton:="true"
                                            Unresolved requirement: Require-Bundle: org.eclipse.jface; bundle-version="[3.39.0,4.0.0)"
                                              -> Bundle-SymbolicName: org.eclipse.jface; bundle-version="3.39.0.v20260103-1533"; singleton:="true"
                                            Unresolved requirement: Require-Bundle: org.eclipse.e4.ui.css.swt.theme; bundle-version="0.12.0"
                                              -> Bundle-SymbolicName: org.eclipse.e4.ui.css.swt.theme; bundle-version="0.15.0.v20251216-1230"; singleton:="true"
                                                 org.eclipse.e4.ui.css.swt.theme [333]
                                                   Unresolved requirement: Require-Bundle: org.eclipse.e4.ui.css.swt; bundle-version="0.13.100"
                                                     -> Bundle-SymbolicName: org.eclipse.e4.ui.css.swt; bundle-version="0.16.0.v20251216-1230"; singleton:="true"
                                     Unresolved requirement: Require-Bundle: org.eclipse.jface; bundle-version="[3.15.0,4.0.0)"
                                       -> Bundle-SymbolicName: org.eclipse.jface; bundle-version="3.39.0.v20260103-1533"; singleton:="true"
                                     Unresolved requirement: Require-Capability: eclipse.swt; filter:="(image.format=svg)"
                                       -> Provide-Capability: eclipse.swt; image.format="svg"; version:Version="1.0.0"
                              Unresolved requirement: Import-Package: org.eclipse.e4.ui.workbench.renderers.swt
                                -> Export-Package: org.eclipse.e4.ui.workbench.renderers.swt; bundle-symbolic-name="org.eclipse.e4.ui.workbench.renderers.swt"; bundle-version="0.17.0.v20251218-1448"; version="0.0.0"; x-friends:="org.eclipse.e4.ui.workbench.addons.swt,org.eclipse.ui.workbench"
                              Unresolved requirement: Import-Package: org.eclipse.e4.ui.internal.workbench.swt
                                -> Export-Package: org.eclipse.e4.ui.internal.workbench.swt; bundle-symbolic-name="org.eclipse.e4.ui.workbench.swt"; bundle-version="0.18.0.v20251223-1034"; version="0.0.0"; x-friends:="org.eclipse.e4.ui.workbench.addons.swt,  org.eclipse.e4.ui.workbench.renderers.swt,  org.eclipse.ui.workbench,  org.eclipse.e4.ui.bindings.tests"
                       Unresolved requirement: Require-Capability: eclipse.swt; filter:="(image.format=svg)"
                         -> Provide-Capability: eclipse.swt; image.format="svg"; version:Version="1.0.0"
         Unresolved requirement: Require-Capability: eclipse.swt; filter:="(image.format=svg)"
           -> Provide-Capability: eclipse.swt; image.format="svg"; version:Version="1.0.0"


!ENTRY org.eclipse.jst.j2ee.ejb.annotation.model 2 0 2026-07-30 21:22:02.835
!MESSAGE Could not resolve module: org.eclipse.jst.j2ee.ejb.annotation.model [564]
  Unresolved requirement: Require-Bundle: org.eclipse.jst.j2ee.ejb; bundle-version="[1.2.0,2.0.0)"
    -> Bundle-SymbolicName: org.eclipse.jst.j2ee.ejb; bundle-version="1.2.0.v202307260438"; singleton:="true"
       org.eclipse.jst.j2ee.ejb [563]
         Unresolved requirement: Require-Bundle: org.eclipse.jst.jee; bundle-version="[1.0.1200,2.0.0)"
           -> Bundle-SymbolicName: org.eclipse.jst.jee; bundle-version="1.1.400.v202508180346"; singleton:="true"
              org.eclipse.jst.jee [577]
                Unresolved requirement: Require-Bundle: org.eclipse.wst.web; bundle-version="[1.1.0,2.0.0)"
                  -> Bundle-SymbolicName: org.eclipse.wst.web; bundle-version="1.3.200.v202305221615"; singleton:="true"
                     org.eclipse.wst.web [973]
                       Unresolved requirement: Require-Bundle: org.eclipse.wst.server.core; bundle-version="[1.10.0,2.0.0)"
                         -> Bundle-SymbolicName: org.eclipse.wst.server.core; bundle-version="1.11.0.v202311141839"; singleton:="true"
                            org.eclipse.wst.server.core [956]
                              Unresolved requirement: Require-Bundle: org.eclipse.wst.server.discovery; bundle-version="[1.0.0,2.0.0)"
                                -> Bundle-SymbolicName: org.eclipse.wst.server.discovery; bundle-version="1.3.600.v202405150145"; singleton:="true"
                                   org.eclipse.wst.server.discovery [957]
                                     Unresolved requirement: Require-Bundle: org.eclipse.ui; bundle-version="[3.5.0,4.0.0)"
                                       -> Bundle-SymbolicName: org.eclipse.ui; bundle-version="3.208.0.v20251219-1043"; singleton:="true"
                                          org.eclipse.ui [866]
                                            Unresolved requirement: Require-Bundle: org.eclipse.jface; bundle-version="[3.34.0,4.0.0)"; visibility:="reexport"
                                              -> Bundle-SymbolicName: org.eclipse.jface; bundle-version="3.39.0.v20260103-1533"; singleton:="true"
                                                 org.eclipse.jface [510]
                                                   Unresolved requirement: Require-Capability: eclipse.swt; filter:="(image.format=svg)"
                                                     -> Provide-Capability: eclipse.swt; image.format="svg"; version:Version="1.0.0"
                                                        org.eclipse.swt.svg [842]
                                                          Unresolved requirement: Fragment-Host: org.eclipse.swt
                                                          Unresolved requirement: Fragment-Host: org.eclipse.swt
                                                          Unresolved requirement: Fragment-Host: org.eclipse.swt
                                                          Unresolved requirement: Fragment-Host: org.eclipse.swt
                                                          Unresolved requirement: Fragment-Host: org.eclipse.swt
                                                          Unresolved requirement: Import-Package: com.github.weisj.jsvg; version="[2.1.0,3.0.0)"
                                                            -> Export-Package: com.github.weisj.jsvg; bundle-symbolic-name="com.github.weisj.jsvg"; bundle-version="2.1.0"; version="2.1.0"; uses:="com.github.weisj.jsvg.renderer,com.github.weisj.jsvg.renderer.animation,com.github.weisj.jsvg.renderer.output,com.github.weisj.jsvg.view,javax.swing"
                                                               com.github.weisj.jsvg [21]
                                                                 Unresolved requirement: Require-Capability: osgi.serviceloader; osgi.serviceloader="com.github.weisj.jsvg.logging.LogManager"; filter:="(osgi.serviceloader=com.github.weisj.jsvg.logging.LogManager)"
                                                                   -> Provide-Capability: osgi.serviceloader; osgi.serviceloader="com.github.weisj.jsvg.logging.LogManager"; register:="org.eclipse.swt.svg.logging.JVSGLoggerLogManager"
                                                                 Unresolved requirement: Require-Capability: osgi.extender; filter:="(&(osgi.extender=osgi.serviceloader.processor)(version>=1.0.0)(!(version>=2.0.0)))"
                                                                   -> Provide-Capability: osgi.extender; osgi.extender="osgi.serviceloader.processor"; version:Version="1.0.0"; uses:="org.apache.aries.spifly"
                                                                      org.apache.aries.spifly.dynamic.bundle [97]
                                                                        Bundle was not resolved because of a uses constraint violation.
  org.apache.felix.resolver.reason.ReasonException: Uses constraint violation. Unable to resolve resource org.apache.aries.spifly.dynamic.bundle [osgi.identity; type="osgi.bundle"; version:Version="1.3.7"; osgi.identity="org.apache.aries.spifly.dynamic.bundle"] because it is exposed to package 'org.objectweb.asm' from resources org.objectweb.asm [osgi.identity; type="osgi.bundle"; version:Version="9.9.1"; osgi.identity="org.objectweb.asm"] and org.objectweb.asm [osgi.identity; type="osgi.bundle"; version:Version="9.10.1"; osgi.identity="org.objectweb.asm"] via two dependency chains.

Chain 1:
  org.apache.aries.spifly.dynamic.bundle [osgi.identity; type="osgi.bundle"; version:Version="1.3.7"; osgi.identity="org.apache.aries.spifly.dynamic.bundle"]
    import: (&(osgi.wiring.package=org.objectweb.asm)(&(version>=9.6.0)(!(version>=10.0.0))))
     |
    export: osgi.wiring.package: org.objectweb.asm
  org.objectweb.asm [osgi.identity; type="osgi.bundle"; version:Version="9.9.1"; osgi.identity="org.objectweb.asm"]

Chain 2:
  org.apache.aries.spifly.dynamic.bundle [osgi.identity; type="osgi.bundle"; version:Version="1.3.7"; osgi.identity="org.apache.aries.spifly.dynamic.bundle"]
    import: (&(osgi.wiring.package=org.objectweb.asm.util)(&(version>=9.6.0)(!(version>=10.0.0))))
     |
    export: osgi.wiring.package=org.objectweb.asm.util; uses:=org.objectweb.asm
  org.objectweb.asm.util [osgi.identity; type="osgi.bundle"; version:Version="9.10.1"; osgi.identity="org.objectweb.asm.util"]
    import: (&(osgi.wiring.package=org.objectweb.asm)(&(version>=9.10.1)(!(version>=9.11.0))))
     |
    export: osgi.wiring.package: org.objectweb.asm
  org.objectweb.asm [osgi.identity; type="osgi.bundle"; version:Version="9.10.1"; osgi.identity="org.objectweb.asm"]                                                          Unresolved requirement: Import-Package: com.github.weisj.jsvg.logging; version="[2.1.0,3.0.0)"
                                                            -> Export-Package: com.github.weisj.jsvg.logging; bundle-symbolic-name="com.github.weisj.jsvg"; bundle-version="2.1.0"; version="2.1.0"
                                                          Unresolved requirement: Import-Package: com.github.weisj.jsvg.parser; version="[2.1.0,3.0.0)"
                                                            -> Export-Package: com.github.weisj.jsvg.parser; bundle-symbolic-name="com.github.weisj.jsvg"; bundle-version="2.1.0"; version="2.1.0"; uses:="com.github.weisj.jsvg,com.github.weisj.jsvg.paint,com.github.weisj.jsvg.parser.css,com.github.weisj.jsvg.parser.impl,com.github.weisj.jsvg.parser.resources,javax.xml.stream"
                                                          Unresolved requirement: Import-Package: com.github.weisj.jsvg.view; version="[2.1.0,3.0.0)"
                                                            -> Export-Package: com.github.weisj.jsvg.view; bundle-symbolic-name="com.github.weisj.jsvg"; bundle-version="2.1.0"; version="2.1.0"
                                            Unresolved requirement: Require-Bundle: org.eclipse.ui.workbench; bundle-version="[3.130.0,4.0.0)"; visibility:="reexport"
                                              -> Bundle-SymbolicName: org.eclipse.ui.workbench; bundle-version="3.138.0.v20260103-1852"; singleton:="true"
                                                 org.eclipse.ui.workbench [889]
                                                   Unresolved requirement: Import-Package: org.eclipse.e4.ui.internal.workbench.renderers.swt
                                                     -> Export-Package: org.eclipse.e4.ui.internal.workbench.renderers.swt; bundle-symbolic-name="org.eclipse.e4.ui.workbench.renderers.swt"; bundle-version="0.17.0.v20251218-1448"; version="0.0.0"; x-friends:="org.eclipse.ui.workbench"
                                                        org.eclipse.e4.ui.workbench.renderers.swt [344]
                                                          Unresolved requirement: Require-Bundle: org.eclipse.e4.ui.bindings; bundle-version="0.9.0"
                                                            -> Bundle-SymbolicName: org.eclipse.e4.ui.bindings; bundle-version="0.15.0.v20251216-1230"; singleton:="true"
                                                               org.eclipse.e4.ui.bindings [330]
                                                                 Unresolved requirement: Import-Package: org.eclipse.jface.window
                                                                   -> Export-Package: org.eclipse.jface.window; bundle-symbolic-name="org.eclipse.jface"; bundle-version="3.39.0.v20260103-1533"; version="0.0.0"
                                                                 Unresolved requirement: Import-Package: org.eclipse.jface.bindings.keys
                                                                   -> Export-Package: org.eclipse.jface.bindings.keys; bundle-symbolic-name="org.eclipse.jface"; bundle-version="3.39.0.v20260103-1533"; version="0.0.0"
                                                                 Unresolved requirement: Import-Package: org.eclipse.jface.bindings
                                                                   -> Export-Package: org.eclipse.jface.bindings; bundle-symbolic-name="org.eclipse.jface"; bundle-version="3.39.0.v20260103-1533"; version="0.0.0"
                                                                 Unresolved requirement: Import-Package: org.eclipse.jface.dialogs
                                                                   -> Export-Package: org.eclipse.jface.dialogs; bundle-symbolic-name="org.eclipse.jface"; bundle-version="3.39.0.v20260103-1533"; version="0.0.0"
                                                          Unresolved requirement: Require-Bundle: org.eclipse.e4.ui.css.swt; bundle-version="0.11.0"
                                                            -> Bundle-SymbolicName: org.eclipse.e4.ui.css.swt; bundle-version="0.16.0.v20251216-1230"; singleton:="true"
                                                               org.eclipse.e4.ui.css.swt [332]
                                                                 Unresolved requirement: Import-Package: org.eclipse.jface.resource
                                                                   -> Export-Package: org.eclipse.jface.resource; bundle-symbolic-name="org.eclipse.jface"; bundle-version="3.39.0.v20260103-1533"; version="0.0.0"
                                                          Unresolved requirement: Require-Bundle: org.eclipse.e4.ui.workbench.swt; bundle-version="0.9.0"
                                                            -> Bundle-SymbolicName: org.eclipse.e4.ui.workbench.swt; bundle-version="0.18.0.v20251223-1034"; singleton:="true"
                                                               org.eclipse.e4.ui.workbench.swt [345]
                                                                 Unresolved requirement: Require-Capability: eclipse.swt; filter:="(image.format=svg)"
                                                                   -> Provide-Capability: eclipse.swt; image.format="svg"; version:Version="1.0.0"
                                                                 Unresolved requirement: Require-Bundle: org.eclipse.e4.ui.css.swt; bundle-version="0.13.100"
                                                                   -> Bundle-SymbolicName: org.eclipse.e4.ui.css.swt; bundle-version="0.16.0.v20251216-1230"; singleton:="true"
                                                                 Unresolved requirement: Require-Bundle: org.eclipse.jface.databinding; bundle-version="[1.3.0,2.0.0)"
                                                                   -> Bundle-SymbolicName: org.eclipse.jface.databinding; bundle-version="1.16.0.v20251216-1230"
                                                                      org.eclipse.jface.databinding [511]
                                                                        Unresolved requirement: Require-Bundle: org.eclipse.jface; bundle-version="[3.2.0,4.0.0)"
                                                                          -> Bundle-SymbolicName: org.eclipse.jface; bundle-version="3.39.0.v20260103-1533"; singleton:="true"
                                                                 Unresolved requirement: Require-Bundle: org.eclipse.e4.ui.dialogs; bundle-version="1.1.600"
                                                                   -> Bundle-SymbolicName: org.eclipse.e4.ui.dialogs; bundle-version="1.7.0.v20251222-0947"
                                                                      org.eclipse.e4.ui.dialogs [335]
                                                                        Unresolved requirement: Require-Capability: eclipse.swt; filter:="(image.format=svg)"
                                                                          -> Provide-Capability: eclipse.swt; image.format="svg"; version:Version="1.0.0"
                                                                        Unresolved requirement: Require-Bundle: org.eclipse.jface; bundle-version="3.39.0"
                                                                          -> Bundle-SymbolicName: org.eclipse.jface; bundle-version="3.39.0.v20260103-1533"; singleton:="true"
                                                                 Unresolved requirement: Require-Bundle: org.eclipse.e4.ui.bindings; bundle-version="0.9.0"
                                                                   -> Bundle-SymbolicName: org.eclipse.e4.ui.bindings; bundle-version="0.15.0.v20251216-1230"; singleton:="true"
                                                                 Unresolved requirement: Require-Bundle: org.eclipse.jface; bundle-version="[3.39.0,4.0.0)"
                                                                   -> Bundle-SymbolicName: org.eclipse.jface; bundle-version="3.39.0.v20260103-1533"; singleton:="true"
                                                                 Unresolved requirement: Require-Bundle: org.eclipse.e4.ui.css.swt.theme; bundle-version="0.12.0"
                                                                   -> Bundle-SymbolicName: org.eclipse.e4.ui.css.swt.theme; bundle-version="0.15.0.v20251216-1230"; singleton:="true"
                                                                      org.eclipse.e4.ui.css.swt.theme [333]
                                                                        Unresolved requirement: Require-Bundle: org.eclipse.e4.ui.css.swt; bundle-version="0.13.100"
                                                                          -> Bundle-SymbolicName: org.eclipse.e4.ui.css.swt; bundle-version="0.16.0.v20251216-1230"; singleton:="true"
                                                          Unresolved requirement: Require-Bundle: org.eclipse.jface; bundle-version="[3.15.0,4.0.0)"
                                                            -> Bundle-SymbolicName: org.eclipse.jface; bundle-version="3.39.0.v20260103-1533"; singleton:="true"
                                                          Unresolved requirement: Require-Capability: eclipse.swt; filter:="(image.format=svg)"
                                                            -> Provide-Capability: eclipse.swt; image.format="svg"; version:Version="1.0.0"
                                                   Unresolved requirement: Import-Package: org.eclipse.e4.ui.workbench.renderers.swt
                                                     -> Export-Package: org.eclipse.e4.ui.workbench.renderers.swt; bundle-symbolic-name="org.eclipse.e4.ui.workbench.renderers.swt"; bundle-version="0.17.0.v20251218-1448"; version="0.0.0"; x-friends:="org.eclipse.e4.ui.workbench.addons.swt,org.eclipse.ui.workbench"
                                                   Unresolved requirement: Import-Package: org.eclipse.e4.ui.internal.workbench.swt
                                                     -> Export-Package: org.eclipse.e4.ui.internal.workbench.swt; bundle-symbolic-name="org.eclipse.e4.ui.workbench.swt"; bundle-version="0.18.0.v20251223-1034"; version="0.0.0"; x-friends:="org.eclipse.e4.ui.workbench.addons.swt,  org.eclipse.e4.ui.workbench.renderers.swt,  org.eclipse.ui.workbench,  org.eclipse.e4.ui.bindings.tests"
                                            Unresolved requirement: Require-Capability: eclipse.swt; filter:="(image.format=svg)"
                                              -> Provide-Capability: eclipse.swt; image.format="svg"; version:Version="1.0.0"
                                     Unresolved requirement: Require-Bundle: org.eclipse.equinox.p2.ui; bundle-version="[2.0.0,3.0.0)"
                                       -> Bundle-SymbolicName: org.eclipse.equinox.p2.ui; bundle-version="2.8.1000.v20251111-1030"; singleton:="true"
                                          org.eclipse.equinox.p2.ui [444]
                                            Unresolved requirement: Import-Package: org.eclipse.e4.ui.progress
                                              -> Export-Package: org.eclipse.e4.ui.progress; bundle-symbolic-name="org.eclipse.e4.ui.progress"; bundle-version="0.5.0.v20251217-1052"; version="0.0.0"
                                                 org.eclipse.e4.ui.progress [338]
                                                   Unresolved requirement: Require-Bundle: org.eclipse.jface; bundle-version="3.39.0"
                                                     -> Bundle-SymbolicName: org.eclipse.jface; bundle-version="3.39.0.v20260103-1533"; singleton:="true"
                                                   Unresolved requirement: Require-Bundle: org.eclipse.e4.ui.workbench.swt
                                                     -> Bundle-SymbolicName: org.eclipse.e4.ui.workbench.swt; bundle-version="0.18.0.v20251223-1034"; singleton:="true"
                                                   Unresolved requirement: Require-Capability: eclipse.swt; filter:="(image.format=svg)"
                                                     -> Provide-Capability: eclipse.swt; image.format="svg"; version:Version="1.0.0"
                Unresolved requirement: Require-Bundle: org.eclipse.wst.server.core; bundle-version="[1.0.0,2.0.0)"
                  -> Bundle-SymbolicName: org.eclipse.wst.server.core; bundle-version="1.11.0.v202311141839"; singleton:="true"
                Unresolved requirement: Require-Bundle: org.eclipse.jst.j2ee; bundle-version="[1.1.0,1.3.0)"
                  -> Bundle-SymbolicName: org.eclipse.jst.j2ee; bundle-version="1.2.1200.v202502280419"; singleton:="true"
                     org.eclipse.jst.j2ee [560]
                       Unresolved requirement: Require-Bundle: org.eclipse.wst.server.core; bundle-version="[1.5.0,2.0.0)"
                         -> Bundle-SymbolicName: org.eclipse.wst.server.core; bundle-version="1.11.0.v202311141839"; singleton:="true"
                       Unresolved requirement: Require-Bundle: org.eclipse.wst.web; bundle-version="[1.1.600,2.0.0)"
                         -> Bundle-SymbolicName: org.eclipse.wst.web; bundle-version="1.3.200.v202305221615"; singleton:="true"
                       Unresolved requirement: Require-Bundle: org.eclipse.jst.server.core; bundle-version="[1.0.102,2.0.0)"
                         -> Bundle-SymbolicName: org.eclipse.jst.server.core; bundle-version="1.3.0.v202401292331"; singleton:="true"
                            org.eclipse.jst.server.core [599]
                              Unresolved requirement: Require-Bundle: org.eclipse.wst.server.core; bundle-version="[1.0.304,2.0.0)"
                                -> Bundle-SymbolicName: org.eclipse.wst.server.core; bundle-version="1.11.0.v202311141839"; singleton:="true"
                Unresolved requirement: Require-Bundle: org.eclipse.jst.server.core; bundle-version="[1.0.0,2.0.0)"
                  -> Bundle-SymbolicName: org.eclipse.jst.server.core; bundle-version="1.3.0.v202401292331"; singleton:="true"
                Unresolved requirement: Require-Bundle: org.eclipse.jst.j2ee.jca; bundle-version="[1.1.0,2.0.0)"
                  -> Bundle-SymbolicName: org.eclipse.jst.j2ee.jca; bundle-version="1.2.0.v202307260438"; singleton:="true"
                     org.eclipse.jst.j2ee.jca [569]
                       Unresolved requirement: Require-Bundle: org.eclipse.wst.server.core; bundle-version="[1.0.102,2.0.0)"
                         -> Bundle-SymbolicName: org.eclipse.wst.server.core; bundle-version="1.11.0.v202311141839"; singleton:="true"
                       Unresolved requirement: Require-Bundle: org.eclipse.wst.web; bundle-version="[1.1.0,2.0.0)"
                         -> Bundle-SymbolicName: org.eclipse.wst.web; bundle-version="1.3.200.v202305221615"; singleton:="true"
                       Unresolved requirement: Require-Bundle: org.eclipse.jst.server.core; bundle-version="[1.0.102,2.0.0)"
                         -> Bundle-SymbolicName: org.eclipse.jst.server.core; bundle-version="1.3.0.v202401292331"; singleton:="true"
                       Unresolved requirement: Require-Bundle: org.eclipse.jst.j2ee; bundle-version="[1.1.501,1.3.0)"
                         -> Bundle-SymbolicName: org.eclipse.jst.j2ee; bundle-version="1.2.1200.v202502280419"; singleton:="true"
         Unresolved requirement: Require-Bundle: org.eclipse.wst.web; bundle-version="[1.1.600,2.0.0)"
           -> Bundle-SymbolicName: org.eclipse.wst.web; bundle-version="1.3.200.v202305221615"; singleton:="true"
         Unresolved requirement: Require-Bundle: org.eclipse.jst.j2ee; bundle-version="[1.2.800,1.3.0)"
           -> Bundle-SymbolicName: org.eclipse.jst.j2ee; bundle-version="1.2.1200.v202502280419"; singleton:="true"
         Unresolved requirement: Require-Bundle: org.eclipse.jst.server.core; bundle-version="[1.0.102,2.0.0)"
           -> Bundle-SymbolicName: org.eclipse.jst.server.core; bundle-version="1.3.0.v202401292331"; singleton:="true"
         Unresolved requirement: Require-Bundle: org.eclipse.wst.server.core; bundle-version="[1.0.102,2.0.0)"
           -> Bundle-SymbolicName: org.eclipse.wst.server.core; bundle-version="1.11.0.v202311141839"; singleton:="true"
  Unresolved requirement: Require-Bundle: org.eclipse.jst.j2ee; bundle-version="[1.1.0,1.3.0)"
    -> Bundle-SymbolicName: org.eclipse.jst.j2ee; bundle-version="1.2.1200.v202502280419"; singleton:="true"


!ENTRY org.eclipse.ui.trace 2 0 2026-07-30 21:22:02.835
!MESSAGE Could not resolve module: org.eclipse.ui.trace [884]
  Unresolved requirement: Require-Bundle: org.eclipse.ui; bundle-version="[3.208.0,4.0.0)"
    -> Bundle-SymbolicName: org.eclipse.ui; bundle-version="3.208.0.v20251219-1043"; singleton:="true"
       org.eclipse.ui [866]
         Unresolved requirement: Require-Bundle: org.eclipse.jface; bundle-version="[3.34.0,4.0.0)"; visibility:="reexport"
           -> Bundle-SymbolicName: org.eclipse.jface; bundle-version="3.39.0.v20260103-1533"; singleton:="true"
              org.eclipse.jface [510]
                Unresolved requirement: Require-Capability: eclipse.swt; filter:="(image.format=svg)"
                  -> Provide-Capability: eclipse.swt; image.format="svg"; version:Version="1.0.0"
                     org.eclipse.swt.svg [842]
                       Unresolved requirement: Fragment-Host: org.eclipse.swt
                       Unresolved requirement: Fragment-Host: org.eclipse.swt
                       Unresolved requirement: Fragment-Host: org.eclipse.swt
                       Unresolved requirement: Fragment-Host: org.eclipse.swt
                       Unresolved requirement: Fragment-Host: org.eclipse.swt
                       Unresolved requirement: Import-Package: com.github.weisj.jsvg; version="[2.1.0,3.0.0)"
                         -> Export-Package: com.github.weisj.jsvg; bundle-symbolic-name="com.github.weisj.jsvg"; bundle-version="2.1.0"; version="2.1.0"; uses:="com.github.weisj.jsvg.renderer,com.github.weisj.jsvg.renderer.animation,com.github.weisj.jsvg.renderer.output,com.github.weisj.jsvg.view,javax.swing"
                            com.github.weisj.jsvg [21]
                              Unresolved requirement: Require-Capability: osgi.serviceloader; osgi.serviceloader="com.github.weisj.jsvg.logging.LogManager"; filter:="(osgi.serviceloader=com.github.weisj.jsvg.logging.LogManager)"
                                -> Provide-Capability: osgi.serviceloader; osgi.serviceloader="com.github.weisj.jsvg.logging.LogManager"; register:="org.eclipse.swt.svg.logging.JVSGLoggerLogManager"
                              Unresolved requirement: Require-Capability: osgi.extender; filter:="(&(osgi.extender=osgi.serviceloader.processor)(version>=1.0.0)(!(version>=2.0.0)))"
                                -> Provide-Capability: osgi.extender; osgi.extender="osgi.serviceloader.processor"; version:Version="1.0.0"; uses:="org.apache.aries.spifly"
                                   org.apache.aries.spifly.dynamic.bundle [97]
                                     Bundle was not resolved because of a uses constraint violation.
  org.apache.felix.resolver.reason.ReasonException: Uses constraint violation. Unable to resolve resource org.apache.aries.spifly.dynamic.bundle [osgi.identity; type="osgi.bundle"; version:Version="1.3.7"; osgi.identity="org.apache.aries.spifly.dynamic.bundle"] because it is exposed to package 'org.objectweb.asm' from resources org.objectweb.asm [osgi.identity; type="osgi.bundle"; version:Version="9.9.1"; osgi.identity="org.objectweb.asm"] and org.objectweb.asm [osgi.identity; type="osgi.bundle"; version:Version="9.10.1"; osgi.identity="org.objectweb.asm"] via two dependency chains.

Chain 1:
  org.apache.aries.spifly.dynamic.bundle [osgi.identity; type="osgi.bundle"; version:Version="1.3.7"; osgi.identity="org.apache.aries.spifly.dynamic.bundle"]
    import: (&(osgi.wiring.package=org.objectweb.asm)(&(version>=9.6.0)(!(version>=10.0.0))))
     |
    export: osgi.wiring.package: org.objectweb.asm
  org.objectweb.asm [osgi.identity; type="osgi.bundle"; version:Version="9.9.1"; osgi.identity="org.objectweb.asm"]

Chain 2:
  org.apache.aries.spifly.dynamic.bundle [osgi.identity; type="osgi.bundle"; version:Version="1.3.7"; osgi.identity="org.apache.aries.spifly.dynamic.bundle"]
    import: (&(osgi.wiring.package=org.objectweb.asm.util)(&(version>=9.6.0)(!(version>=10.0.0))))
     |
    export: osgi.wiring.package=org.objectweb.asm.util; uses:=org.objectweb.asm
  org.objectweb.asm.util [osgi.identity; type="osgi.bundle"; version:Version="9.10.1"; osgi.identity="org.objectweb.asm.util"]
    import: (&(osgi.wiring.package=org.objectweb.asm)(&(version>=9.10.1)(!(version>=9.11.0))))
     |
    export: osgi.wiring.package: org.objectweb.asm
  org.objectweb.asm [osgi.identity; type="osgi.bundle"; version:Version="9.10.1"; osgi.identity="org.objectweb.asm"]                       Unresolved requirement: Import-Package: com.github.weisj.jsvg.logging; version="[2.1.0,3.0.0)"
                         -> Export-Package: com.github.weisj.jsvg.logging; bundle-symbolic-name="com.github.weisj.jsvg"; bundle-version="2.1.0"; version="2.1.0"
                       Unresolved requirement: Import-Package: com.github.weisj.jsvg.parser; version="[2.1.0,3.0.0)"
                         -> Export-Package: com.github.weisj.jsvg.parser; bundle-symbolic-name="com.github.weisj.jsvg"; bundle-version="2.1.0"; version="2.1.0"; uses:="com.github.weisj.jsvg,com.github.weisj.jsvg.paint,com.github.weisj.jsvg.parser.css,com.github.weisj.jsvg.parser.impl,com.github.weisj.jsvg.parser.resources,javax.xml.stream"
                       Unresolved requirement: Import-Package: com.github.weisj.jsvg.view; version="[2.1.0,3.0.0)"
                         -> Export-Package: com.github.weisj.jsvg.view; bundle-symbolic-name="com.github.weisj.jsvg"; bundle-version="2.1.0"; version="2.1.0"
         Unresolved requirement: Require-Bundle: org.eclipse.ui.workbench; bundle-version="[3.130.0,4.0.0)"; visibility:="reexport"
           -> Bundle-SymbolicName: org.eclipse.ui.workbench; bundle-version="3.138.0.v20260103-1852"; singleton:="true"
              org.eclipse.ui.workbench [889]
                Unresolved requirement: Import-Package: org.eclipse.e4.ui.internal.workbench.renderers.swt
                  -> Export-Package: org.eclipse.e4.ui.internal.workbench.renderers.swt; bundle-symbolic-name="org.eclipse.e4.ui.workbench.renderers.swt"; bundle-version="0.17.0.v20251218-1448"; version="0.0.0"; x-friends:="org.eclipse.ui.workbench"
                     org.eclipse.e4.ui.workbench.renderers.swt [344]
                       Unresolved requirement: Require-Bundle: org.eclipse.e4.ui.bindings; bundle-version="0.9.0"
                         -> Bundle-SymbolicName: org.eclipse.e4.ui.bindings; bundle-version="0.15.0.v20251216-1230"; singleton:="true"
                            org.eclipse.e4.ui.bindings [330]
                              Unresolved requirement: Import-Package: org.eclipse.jface.window
                                -> Export-Package: org.eclipse.jface.window; bundle-symbolic-name="org.eclipse.jface"; bundle-version="3.39.0.v20260103-1533"; version="0.0.0"
                              Unresolved requirement: Import-Package: org.eclipse.jface.bindings.keys
                                -> Export-Package: org.eclipse.jface.bindings.keys; bundle-symbolic-name="org.eclipse.jface"; bundle-version="3.39.0.v20260103-1533"; version="0.0.0"
                              Unresolved requirement: Import-Package: org.eclipse.jface.bindings
                                -> Export-Package: org.eclipse.jface.bindings; bundle-symbolic-name="org.eclipse.jface"; bundle-version="3.39.0.v20260103-1533"; version="0.0.0"
                              Unresolved requirement: Import-Package: org.eclipse.jface.dialogs
                                -> Export-Package: org.eclipse.jface.dialogs; bundle-symbolic-name="org.eclipse.jface"; bundle-version="3.39.0.v20260103-1533"; version="0.0.0"
                       Unresolved requirement: Require-Bundle: org.eclipse.e4.ui.css.swt; bundle-version="0.11.0"
                         -> Bundle-SymbolicName: org.eclipse.e4.ui.css.swt; bundle-version="0.16.0.v20251216-1230"; singleton:="true"
                            org.eclipse.e4.ui.css.swt [332]
                              Unresolved requirement: Import-Package: org.eclipse.jface.resource
                                -> Export-Package: org.eclipse.jface.resource; bundle-symbolic-name="org.eclipse.jface"; bundle-version="3.39.0.v20260103-1533"; version="0.0.0"
                       Unresolved requirement: Require-Bundle: org.eclipse.e4.ui.workbench.swt; bundle-version="0.9.0"
                         -> Bundle-SymbolicName: org.eclipse.e4.ui.workbench.swt; bundle-version="0.18.0.v20251223-1034"; singleton:="true"
                            org.eclipse.e4.ui.workbench.swt [345]
                              Unresolved requirement: Require-Capability: eclipse.swt; filter:="(image.format=svg)"
                                -> Provide-Capability: eclipse.swt; image.format="svg"; version:Version="1.0.0"
                              Unresolved requirement: Require-Bundle: org.eclipse.e4.ui.css.swt; bundle-version="0.13.100"
                                -> Bundle-SymbolicName: org.eclipse.e4.ui.css.swt; bundle-version="0.16.0.v20251216-1230"; singleton:="true"
                              Unresolved requirement: Require-Bundle: org.eclipse.jface.databinding; bundle-version="[1.3.0,2.0.0)"
                                -> Bundle-SymbolicName: org.eclipse.jface.databinding; bundle-version="1.16.0.v20251216-1230"
                                   org.eclipse.jface.databinding [511]
                                     Unresolved requirement: Require-Bundle: org.eclipse.jface; bundle-version="[3.2.0,4.0.0)"
                                       -> Bundle-SymbolicName: org.eclipse.jface; bundle-version="3.39.0.v20260103-1533"; singleton:="true"
                              Unresolved requirement: Require-Bundle: org.eclipse.e4.ui.dialogs; bundle-version="1.1.600"
                                -> Bundle-SymbolicName: org.eclipse.e4.ui.dialogs; bundle-version="1.7.0.v20251222-0947"
                                   org.eclipse.e4.ui.dialogs [335]
                                     Unresolved requirement: Require-Capability: eclipse.swt; filter:="(image.format=svg)"
                                       -> Provide-Capability: eclipse.swt; image.format="svg"; version:Version="1.0.0"
                                     Unresolved requirement: Require-Bundle: org.eclipse.jface; bundle-version="3.39.0"
                                       -> Bundle-SymbolicName: org.eclipse.jface; bundle-version="3.39.0.v20260103-1533"; singleton:="true"
                              Unresolved requirement: Require-Bundle: org.eclipse.e4.ui.bindings; bundle-version="0.9.0"
                                -> Bundle-SymbolicName: org.eclipse.e4.ui.bindings; bundle-version="0.15.0.v20251216-1230"; singleton:="true"
                              Unresolved requirement: Require-Bundle: org.eclipse.jface; bundle-version="[3.39.0,4.0.0)"
                                -> Bundle-SymbolicName: org.eclipse.jface; bundle-version="3.39.0.v20260103-1533"; singleton:="true"
                              Unresolved requirement: Require-Bundle: org.eclipse.e4.ui.css.swt.theme; bundle-version="0.12.0"
                                -> Bundle-SymbolicName: org.eclipse.e4.ui.css.swt.theme; bundle-version="0.15.0.v20251216-1230"; singleton:="true"
                                   org.eclipse.e4.ui.css.swt.theme [333]
                                     Unresolved requirement: Require-Bundle: org.eclipse.e4.ui.css.swt; bundle-version="0.13.100"
                                       -> Bundle-SymbolicName: org.eclipse.e4.ui.css.swt; bundle-version="0.16.0.v20251216-1230"; singleton:="true"
                       Unresolved requirement: Require-Bundle: org.eclipse.jface; bundle-version="[3.15.0,4.0.0)"
                         -> Bundle-SymbolicName: org.eclipse.jface; bundle-version="3.39.0.v20260103-1533"; singleton:="true"
                       Unresolved requirement: Require-Capability: eclipse.swt; filter:="(image.format=svg)"
                         -> Provide-Capability: eclipse.swt; image.format="svg"; version:Version="1.0.0"
                Unresolved requirement: Import-Package: org.eclipse.e4.ui.workbench.renderers.swt
                  -> Export-Package: org.eclipse.e4.ui.workbench.renderers.swt; bundle-symbolic-name="org.eclipse.e4.ui.workbench.renderers.swt"; bundle-version="0.17.0.v20251218-1448"; version="0.0.0"; x-friends:="org.eclipse.e4.ui.workbench.addons.swt,org.eclipse.ui.workbench"
                Unresolved requirement: Import-Package: org.eclipse.e4.ui.internal.workbench.swt
                  -> Export-Package: org.eclipse.e4.ui.internal.workbench.swt; bundle-symbolic-name="org.eclipse.e4.ui.workbench.swt"; bundle-version="0.18.0.v20251223-1034"; version="0.0.0"; x-friends:="org.eclipse.e4.ui.workbench.addons.swt,  org.eclipse.e4.ui.workbench.renderers.swt,  org.eclipse.ui.workbench,  org.eclipse.e4.ui.bindings.tests"
         Unresolved requirement: Require-Capability: eclipse.swt; filter:="(image.format=svg)"
           -> Provide-Capability: eclipse.swt; image.format="svg"; version:Version="1.0.0"


!ENTRY slf4j.simple 2 0 2026-07-30 21:22:02.843
!MESSAGE Could not resolve module: slf4j.simple [1094]
  Unresolved requirement: Import-Package: org.slf4j.event; version="[2.0.0,3.0.0)"
    -> Export-Package: org.slf4j.event; bundle-symbolic-name="slf4j.api"; bundle-version="2.0.18"; version="2.0.18"; uses:="org.slf4j,org.slf4j.helpers"
       slf4j.api [1093]
         Unresolved requirement: Require-Capability: osgi.serviceloader; osgi.serviceloader="org.slf4j.spi.SLF4JServiceProvider"; filter:="(osgi.serviceloader=org.slf4j.spi.SLF4JServiceProvider)"
           -> Provide-Capability: osgi.serviceloader; osgi.serviceloader="org.slf4j.spi.SLF4JServiceProvider"; register:="ch.qos.logback.classic.spi.LogbackServiceProvider"
              ch.qos.logback.classic [14]
                Unresolved requirement: Import-Package: org.slf4j; version="[2.0.0,3.0.0)"
                  -> Export-Package: org.slf4j; bundle-symbolic-name="slf4j.api"; bundle-version="2.0.18"; version="2.0.18"; uses:="org.slf4j.event,org.slf4j.helpers,org.slf4j.spi"
                Unresolved requirement: Import-Package: org.slf4j.event; version="[2.0.0,3.0.0)"
                  -> Export-Package: org.slf4j.event; bundle-symbolic-name="slf4j.api"; bundle-version="2.0.18"; version="2.0.18"; uses:="org.slf4j,org.slf4j.helpers"
                Unresolved requirement: Import-Package: org.slf4j.spi; version="[2.0.0,3.0.0)"
                  -> Export-Package: org.slf4j.spi; bundle-symbolic-name="slf4j.api"; bundle-version="2.0.18"; version="2.0.18"; uses:="org.slf4j,org.slf4j.event,org.slf4j.helpers"
                Unresolved requirement: Require-Capability: osgi.extender; filter:="(&(osgi.extender=osgi.serviceloader.registrar)(version>=1.0.0)(!(version>=2.0.0)))"
                  -> Provide-Capability: osgi.extender; osgi.extender="osgi.serviceloader.registrar"; version:Version="1.0.0"
                     org.apache.aries.spifly.dynamic.bundle [97]
                       Bundle was not resolved because of a uses constraint violation.
  org.apache.felix.resolver.reason.ReasonException: Uses constraint violation. Unable to resolve resource org.apache.aries.spifly.dynamic.bundle [osgi.identity; type="osgi.bundle"; version:Version="1.3.7"; osgi.identity="org.apache.aries.spifly.dynamic.bundle"] because it is exposed to package 'org.objectweb.asm' from resources org.objectweb.asm [osgi.identity; type="osgi.bundle"; version:Version="9.9.1"; osgi.identity="org.objectweb.asm"] and org.objectweb.asm [osgi.identity; type="osgi.bundle"; version:Version="9.10.1"; osgi.identity="org.objectweb.asm"] via two dependency chains.

Chain 1:
  org.apache.aries.spifly.dynamic.bundle [osgi.identity; type="osgi.bundle"; version:Version="1.3.7"; osgi.identity="org.apache.aries.spifly.dynamic.bundle"]
    import: (&(osgi.wiring.package=org.objectweb.asm)(&(version>=9.6.0)(!(version>=10.0.0))))
     |
    export: osgi.wiring.package: org.objectweb.asm
  org.objectweb.asm [osgi.identity; type="osgi.bundle"; version:Version="9.9.1"; osgi.identity="org.objectweb.asm"]

Chain 2:
  org.apache.aries.spifly.dynamic.bundle [osgi.identity; type="osgi.bundle"; version:Version="1.3.7"; osgi.identity="org.apache.aries.spifly.dynamic.bundle"]
    import: (&(osgi.wiring.package=org.objectweb.asm.util)(&(version>=9.6.0)(!(version>=10.0.0))))
     |
    export: osgi.wiring.package=org.objectweb.asm.util; uses:=org.objectweb.asm
  org.objectweb.asm.util [osgi.identity; type="osgi.bundle"; version:Version="9.10.1"; osgi.identity="org.objectweb.asm.util"]
    import: (&(osgi.wiring.package=org.objectweb.asm)(&(version>=9.10.1)(!(version>=9.11.0))))
     |
    export: osgi.wiring.package: org.objectweb.asm
  org.objectweb.asm [osgi.identity; type="osgi.bundle"; version:Version="9.10.1"; osgi.identity="org.objectweb.asm"]                Unresolved requirement: Import-Package: org.slf4j.helpers; version="[2.0.0,3.0.0)"
                  -> Export-Package: org.slf4j.helpers; bundle-symbolic-name="slf4j.api"; bundle-version="2.0.18"; version="2.0.18"; uses:="org.slf4j,org.slf4j.event,org.slf4j.spi"
                Bundle was not resolved because of a uses constraint violation.
  org.apache.felix.resolver.reason.ReasonException: Uses constraint violation. Unable to resolve resource org.apache.aries.spifly.dynamic.bundle [osgi.identity; type="osgi.bundle"; version:Version="1.3.7"; osgi.identity="org.apache.aries.spifly.dynamic.bundle"] because it is exposed to package 'org.objectweb.asm' from resources org.objectweb.asm [osgi.identity; type="osgi.bundle"; version:Version="9.9.1"; osgi.identity="org.objectweb.asm"] and org.objectweb.asm [osgi.identity; type="osgi.bundle"; version:Version="9.10.1"; osgi.identity="org.objectweb.asm"] via two dependency chains.

Chain 1:
  org.apache.aries.spifly.dynamic.bundle [osgi.identity; type="osgi.bundle"; version:Version="1.3.7"; osgi.identity="org.apache.aries.spifly.dynamic.bundle"]
    import: (&(osgi.wiring.package=org.objectweb.asm)(&(version>=9.6.0)(!(version>=10.0.0))))
     |
    export: osgi.wiring.package: org.objectweb.asm
  org.objectweb.asm [osgi.identity; type="osgi.bundle"; version:Version="9.9.1"; osgi.identity="org.objectweb.asm"]

Chain 2:
  org.apache.aries.spifly.dynamic.bundle [osgi.identity; type="osgi.bundle"; version:Version="1.3.7"; osgi.identity="org.apache.aries.spifly.dynamic.bundle"]
    import: (&(osgi.wiring.package=org.objectweb.asm.util)(&(version>=9.6.0)(!(version>=10.0.0))))
     |
    export: osgi.wiring.package=org.objectweb.asm.util; uses:=org.objectweb.asm
  org.objectweb.asm.util [osgi.identity; type="osgi.bundle"; version:Version="9.10.1"; osgi.identity="org.objectweb.asm.util"]
    import: (&(osgi.wiring.package=org.objectweb.asm)(&(version>=9.10.1)(!(version>=9.11.0))))
     |
    export: osgi.wiring.package: org.objectweb.asm
  org.objectweb.asm [osgi.identity; type="osgi.bundle"; version:Version="9.10.1"; osgi.identity="org.objectweb.asm"]         Unresolved requirement: Require-Capability: osgi.extender; filter:="(&(osgi.extender=osgi.serviceloader.processor)(version>=1.0.0)(!(version>=2.0.0)))"
           -> Provide-Capability: osgi.extender; osgi.extender="osgi.serviceloader.processor"; version:Version="1.0.0"; uses:="org.apache.aries.spifly"
  Unresolved requirement: Import-Package: org.slf4j.spi; version="[2.0.0,3.0.0)"
    -> Export-Package: org.slf4j.spi; bundle-symbolic-name="slf4j.api"; bundle-version="2.0.18"; version="2.0.18"; uses:="org.slf4j,org.slf4j.event,org.slf4j.helpers"
  Unresolved requirement: Import-Package: org.slf4j; version="[2.0.0,3.0.0)"
    -> Export-Package: org.slf4j; bundle-symbolic-name="slf4j.api"; bundle-version="2.0.18"; version="2.0.18"; uses:="org.slf4j.event,org.slf4j.helpers,org.slf4j.spi"
  Unresolved requirement: Import-Package: org.slf4j.helpers; version="[2.0.0,3.0.0)"
    -> Export-Package: org.slf4j.helpers; bundle-symbolic-name="slf4j.api"; bundle-version="2.0.18"; version="2.0.18"; uses:="org.slf4j,org.slf4j.event,org.slf4j.spi"
  Unresolved requirement: Require-Capability: osgi.extender; filter:="(&(osgi.extender=osgi.serviceloader.registrar)(version>=1.0.0)(!(version>=2.0.0)))"
    -> Provide-Capability: osgi.extender; osgi.extender="osgi.serviceloader.registrar"; version:Version="1.0.0"
  Bundle was not resolved because of a uses constraint violation.
  org.apache.felix.resolver.reason.ReasonException: Uses constraint violation. Unable to resolve resource org.apache.aries.spifly.dynamic.bundle [osgi.identity; type="osgi.bundle"; version:Version="1.3.7"; osgi.identity="org.apache.aries.spifly.dynamic.bundle"] because it is exposed to package 'org.objectweb.asm' from resources org.objectweb.asm [osgi.identity; type="osgi.bundle"; version:Version="9.9.1"; osgi.identity="org.objectweb.asm"] and org.objectweb.asm [osgi.identity; type="osgi.bundle"; version:Version="9.10.1"; osgi.identity="org.objectweb.asm"] via two dependency chains.

Chain 1:
  org.apache.aries.spifly.dynamic.bundle [osgi.identity; type="osgi.bundle"; version:Version="1.3.7"; osgi.identity="org.apache.aries.spifly.dynamic.bundle"]
    import: (&(osgi.wiring.package=org.objectweb.asm)(&(version>=9.6.0)(!(version>=10.0.0))))
     |
    export: osgi.wiring.package: org.objectweb.asm
  org.objectweb.asm [osgi.identity; type="osgi.bundle"; version:Version="9.9.1"; osgi.identity="org.objectweb.asm"]

Chain 2:
  org.apache.aries.spifly.dynamic.bundle [osgi.identity; type="osgi.bundle"; version:Version="1.3.7"; osgi.identity="org.apache.aries.spifly.dynamic.bundle"]
    import: (&(osgi.wiring.package=org.objectweb.asm.util)(&(version>=9.6.0)(!(version>=10.0.0))))
     |
    export: osgi.wiring.package=org.objectweb.asm.util; uses:=org.objectweb.asm
  org.objectweb.asm.util [osgi.identity; type="osgi.bundle"; version:Version="9.10.1"; osgi.identity="org.objectweb.asm.util"]
    import: (&(osgi.wiring.package=org.objectweb.asm)(&(version>=9.10.1)(!(version>=9.11.0))))
     |
    export: osgi.wiring.package: org.objectweb.asm
  org.objectweb.asm [osgi.identity; type="osgi.bundle"; version:Version="9.10.1"; osgi.identity="org.objectweb.asm"]

!ENTRY org.eclipse.mylyn.jenkins.ui 2 0 2026-07-30 21:22:02.849
!MESSAGE Could not resolve module: org.eclipse.mylyn.jenkins.ui [734]
  Unresolved requirement: Require-Bundle: org.eclipse.mylyn.builds.ui; bundle-version="4.4.0"
    -> Bundle-SymbolicName: org.eclipse.mylyn.builds.ui; bundle-version="4.10.0.v20260106-1815"; singleton:="true"
       org.eclipse.mylyn.builds.ui [702]
         Unresolved requirement: Require-Bundle: org.eclipse.compare; bundle-version="0.0.0"
           -> Bundle-SymbolicName: org.eclipse.compare; bundle-version="3.12.0.v20251224-0923"; singleton:="true"
              org.eclipse.compare [173]
                Unresolved requirement: Require-Bundle: org.eclipse.ui.views; bundle-version="[3.2.0,4.0.0)"
                  -> Bundle-SymbolicName: org.eclipse.ui.views; bundle-version="3.13.0.v20251217-0909"; singleton:="true"
                     org.eclipse.ui.views [885]
                       Unresolved requirement: Require-Bundle: org.eclipse.ui; bundle-version="[3.208.0,4.0.0)"
                         -> Bundle-SymbolicName: org.eclipse.ui; bundle-version="3.208.0.v20251219-1043"; singleton:="true"
                            org.eclipse.ui [866]
                              Unresolved requirement: Require-Bundle: org.eclipse.jface; bundle-version="[3.34.0,4.0.0)"; visibility:="reexport"
                                -> Bundle-SymbolicName: org.eclipse.jface; bundle-version="3.39.0.v20260103-1533"; singleton:="true"
                                   org.eclipse.jface [510]
                                     Unresolved requirement: Require-Capability: eclipse.swt; filter:="(image.format=svg)"
                                       -> Provide-Capability: eclipse.swt; image.format="svg"; version:Version="1.0.0"
                                          org.eclipse.swt.svg [842]
                                            Unresolved requirement: Fragment-Host: org.eclipse.swt
                                            Unresolved requirement: Fragment-Host: org.eclipse.swt
                                            Unresolved requirement: Fragment-Host: org.eclipse.swt
                                            Unresolved requirement: Fragment-Host: org.eclipse.swt
                                            Unresolved requirement: Fragment-Host: org.eclipse.swt
                                            Unresolved requirement: Import-Package: com.github.weisj.jsvg; version="[2.1.0,3.0.0)"
                                              -> Export-Package: com.github.weisj.jsvg; bundle-symbolic-name="com.github.weisj.jsvg"; bundle-version="2.1.0"; version="2.1.0"; uses:="com.github.weisj.jsvg.renderer,com.github.weisj.jsvg.renderer.animation,com.github.weisj.jsvg.renderer.output,com.github.weisj.jsvg.view,javax.swing"
                                                 com.github.weisj.jsvg [21]
                                                   Unresolved requirement: Require-Capability: osgi.serviceloader; osgi.serviceloader="com.github.weisj.jsvg.logging.LogManager"; filter:="(osgi.serviceloader=com.github.weisj.jsvg.logging.LogManager)"
                                                     -> Provide-Capability: osgi.serviceloader; osgi.serviceloader="com.github.weisj.jsvg.logging.LogManager"; register:="org.eclipse.swt.svg.logging.JVSGLoggerLogManager"
                                                   Unresolved requirement: Require-Capability: osgi.extender; filter:="(&(osgi.extender=osgi.serviceloader.processor)(version>=1.0.0)(!(version>=2.0.0)))"
                                                     -> Provide-Capability: osgi.extender; osgi.extender="osgi.serviceloader.processor"; version:Version="1.0.0"; uses:="org.apache.aries.spifly"
                                                        org.apache.aries.spifly.dynamic.bundle [97]
                                                          Bundle was not resolved because of a uses constraint violation.
  org.apache.felix.resolver.reason.ReasonException: Uses constraint violation. Unable to resolve resource org.apache.aries.spifly.dynamic.bundle [osgi.identity; type="osgi.bundle"; version:Version="1.3.7"; osgi.identity="org.apache.aries.spifly.dynamic.bundle"] because it is exposed to package 'org.objectweb.asm' from resources org.objectweb.asm [osgi.identity; type="osgi.bundle"; version:Version="9.9.1"; osgi.identity="org.objectweb.asm"] and org.objectweb.asm [osgi.identity; type="osgi.bundle"; version:Version="9.10.1"; osgi.identity="org.objectweb.asm"] via two dependency chains.

Chain 1:
  org.apache.aries.spifly.dynamic.bundle [osgi.identity; type="osgi.bundle"; version:Version="1.3.7"; osgi.identity="org.apache.aries.spifly.dynamic.bundle"]
    import: (&(osgi.wiring.package=org.objectweb.asm)(&(version>=9.6.0)(!(version>=10.0.0))))
     |
    export: osgi.wiring.package: org.objectweb.asm
  org.objectweb.asm [osgi.identity; type="osgi.bundle"; version:Version="9.9.1"; osgi.identity="org.objectweb.asm"]

Chain 2:
  org.apache.aries.spifly.dynamic.bundle [osgi.identity; type="osgi.bundle"; version:Version="1.3.7"; osgi.identity="org.apache.aries.spifly.dynamic.bundle"]
    import: (&(osgi.wiring.package=org.objectweb.asm.util)(&(version>=9.6.0)(!(version>=10.0.0))))
     |
    export: osgi.wiring.package=org.objectweb.asm.util; uses:=org.objectweb.asm
  org.objectweb.asm.util [osgi.identity; type="osgi.bundle"; version:Version="9.10.1"; osgi.identity="org.objectweb.asm.util"]
    import: (&(osgi.wiring.package=org.objectweb.asm)(&(version>=9.10.1)(!(version>=9.11.0))))
     |
    export: osgi.wiring.package: org.objectweb.asm
  org.objectweb.asm [osgi.identity; type="osgi.bundle"; version:Version="9.10.1"; osgi.identity="org.objectweb.asm"]                                            Unresolved requirement: Import-Package: com.github.weisj.jsvg.logging; version="[2.1.0,3.0.0)"
                                              -> Export-Package: com.github.weisj.jsvg.logging; bundle-symbolic-name="com.github.weisj.jsvg"; bundle-version="2.1.0"; version="2.1.0"
                                            Unresolved requirement: Import-Package: com.github.weisj.jsvg.parser; version="[2.1.0,3.0.0)"
                                              -> Export-Package: com.github.weisj.jsvg.parser; bundle-symbolic-name="com.github.weisj.jsvg"; bundle-version="2.1.0"; version="2.1.0"; uses:="com.github.weisj.jsvg,com.github.weisj.jsvg.paint,com.github.weisj.jsvg.parser.css,com.github.weisj.jsvg.parser.impl,com.github.weisj.jsvg.parser.resources,javax.xml.stream"
                                            Unresolved requirement: Import-Package: com.github.weisj.jsvg.view; version="[2.1.0,3.0.0)"
                                              -> Export-Package: com.github.weisj.jsvg.view; bundle-symbolic-name="com.github.weisj.jsvg"; bundle-version="2.1.0"; version="2.1.0"
                              Unresolved requirement: Require-Bundle: org.eclipse.ui.workbench; bundle-version="[3.130.0,4.0.0)"; visibility:="reexport"
                                -> Bundle-SymbolicName: org.eclipse.ui.workbench; bundle-version="3.138.0.v20260103-1852"; singleton:="true"
                                   org.eclipse.ui.workbench [889]
                                     Unresolved requirement: Import-Package: org.eclipse.e4.ui.internal.workbench.renderers.swt
                                       -> Export-Package: org.eclipse.e4.ui.internal.workbench.renderers.swt; bundle-symbolic-name="org.eclipse.e4.ui.workbench.renderers.swt"; bundle-version="0.17.0.v20251218-1448"; version="0.0.0"; x-friends:="org.eclipse.ui.workbench"
                                          org.eclipse.e4.ui.workbench.renderers.swt [344]
                                            Unresolved requirement: Require-Bundle: org.eclipse.e4.ui.bindings; bundle-version="0.9.0"
                                              -> Bundle-SymbolicName: org.eclipse.e4.ui.bindings; bundle-version="0.15.0.v20251216-1230"; singleton:="true"
                                                 org.eclipse.e4.ui.bindings [330]
                                                   Unresolved requirement: Import-Package: org.eclipse.jface.window
                                                     -> Export-Package: org.eclipse.jface.window; bundle-symbolic-name="org.eclipse.jface"; bundle-version="3.39.0.v20260103-1533"; version="0.0.0"
                                                   Unresolved requirement: Import-Package: org.eclipse.jface.bindings.keys
                                                     -> Export-Package: org.eclipse.jface.bindings.keys; bundle-symbolic-name="org.eclipse.jface"; bundle-version="3.39.0.v20260103-1533"; version="0.0.0"
                                                   Unresolved requirement: Import-Package: org.eclipse.jface.bindings
                                                     -> Export-Package: org.eclipse.jface.bindings; bundle-symbolic-name="org.eclipse.jface"; bundle-version="3.39.0.v20260103-1533"; version="0.0.0"
                                                   Unresolved requirement: Import-Package: org.eclipse.jface.dialogs
                                                     -> Export-Package: org.eclipse.jface.dialogs; bundle-symbolic-name="org.eclipse.jface"; bundle-version="3.39.0.v20260103-1533"; version="0.0.0"
                                            Unresolved requirement: Require-Bundle: org.eclipse.e4.ui.css.swt; bundle-version="0.11.0"
                                              -> Bundle-SymbolicName: org.eclipse.e4.ui.css.swt; bundle-version="0.16.0.v20251216-1230"; singleton:="true"
                                                 org.eclipse.e4.ui.css.swt [332]
                                                   Unresolved requirement: Import-Package: org.eclipse.jface.resource
                                                     -> Export-Package: org.eclipse.jface.resource; bundle-symbolic-name="org.eclipse.jface"; bundle-version="3.39.0.v20260103-1533"; version="0.0.0"
                                            Unresolved requirement: Require-Bundle: org.eclipse.e4.ui.workbench.swt; bundle-version="0.9.0"
                                              -> Bundle-SymbolicName: org.eclipse.e4.ui.workbench.swt; bundle-version="0.18.0.v20251223-1034"; singleton:="true"
                                                 org.eclipse.e4.ui.workbench.swt [345]
                                                   Unresolved requirement: Require-Capability: eclipse.swt; filter:="(image.format=svg)"
                                                     -> Provide-Capability: eclipse.swt; image.format="svg"; version:Version="1.0.0"
                                                   Unresolved requirement: Require-Bundle: org.eclipse.e4.ui.css.swt; bundle-version="0.13.100"
                                                     -> Bundle-SymbolicName: org.eclipse.e4.ui.css.swt; bundle-version="0.16.0.v20251216-1230"; singleton:="true"
                                                   Unresolved requirement: Require-Bundle: org.eclipse.jface.databinding; bundle-version="[1.3.0,2.0.0)"
                                                     -> Bundle-SymbolicName: org.eclipse.jface.databinding; bundle-version="1.16.0.v20251216-1230"
                                                        org.eclipse.jface.databinding [511]
                                                          Unresolved requirement: Require-Bundle: org.eclipse.jface; bundle-version="[3.2.0,4.0.0)"
                                                            -> Bundle-SymbolicName: org.eclipse.jface; bundle-version="3.39.0.v20260103-1533"; singleton:="true"
                                                   Unresolved requirement: Require-Bundle: org.eclipse.e4.ui.dialogs; bundle-version="1.1.600"
                                                     -> Bundle-SymbolicName: org.eclipse.e4.ui.dialogs; bundle-version="1.7.0.v20251222-0947"
                                                        org.eclipse.e4.ui.dialogs [335]
                                                          Unresolved requirement: Require-Capability: eclipse.swt; filter:="(image.format=svg)"
                                                            -> Provide-Capability: eclipse.swt; image.format="svg"; version:Version="1.0.0"
                                                          Unresolved requirement: Require-Bundle: org.eclipse.jface; bundle-version="3.39.0"
                                                            -> Bundle-SymbolicName: org.eclipse.jface; bundle-version="3.39.0.v20260103-1533"; singleton:="true"
                                                   Unresolved requirement: Require-Bundle: org.eclipse.e4.ui.bindings; bundle-version="0.9.0"
                                                     -> Bundle-SymbolicName: org.eclipse.e4.ui.bindings; bundle-version="0.15.0.v20251216-1230"; singleton:="true"
                                                   Unresolved requirement: Require-Bundle: org.eclipse.jface; bundle-version="[3.39.0,4.0.0)"
                                                     -> Bundle-SymbolicName: org.eclipse.jface; bundle-version="3.39.0.v20260103-1533"; singleton:="true"
                                                   Unresolved requirement: Require-Bundle: org.eclipse.e4.ui.css.swt.theme; bundle-version="0.12.0"
                                                     -> Bundle-SymbolicName: org.eclipse.e4.ui.css.swt.theme; bundle-version="0.15.0.v20251216-1230"; singleton:="true"
                                                        org.eclipse.e4.ui.css.swt.theme [333]
                                                          Unresolved requirement: Require-Bundle: org.eclipse.e4.ui.css.swt; bundle-version="0.13.100"
                                                            -> Bundle-SymbolicName: org.eclipse.e4.ui.css.swt; bundle-version="0.16.0.v20251216-1230"; singleton:="true"
                                            Unresolved requirement: Require-Bundle: org.eclipse.jface; bundle-version="[3.15.0,4.0.0)"
                                              -> Bundle-SymbolicName: org.eclipse.jface; bundle-version="3.39.0.v20260103-1533"; singleton:="true"
                                            Unresolved requirement: Require-Capability: eclipse.swt; filter:="(image.format=svg)"
                                              -> Provide-Capability: eclipse.swt; image.format="svg"; version:Version="1.0.0"
                                     Unresolved requirement: Import-Package: org.eclipse.e4.ui.workbench.renderers.swt
                                       -> Export-Package: org.eclipse.e4.ui.workbench.renderers.swt; bundle-symbolic-name="org.eclipse.e4.ui.workbench.renderers.swt"; bundle-version="0.17.0.v20251218-1448"; version="0.0.0"; x-friends:="org.eclipse.e4.ui.workbench.addons.swt,org.eclipse.ui.workbench"
                                     Unresolved requirement: Import-Package: org.eclipse.e4.ui.internal.workbench.swt
                                       -> Export-Package: org.eclipse.e4.ui.internal.workbench.swt; bundle-symbolic-name="org.eclipse.e4.ui.workbench.swt"; bundle-version="0.18.0.v20251223-1034"; version="0.0.0"; x-friends:="org.eclipse.e4.ui.workbench.addons.swt,  org.eclipse.e4.ui.workbench.renderers.swt,  org.eclipse.ui.workbench,  org.eclipse.e4.ui.bindings.tests"
                              Unresolved requirement: Require-Capability: eclipse.swt; filter:="(image.format=svg)"
                                -> Provide-Capability: eclipse.swt; image.format="svg"; version:Version="1.0.0"
                       Unresolved requirement: Require-Bundle: org.eclipse.jface; bundle-version="[3.39.0,4.0.0)"
                         -> Bundle-SymbolicName: org.eclipse.jface; bundle-version="3.39.0.v20260103-1533"; singleton:="true"
                Unresolved requirement: Require-Bundle: org.eclipse.ui.forms; bundle-version="[3.2.0,4.0.0)"
                  -> Bundle-SymbolicName: org.eclipse.ui.forms; bundle-version="3.14.0.v20251218-0813"; singleton:="true"
                     org.eclipse.ui.forms [872]
                       Unresolved requirement: Require-Capability: eclipse.swt; filter:="(image.format=svg)"
                         -> Provide-Capability: eclipse.swt; image.format="svg"; version:Version="1.0.0"
                       Unresolved requirement: Require-Bundle: org.eclipse.jface; bundle-version="[3.18.0,4.0.0)"
                         -> Bundle-SymbolicName: org.eclipse.jface; bundle-version="3.39.0.v20260103-1533"; singleton:="true"
                       Unresolved requirement: Require-Bundle: org.eclipse.e4.ui.css.swt; bundle-version="0.16.0"
                         -> Bundle-SymbolicName: org.eclipse.e4.ui.css.swt; bundle-version="0.16.0.v20251216-1230"; singleton:="true"
                Unresolved requirement: Require-Capability: eclipse.swt; filter:="(image.format=svg)"
                  -> Provide-Capability: eclipse.swt; image.format="svg"; version:Version="1.0.0"
                Unresolved requirement: Require-Bundle: org.eclipse.jface.text; bundle-version="[3.8.0,4.0.0)"
                  -> Bundle-SymbolicName: org.eclipse.jface.text; bundle-version="3.30.0.v20251218-1237"
                     org.eclipse.jface.text [513]
                       Unresolved requirement: Require-Bundle: org.eclipse.jface; bundle-version="[3.39.0,4.0.0)"
                         -> Bundle-SymbolicName: org.eclipse.jface; bundle-version="3.39.0.v20260103-1533"; singleton:="true"
                       Unresolved requirement: Require-Capability: eclipse.swt; filter:="(image.format=svg)"
                         -> Provide-Capability: eclipse.swt; image.format="svg"; version:Version="1.0.0"
                Unresolved requirement: Require-Bundle: org.eclipse.ui; bundle-version="[3.206.0,4.0.0)"
                  -> Bundle-SymbolicName: org.eclipse.ui; bundle-version="3.208.0.v20251219-1043"; singleton:="true"
                Unresolved requirement: Require-Bundle: org.eclipse.ui.ide; bundle-version="[3.3.0,4.0.0)"
                  -> Bundle-SymbolicName: org.eclipse.ui.ide; bundle-version="3.23.0.v20260103-1639"; singleton:="true"
                     org.eclipse.ui.ide [874]
                       Unresolved requirement: Require-Bundle: org.eclipse.jface.text; bundle-version="[3.24.0,4.0.0)"
                         -> Bundle-SymbolicName: org.eclipse.jface.text; bundle-version="3.30.0.v20251218-1237"
                       Unresolved requirement: Require-Bundle: org.eclipse.ui.navigator; bundle-version="3.12.0"
                         -> Bundle-SymbolicName: org.eclipse.ui.navigator; bundle-version="3.14.0.v20260103-1533"; singleton:="true"
                            org.eclipse.ui.navigator [880]
                              Unresolved requirement: Require-Bundle: org.eclipse.ui; bundle-version="[3.208.0,4.0.0)"
                                -> Bundle-SymbolicName: org.eclipse.ui; bundle-version="3.208.0.v20251219-1043"; singleton:="true"
                       Unresolved requirement: Require-Capability: eclipse.swt; filter:="(image.format=svg)"
                         -> Provide-Capability: eclipse.swt; image.format="svg"; version:Version="1.0.0"
                       Unresolved requirement: Require-Bundle: org.eclipse.ui; bundle-version="[3.208.0,4.0.0)"
                         -> Bundle-SymbolicName: org.eclipse.ui; bundle-version="3.208.0.v20251219-1043"; singleton:="true"
                Unresolved requirement: Require-Bundle: org.eclipse.ui.editors; bundle-version="[3.19.0,4.0.0)"
                  -> Bundle-SymbolicName: org.eclipse.ui.editors; bundle-version="3.21.0.v20251217-0909"; singleton:="true"
                     org.eclipse.ui.editors [870]
                       Unresolved requirement: Require-Bundle: org.eclipse.ui; bundle-version="[3.208.0,4.0.0)"
                         -> Bundle-SymbolicName: org.eclipse.ui; bundle-version="3.208.0.v20251219-1043"; singleton:="true"
                       Unresolved requirement: Require-Bundle: org.eclipse.ui.ide; bundle-version="[3.21.0,4.0.0)"
                         -> Bundle-SymbolicName: org.eclipse.ui.ide; bundle-version="3.23.0.v20260103-1639"; singleton:="true"
                Unresolved requirement: Require-Bundle: org.eclipse.ui.workbench.texteditor; bundle-version="[3.5.0,4.0.0)"
                  -> Bundle-SymbolicName: org.eclipse.ui.workbench.texteditor; bundle-version="3.20.0.v20251218-0813"; singleton:="true"
                     org.eclipse.ui.workbench.texteditor [890]
                       Unresolved requirement: Require-Bundle: org.eclipse.ui; bundle-version="[3.208.0,4.0.0)"
                         -> Bundle-SymbolicName: org.eclipse.ui; bundle-version="3.208.0.v20251219-1043"; singleton:="true"
                       Unresolved requirement: Require-Bundle: org.eclipse.jface.text; bundle-version="[3.19.0,4.0.0)"
                         -> Bundle-SymbolicName: org.eclipse.jface.text; bundle-version="3.30.0.v20251218-1237"


!ENTRY org.sonarlint.eclipse.ui 2 0 2026-07-30 21:22:02.855
!MESSAGE Could not resolve module: org.sonarlint.eclipse.ui [1089]
  Unresolved requirement: Require-Bundle: org.eclipse.ui
    -> Bundle-SymbolicName: org.eclipse.ui; bundle-version="3.208.0.v20251219-1043"; singleton:="true"
       org.eclipse.ui [866]
         Unresolved requirement: Require-Bundle: org.eclipse.jface; bundle-version="[3.34.0,4.0.0)"; visibility:="reexport"
           -> Bundle-SymbolicName: org.eclipse.jface; bundle-version="3.39.0.v20260103-1533"; singleton:="true"
              org.eclipse.jface [510]
                Unresolved requirement: Require-Capability: eclipse.swt; filter:="(image.format=svg)"
                  -> Provide-Capability: eclipse.swt; image.format="svg"; version:Version="1.0.0"
                     org.eclipse.swt.svg [842]
                       Unresolved requirement: Fragment-Host: org.eclipse.swt
                       Unresolved requirement: Fragment-Host: org.eclipse.swt
                       Unresolved requirement: Fragment-Host: org.eclipse.swt
                       Unresolved requirement: Fragment-Host: org.eclipse.swt
                       Unresolved requirement: Fragment-Host: org.eclipse.swt
                       Unresolved requirement: Import-Package: com.github.weisj.jsvg; version="[2.1.0,3.0.0)"
                         -> Export-Package: com.github.weisj.jsvg; bundle-symbolic-name="com.github.weisj.jsvg"; bundle-version="2.1.0"; version="2.1.0"; uses:="com.github.weisj.jsvg.renderer,com.github.weisj.jsvg.renderer.animation,com.github.weisj.jsvg.renderer.output,com.github.weisj.jsvg.view,javax.swing"
                            com.github.weisj.jsvg [21]
                              Unresolved requirement: Require-Capability: osgi.serviceloader; osgi.serviceloader="com.github.weisj.jsvg.logging.LogManager"; filter:="(osgi.serviceloader=com.github.weisj.jsvg.logging.LogManager)"
                                -> Provide-Capability: osgi.serviceloader; osgi.serviceloader="com.github.weisj.jsvg.logging.LogManager"; register:="org.eclipse.swt.svg.logging.JVSGLoggerLogManager"
                              Unresolved requirement: Require-Capability: osgi.extender; filter:="(&(osgi.extender=osgi.serviceloader.processor)(version>=1.0.0)(!(version>=2.0.0)))"
                                -> Provide-Capability: osgi.extender; osgi.extender="osgi.serviceloader.processor"; version:Version="1.0.0"; uses:="org.apache.aries.spifly"
                                   org.apache.aries.spifly.dynamic.bundle [97]
                                     Bundle was not resolved because of a uses constraint violation.
  org.apache.felix.resolver.reason.ReasonException: Uses constraint violation. Unable to resolve resource org.apache.aries.spifly.dynamic.bundle [osgi.identity; type="osgi.bundle"; version:Version="1.3.7"; osgi.identity="org.apache.aries.spifly.dynamic.bundle"] because it is exposed to package 'org.objectweb.asm' from resources org.objectweb.asm [osgi.identity; type="osgi.bundle"; version:Version="9.9.1"; osgi.identity="org.objectweb.asm"] and org.objectweb.asm [osgi.identity; type="osgi.bundle"; version:Version="9.10.1"; osgi.identity="org.objectweb.asm"] via two dependency chains.

Chain 1:
  org.apache.aries.spifly.dynamic.bundle [osgi.identity; type="osgi.bundle"; version:Version="1.3.7"; osgi.identity="org.apache.aries.spifly.dynamic.bundle"]
    import: (&(osgi.wiring.package=org.objectweb.asm)(&(version>=9.6.0)(!(version>=10.0.0))))
     |
    export: osgi.wiring.package: org.objectweb.asm
  org.objectweb.asm [osgi.identity; type="osgi.bundle"; version:Version="9.9.1"; osgi.identity="org.objectweb.asm"]

Chain 2:
  org.apache.aries.spifly.dynamic.bundle [osgi.identity; type="osgi.bundle"; version:Version="1.3.7"; osgi.identity="org.apache.aries.spifly.dynamic.bundle"]
    import: (&(osgi.wiring.package=org.objectweb.asm.util)(&(version>=9.6.0)(!(version>=10.0.0))))
     |
    export: osgi.wiring.package=org.objectweb.asm.util; uses:=org.objectweb.asm
  org.objectweb.asm.util [osgi.identity; type="osgi.bundle"; version:Version="9.10.1"; osgi.identity="org.objectweb.asm.util"]
    import: (&(osgi.wiring.package=org.objectweb.asm)(&(version>=9.10.1)(!(version>=9.11.0))))
     |
    export: osgi.wiring.package: org.objectweb.asm
  org.objectweb.asm [osgi.identity; type="osgi.bundle"; version:Version="9.10.1"; osgi.identity="org.objectweb.asm"]                       Unresolved requirement: Import-Package: com.github.weisj.jsvg.logging; version="[2.1.0,3.0.0)"
                         -> Export-Package: com.github.weisj.jsvg.logging; bundle-symbolic-name="com.github.weisj.jsvg"; bundle-version="2.1.0"; version="2.1.0"
                       Unresolved requirement: Import-Package: com.github.weisj.jsvg.parser; version="[2.1.0,3.0.0)"
                         -> Export-Package: com.github.weisj.jsvg.parser; bundle-symbolic-name="com.github.weisj.jsvg"; bundle-version="2.1.0"; version="2.1.0"; uses:="com.github.weisj.jsvg,com.github.weisj.jsvg.paint,com.github.weisj.jsvg.parser.css,com.github.weisj.jsvg.parser.impl,com.github.weisj.jsvg.parser.resources,javax.xml.stream"
                       Unresolved requirement: Import-Package: com.github.weisj.jsvg.view; version="[2.1.0,3.0.0)"
                         -> Export-Package: com.github.weisj.jsvg.view; bundle-symbolic-name="com.github.weisj.jsvg"; bundle-version="2.1.0"; version="2.1.0"
         Unresolved requirement: Require-Bundle: org.eclipse.ui.workbench; bundle-version="[3.130.0,4.0.0)"; visibility:="reexport"
           -> Bundle-SymbolicName: org.eclipse.ui.workbench; bundle-version="3.138.0.v20260103-1852"; singleton:="true"
              org.eclipse.ui.workbench [889]
                Unresolved requirement: Import-Package: org.eclipse.e4.ui.internal.workbench.renderers.swt
                  -> Export-Package: org.eclipse.e4.ui.internal.workbench.renderers.swt; bundle-symbolic-name="org.eclipse.e4.ui.workbench.renderers.swt"; bundle-version="0.17.0.v20251218-1448"; version="0.0.0"; x-friends:="org.eclipse.ui.workbench"
                     org.eclipse.e4.ui.workbench.renderers.swt [344]
                       Unresolved requirement: Require-Bundle: org.eclipse.e4.ui.bindings; bundle-version="0.9.0"
                         -> Bundle-SymbolicName: org.eclipse.e4.ui.bindings; bundle-version="0.15.0.v20251216-1230"; singleton:="true"
                            org.eclipse.e4.ui.bindings [330]
                              Unresolved requirement: Import-Package: org.eclipse.jface.window
                                -> Export-Package: org.eclipse.jface.window; bundle-symbolic-name="org.eclipse.jface"; bundle-version="3.39.0.v20260103-1533"; version="0.0.0"
                              Unresolved requirement: Import-Package: org.eclipse.jface.bindings.keys
                                -> Export-Package: org.eclipse.jface.bindings.keys; bundle-symbolic-name="org.eclipse.jface"; bundle-version="3.39.0.v20260103-1533"; version="0.0.0"
                              Unresolved requirement: Import-Package: org.eclipse.jface.bindings
                                -> Export-Package: org.eclipse.jface.bindings; bundle-symbolic-name="org.eclipse.jface"; bundle-version="3.39.0.v20260103-1533"; version="0.0.0"
                              Unresolved requirement: Import-Package: org.eclipse.jface.dialogs
                                -> Export-Package: org.eclipse.jface.dialogs; bundle-symbolic-name="org.eclipse.jface"; bundle-version="3.39.0.v20260103-1533"; version="0.0.0"
                       Unresolved requirement: Require-Bundle: org.eclipse.e4.ui.css.swt; bundle-version="0.11.0"
                         -> Bundle-SymbolicName: org.eclipse.e4.ui.css.swt; bundle-version="0.16.0.v20251216-1230"; singleton:="true"
                            org.eclipse.e4.ui.css.swt [332]
                              Unresolved requirement: Import-Package: org.eclipse.jface.resource
                                -> Export-Package: org.eclipse.jface.resource; bundle-symbolic-name="org.eclipse.jface"; bundle-version="3.39.0.v20260103-1533"; version="0.0.0"
                       Unresolved requirement: Require-Bundle: org.eclipse.e4.ui.workbench.swt; bundle-version="0.9.0"
                         -> Bundle-SymbolicName: org.eclipse.e4.ui.workbench.swt; bundle-version="0.18.0.v20251223-1034"; singleton:="true"
                            org.eclipse.e4.ui.workbench.swt [345]
                              Unresolved requirement: Require-Capability: eclipse.swt; filter:="(image.format=svg)"
                                -> Provide-Capability: eclipse.swt; image.format="svg"; version:Version="1.0.0"
                              Unresolved requirement: Require-Bundle: org.eclipse.e4.ui.css.swt; bundle-version="0.13.100"
                                -> Bundle-SymbolicName: org.eclipse.e4.ui.css.swt; bundle-version="0.16.0.v20251216-1230"; singleton:="true"
                              Unresolved requirement: Require-Bundle: org.eclipse.jface.databinding; bundle-version="[1.3.0,2.0.0)"
                                -> Bundle-SymbolicName: org.eclipse.jface.databinding; bundle-version="1.16.0.v20251216-1230"
                                   org.eclipse.jface.databinding [511]
                                     Unresolved requirement: Require-Bundle: org.eclipse.jface; bundle-version="[3.2.0,4.0.0)"
                                       -> Bundle-SymbolicName: org.eclipse.jface; bundle-version="3.39.0.v20260103-1533"; singleton:="true"
                              Unresolved requirement: Require-Bundle: org.eclipse.e4.ui.dialogs; bundle-version="1.1.600"
                                -> Bundle-SymbolicName: org.eclipse.e4.ui.dialogs; bundle-version="1.7.0.v20251222-0947"
                                   org.eclipse.e4.ui.dialogs [335]
                                     Unresolved requirement: Require-Capability: eclipse.swt; filter:="(image.format=svg)"
                                       -> Provide-Capability: eclipse.swt; image.format="svg"; version:Version="1.0.0"
                                     Unresolved requirement: Require-Bundle: org.eclipse.jface; bundle-version="3.39.0"
                                       -> Bundle-SymbolicName: org.eclipse.jface; bundle-version="3.39.0.v20260103-1533"; singleton:="true"
                              Unresolved requirement: Require-Bundle: org.eclipse.e4.ui.bindings; bundle-version="0.9.0"
                                -> Bundle-SymbolicName: org.eclipse.e4.ui.bindings; bundle-version="0.15.0.v20251216-1230"; singleton:="true"
                              Unresolved requirement: Require-Bundle: org.eclipse.jface; bundle-version="[3.39.0,4.0.0)"
                                -> Bundle-SymbolicName: org.eclipse.jface; bundle-version="3.39.0.v20260103-1533"; singleton:="true"
                              Unresolved requirement: Require-Bundle: org.eclipse.e4.ui.css.swt.theme; bundle-version="0.12.0"
                                -> Bundle-SymbolicName: org.eclipse.e4.ui.css.swt.theme; bundle-version="0.15.0.v20251216-1230"; singleton:="true"
                                   org.eclipse.e4.ui.css.swt.theme [333]
                                     Unresolved requirement: Require-Bundle: org.eclipse.e4.ui.css.swt; bundle-version="0.13.100"
                                       -> Bundle-SymbolicName: org.eclipse.e4.ui.css.swt; bundle-version="0.16.0.v20251216-1230"; singleton:="true"
                       Unresolved requirement: Require-Bundle: org.eclipse.jface; bundle-version="[3.15.0,4.0.0)"
                         -> Bundle-SymbolicName: org.eclipse.jface; bundle-version="3.39.0.v20260103-1533"; singleton:="true"
                       Unresolved requirement: Require-Capability: eclipse.swt; filter:="(image.format=svg)"
                         -> Provide-Capability: eclipse.swt; image.format="svg"; version:Version="1.0.0"
                Unresolved requirement: Import-Package: org.eclipse.e4.ui.workbench.renderers.swt
                  -> Export-Package: org.eclipse.e4.ui.workbench.renderers.swt; bundle-symbolic-name="org.eclipse.e4.ui.workbench.renderers.swt"; bundle-version="0.17.0.v20251218-1448"; version="0.0.0"; x-friends:="org.eclipse.e4.ui.workbench.addons.swt,org.eclipse.ui.workbench"
                Unresolved requirement: Import-Package: org.eclipse.e4.ui.internal.workbench.swt
                  -> Export-Package: org.eclipse.e4.ui.internal.workbench.swt; bundle-symbolic-name="org.eclipse.e4.ui.workbench.swt"; bundle-version="0.18.0.v20251223-1034"; version="0.0.0"; x-friends:="org.eclipse.e4.ui.workbench.addons.swt,  org.eclipse.e4.ui.workbench.renderers.swt,  org.eclipse.ui.workbench,  org.eclipse.e4.ui.bindings.tests"
         Unresolved requirement: Require-Capability: eclipse.swt; filter:="(image.format=svg)"
           -> Provide-Capability: eclipse.swt; image.format="svg"; version:Version="1.0.0"


!ENTRY org.eclipse.osgi 4 0 2026-07-30 21:22:02.910
!MESSAGE Application error
!STACK 1
java.lang.RuntimeException: Application "org.eclipse.ui.ide.workbench" could not be found in the registry. The applications available are: org.eclipse.ant.core.antRunner, org.eclipse.datatools.connectivity.console.profile.StorageFileEditor, org.eclipse.emf.codegen.CodeGen, org.eclipse.emf.codegen.JMerger, org.eclipse.emf.codegen.ecore.Generator, org.eclipse.emf.importer.ecore.Ecore2GenModel, org.eclipse.emf.importer.java.Java2GenModel, org.eclipse.emf.importer.rose.Rose2GenModel, org.eclipse.equinox.app.error, org.eclipse.equinox.p2.director, org.eclipse.equinox.p2.garbagecollector.application, org.eclipse.equinox.p2.publisher.InstallPublisher, org.eclipse.equinox.p2.publisher.EclipseGenerator, org.eclipse.equinox.p2.publisher.ProductPublisher, org.eclipse.equinox.p2.publisher.FeaturesAndBundlesPublisher, org.eclipse.equinox.p2.reconciler.application, org.eclipse.equinox.p2.repository.repo2runnable, org.eclipse.equinox.p2.repository.metadataverifier, org.eclipse.equinox.p2.artifact.repository.mirrorApplication, org.eclipse.equinox.p2.metadata.repository.mirrorApplication, org.eclipse.equinox.p2.touchpoint.natives.nativePackageExtractor, org.eclipse.equinox.p2.updatesite.UpdateSitePublisher, org.eclipse.equinox.p2.publisher.UpdateSitePublisher, org.eclipse.equinox.p2.publisher.CategoryPublisher, org.eclipse.help.base.infocenterApplication, org.eclipse.help.base.helpApplication, org.eclipse.help.base.indexTool, org.eclipse.jdt.apt.core.aptBuild, org.eclipse.jdt.core.JavaIndexer, org.eclipse.jdt.core.JavaCodeFormatter, org.eclipse.oomph.p2.core.RepositoryIntegrityAnalyzer, org.eclipse.oomph.p2.core.RepositoryFinder, org.eclipse.oomph.p2.core.P2Indexer, org.eclipse.oomph.util.HTTPServer, org.eclipse.pde.build.Build, org.eclipse.pde.junit.runtime.uitestapplication, org.eclipse.pde.junit.runtime.coretestapplication, org.eclipse.pde.junit.runtime.coretestapplicationnonmain, org.eclipse.pde.junit.runtime.nonuithreadtestapplication, org.eclipse.wst.jsdt.core.JavaCodeFormatter.
	at org.eclipse.equinox.internal.app.EclipseAppContainer.startDefaultApp(EclipseAppContainer.java:270)
	at org.eclipse.equinox.internal.app.MainApplicationLauncher.run(MainApplicationLauncher.java:34)
	at org.eclipse.core.runtime.internal.adaptor.EclipseAppLauncher.runApplication(EclipseAppLauncher.java:149)
	at org.eclipse.core.runtime.internal.adaptor.EclipseAppLauncher.start(EclipseAppLauncher.java:115)
	at org.eclipse.core.runtime.adaptor.EclipseStarter.run(EclipseStarter.java:467)
	at org.eclipse.core.runtime.adaptor.EclipseStarter.run(EclipseStarter.java:298)
	at java.base/jdk.internal.reflect.DirectMethodHandleAccessor.invoke(DirectMethodHandleAccessor.java:103)
	at java.base/java.lang.reflect.Method.invoke(Method.java:580)
	at org.eclipse.equinox.launcher.Main.invokeFramework(Main.java:615)
	at org.eclipse.equinox.launcher.Main.basicRun(Main.java:563)
	at org.eclipse.equinox.launcher.Main.run(Main.java:1415)
